PlanetIndex,star_class,star_temperature_in_Kelvin,star_radius_in_Solar_radii,distance_from_Earth_to_the_system_in_parsecs,semimajor_axis_of_the_planet_in_AU,planet_radius_in_km,planet_density,planet_surface_pressure_bars,kappa,gamma1,gamma2,alpha,beta,planet_surface_temperature_Kelvin,H2O,CO2,O2,N2,CH4,N2O,CO,O3,SO2,NH3,C2H6,NO2,planet_atmospheres_avg_mol_wgt,planets_mean_surface_albedo
0000000,5,3865.8815448891187,0.6116956248424297,8.641153238276944,0.2368616196867113,5547.156365434993,5.2366107553353,3.1328216828535664,-2.7298049928238024,0.6745014528421085,-0.5045616265418303,0.530267925003812,0.9461553940331668,305.64088407434184,0.022347802643219828,0.32654918322202364,0.4293763267969328,0.15685487867932002,0.0414861544711336,0.009597831896157732,0.0005687861558037527,0.0033016133420139663,0.008869041041659892,0.0008752626169586287,0.00016421836301397553,0.000008900771762236293,34.758161027570445,0.13945887173776392
0000001,3,6021.794550637255,1.8676464918531708,14.332857949630643,1.7151269154746736,4784.145072915197,4.995815011139473,4.638380406694414,-2.7453237571350853,0.7356221342200313,-0.2869478937567942,0.6416656131407901,0.7561375682152724,237.46414354695884,0.0437250069843814,0.6621657541754187,0.11537089979716672,0.09820018262182958,0.047714747380451436,0.00810868706798677,0.004632778059064672,0.001051341721723483,0.016843595918889485,0.0021472477809425213,0.00002932660893666093,0.000010431883208398605,38.791946640905614,0.46495312938829336
0000010,3,7048.490940428495,1.8027187343360924,10.381273773672426,2.7234816011052634,8945.114023774577,6.792732348239765,0.5169227991476653,-3.3349435361944204,-1.1083801473868042,-1.1576090348411534,0.009680297333955257,0.9084740587735112,224.79978040710097,0.032582868646379784,0.4704090292319284,0.1191317221336019,0.32351889225321245,0.0359106107712179,0.0025270851771750803,0.004367523072754288,0.000006218081471855868,0.009789724142800119,0.001742814297921807,0.0000031188721071426785,0.000010393319429204438,35.63211469088884,0.12574665907119764
0000100,3,6762.212094349183,1.4380921420797148,12.628664435801912,1.440168800491931,6575.976412112973,5.594037483809914,3.4938371852225933,-2.3714507336358848,-1.118672826705717,-0.2593577327432586,0.06708339023053222,0.8047572570901943,397.8732927472923,0.03442976248220312,0.2710150783165976,0.0058975888081529435,0.6398336484927686,0.017137126036580123,0.008888698807984513,0.009968388310321057,0.00004275310015586643,0.010031095963575674,0.002714735413487809,0.00003738987592911086,0.0000037343922439415204,32.29787280475318,0.6610263896832298
0000101,4,5521.426530914197,1.1170463165357232,3.352568823508302,1.2969536172830156,4181.122161728975,4.899522886050813,0.4233221202239602,-3.4269700831119394,0.9651370080172796,-0.12396036622704809,0.018266476176749924,1.0913445787771479,241.39533130869086,0.03988067014381791,0.40744601657434226,0.4001428775199867,0.10692986514438761,0.02184711473420862,0.004954060941355214,0.0070239050542130815,0.0027023221022816663,0.007617504262583673,0.0013576098557943825,0.00009025320081528595,0.000007800466213716966,35.85887317492038,0.4985198480176052
0000102,4,5768.399464524855,1.2730024795509132,2.1967102524700697,1.8233980322435477,4457.262357442435,4.908516126538615,2.0550554752776735,-2.0745776746725593,-0.09526656995262894,-0.7637693467464257,0.45572917254010303,0.8514682021851201,239.85250168974156,0.036778008799326446,0.0008198687350957975,0.20129403123750125,0.640176644386698,0.06494699772564505,0.00517879256730555,0.001645421863375487,0.00009093307266556148,0.030590995946122815,0.01814089813642849,0.00033046491173744074,0.000006942618098031888,28.67185362341625,0.5466727047460238
0000103,5,4871.343654161338,0.7704140494581794,10.103120040921988,0.6995067428824184,6440.137126935264,5.430598006061047,2.699336359452528,-2.8746960402874757,-0.37105642135268835,-1.0571833410997884,0.7252428052357548,0.8374691346037478,255.0257518198523,0.03700985795979221,0.38900804970163805,0.4211610982006994,0.10167934896956353,0.02719873248578256,0.008897129492741514,0.0032124028281045446,0.0016768135727981215,0.006120267310213164,0.0038154928119121943,0.00021735328009514122,0.0000034533866594972577,35.57386051628933,0.7328581142049351
0000104,5,5045.670895222957,0.7514060724792715,6.176267528634322,1.0461520070780026,4362.894181951691,4.959063012439009,2.6369649079025352,-3.4886639965093194,1.05691807368339,-0.41753555338353276,0.4391194934281514,1.013659507745994,200.9880799656523,0.01307843410415766,0.3149946491842572,0.310704258912733,0.31819160851825795,0.03301788754841603,0.00006614198906296784,0.007174502330678724,0.001526139730677678,0.00034339319125536256,0.0008259185382097691,0.00006994022236970979,0.000007125729924052319,33.799558403557434,0.38715219130192124
0000105,5,4987.392923678362,0.6273420256905838,14.92217484018772,0.6041670886094871,9211.203256031346,7.04224840094112,0.8774324083705961,-2.8137986489546796,-0.3350469810064822,-1.2525912006015054,0.42730420647905265,0.7292300233516678,180.28781946984628,0.051627901755461274,0.5123783651848023,0.05398200483520649,0.3505692344059622,0.006385736629396361,0.009253381877880662,0.002927313774491032,0.00019028570303052,0.010589991795907597,0.002072933995394511,0.000020803939212243728,0.0000020461032547483387,36.343301891038884,0.6780094704767325
0000106,3,6436.877928420107,1.8763901339794307,2.503889980745071,2.2144011984333574,4911.229541791579,5.2071079337121,3.403252972732032,-2.038947959461912,-0.6690391311339634,-0.5258652784875177,0.9366035262787956,0.9425253101160164,328.7070884317434,0.02300614812084191,0.023916749299931876,0.31662619271404635,0.5775809935023531,0.027289123764041166,0.006622620712722592,0.008527700112646867,0.0026840714284716762,0.010883444125496869,0.002605034703674738,0.0002552760878694692,0.0000026454279032130383,29.624606150713337,0.389406929223057
0000107,3,6702.32674294644,1.6823857674226872,3.8018168259436917,2.8171268116859567,6541.966460474428,5.567882240999299,1.6809215861496982,-2.509851054793855,-0.7349468344830649,-0.9009346725687075,0.4347818646064484,0.8695410424805144,276.87170352955224,0.05454913930977438,0.22224273534133912,0.10838900193575823,0.5820609139659212,0.015094830574831346,0.004946351078533122,0.009437147194929192,0.0004965485687529754,0.0005095280014685602,0.002181560754241797,0.0000866788520242085,0.000005564422425883391,31.358206724027475,0.7897930582441804
0000108,4,5321.713248179801,0.8037621395757495,3.8745821213122014,0.7474096129287386,8457.707295426022,6.7128122192828785,0.9358017961039203,-3.1209407201110935,0.8839100837392975,-0.4334578678309038,0.6621604642629618,0.8730907701284337,219.5390799591165,0.007325117347493848,0.3937027002979854,0.22189596895723396,0.33073797217349726,0.03772309716744327,0.0017317056909871326,0.0031136962119406243,0.000125957831484151,0.0008387125432259771,0.0027085291059938785,0.00009111650914571966,0.000005426163568674078,34.70165951724559,0.5929808216375977
0000109,5,5173.568703870557,0.9110722130993711,13.279941452052828,1.2842069388197284,9738.321821364161,7.350698572059391,6.947939267792025,-3.0358304608217175,-0.8962127403756914,-0.3135431511442075,0.5542743124429347,0.8576470133483828,208.27669292390905,0.03710635832171684,0.6773581773757937,0.06450334156009865,0.1626639193935707,0.03547067199919515,0.010168905241250036,0.003996147441371984,0.00028174908434292644,0.005501845338561742,0.0029379713699962773,0.000006001629548338983,0.000004911244553797477,38.64491519959169,0.5748503849069841
0000011,5,4720.464404857978,0.8482826677351595,9.76610110369432,1.0848686141071384,3242.4145266054547,4.562931970127348,0.6231154020036986,-2.298985357733202,-0.23497281299971573,-0.5419335715112394,0.7983628299655682,1.0515844053086547,251.12423154472688,0.04407839419082694,0.42604849364650577,0.46094612231601745,0.05549303323465544,0.003541588434470142,0.007963877419548644,0.0006228453486839012,0.00019425789608303954,0.000019622642851463654,0.0010648751697342122,0.000020103628212681884,0.000006786072410213341,36.30331784167746,0.3226382750642229
0000110,3,6258.782158471628,1.7827565914951398,2.971358924246511,2.007206252349697,10144.038475642843,7.321209513045757,6.372116416590474,-3.487886455480336,0.717626315436183,-0.1958752399900252,0.4934630877926881,0.9484414362770095,256.5063860381888,0.022076459513932445,0.48758814055321625,0.09371426779208344,0.33227744415664867,0.04489103869094316,0.005497057787855515,0.003326804218608107,0.00020541745911841554,0.006983851101250652,0.0030494642265567464,0.00038430795467813404,0.0000057465451086082456,35.73904420434901,0.7973451918719873
0000111,5,4970.483453155231,0.7638311587493437,1.9499978708626111,0.707828206610599,8527.031416673759,6.602514777404366,2.7177765743937075,-3.1275642086477693,-1.17370581054321,-0.45524491618244944,0.007130903547549972,0.9439178786442463,256.31740661801297,0.04347049719089517,0.18811744336089817,0.11457904446983103,0.6042986368267541,0.022123254870997505,0.010656447927193965,0.006248183492269264,0.0001653915238068861,0.007704259704223712,0.0025846465238563675,0.00004474633003251422,0.0000074477792413425076,31.203263687287425,0.26774118002393055
0000112,3,6905.98962897769,1.529310816583798,5.372755813399977,2.5160372253365146,4588.452098299778,4.946903421682112,1.28448193096701,-2.450330153043696,-0.6463067899059992,-1.0043827501616691,0.48023619112699145,0.8672019202443324,297.26241541535217,0.05128143318982598,0.39789187618076777,0.1610585542362194,0.30422065383556146,0.06911148431179287,0.008083212783633224,0.00044461683870131944,0.00028547738295832495,0.0017943359971223968,0.00531290191451209,0.0005133554515225965,0.000002097877382559117,33.82179360787734,0.30198777139731925
0000113,3,6083.204105712404,1.9796857652993918,14.239442188455937,2.4225145765464218,5886.734683717829,5.421109554071425,4.579870779256947,-3.4496197979289596,0.8771690776595573,-1.3317641889305154,0.8025430363194402,1.0141177849198229,299.6248979118696,0.08175828108361868,0.18985263591579868,0.3548367235354306,0.27014725238894166,0.06431427665508986,0.01072028014058084,0.008155947211396062,0.00024127421431647001,0.01333132283607934,0.0066126848501813894,0.0000280261503950825,0.0000012950181714410226,31.461851816707586,0.15792652293835288
0000114,5,5216.03842052619,0.7517172866153912,9.93259574170956,0.755569688404863,9781.283728986922,7.150835455413768,0.4423622363041788,-2.211562804140833,-0.9584425306816848,-0.038828315080974285,0.8934218453536091,0.8220315610575956,208.28877405911828,0.063687471716836,0.3034207397004524,0.4833740429928401,0.05522412743108101,0.0675350816827968,0.0007603061013466521,0.010356066129385525,0.0022578750702794918,0.008350177345469173,0.00479759924818081,0.00023311962753003374,0.0000033929538019938957,33.654248416743755,0.17206237245917033
0000115,4,5810.307105113941,0.940872679547059,10.39253000078477,1.0303751820930906,7750.381717593868,6.145026371376569,3.0131518264125177,-3.2061029898793567,0.8078041247569945,-0.0685733210904993,0.5578702557926281,0.975902465662932,248.79697095313776,0.03447575299606391,0.37421701314573835,0.12950985874907714,0.4191691961959399,0.029408855465131827,0.007949619136899845,0.0008814071569095396,0.0009781397167020298,0.0029743801192658207,0.00026637735011756676,0.000164644006961635,0.000004755961192343786,34.07029854538935,0.5308305639750098
0000116,5,5239.5299291054,0.9359755329366645,3.035624855066401,1.166322696615755,8073.880020484258,6.324390983303907,0.9138201453139572,-2.647636381986849,-0.6734055883880007,-1.3191972619536254,0.6341512904190209,0.8967054924404444,223.76627661148873,0.030963840236254876,0.28395280130540057,0.359129627586977,0.28898701906731467,0.016939852489851998,0.005078524142519201,0.007983999260883699,0.0024205237436400406,0.0016276417141126453,0.0028278907446488304,0.00007974258525966348,0.000008537123136590385,33.632091475016686,0.20211776647867746
0000117,4,5578.261291680958,0.9585201478334177,8.53635960763788,0.883283750684015,9636.447673967938,7.05232918410612,4.303456961302162,-2.44666623396186,-0.12386053845524914,-1.4581053186173112,0.1981845140630798,1.0352963247665676,344.1910006583691,0.008603020080249173,0.08370771992835764,0.3610162539542968,0.5260108578210441,0.0018710003986834346,0.001436125873710066,0.010389334534983072,0.0028121972876435975,0.00258589860002492,0.0015528954281300205,0.000013362032227095989,0.0000013340606500748017,30.838181933592885,0.5132886570720929
0000118,5,5295.778328756927,0.8783761388213237,12.777417741631568,1.0417784128303813,4613.091754971242,5.010451944415879,2.33181188069391,-3.2990832491354927,0.5068413649263093,-0.8642123750995896,0.8706390726989469,0.9467550772790452,245.9725255544259,0.033245461617528824,0.10313622954663204,0.42559445368924587,0.3920506796607498,0.0193404800847933,0.009695300240174346,0.005577360642294053,0.0017649237822776145,0.0071109624238803746,0.0024341251115372223,0.00004373884176257325,0.0000062843591238838335,31.215704879006484,0.6911808582656163
0000119,5,5298.0470548486455,0.790398026552857,2.8980556970175897,0.7575132326815167,7141.190741245612,5.90341390498833,2.2606070654585366,-2.8564542696952118,-1.1723056150395614,-1.3299778522371866,0.06162789711368677,0.8567385865388627,273.28580460353703,0.010392835777532488,0.2815111770830388,0.38089181267096467,0.22216685429497854,0.0712023381508851,0.007259986837642001,0.011772856895104813,0.00012777725161349917,0.009549833159864001,0.0046824223245687914,0.00043197859066078815,0.000010126963146514821,33.49009118984592,0.20922868899694855
0000012,4,5744.270954417962,1.2259373500346467,9.566894238687615,1.508323699806378,4067.661104736717,4.848216766213343,4.86839669835641,-3.4587584580235777,-1.4346968802844455,-1.1914206604186424,0.9170868683674672,1.0078908219888467,315.38416857254396,0.03023580349697912,0.30615559182347396,0.2195607700357432,0.41245686468647524,0.01279042305816482,0.005910644386194014,0.006120134455786573,0.001032949260052548,0.002293843333891171,0.003373885927602854,0.00006037222463961677,0.000008717310996896741,33.49157123752032,0.24793293322507387
0000120,4,5797.341970144272,1.0262932427818672,9.43322453825937,1.0586026296166007,8140.496508620071,6.334873781583474,0.3078267906966782,-2.189535992605826,-0.06776226844232491,-0.9954846050622161,0.9793573003938184,0.7018075882542304,211.49601137547842,0.009331816205177548,0.0021831556812396263,0.40409825033422025,0.46788959402882285,0.06310340374811346,0.018273915905725163,0.00701181575008797,0.0026094110114915285,0.016399277917354623,0.008471953483538774,0.000615722727522282,0.000011683206705827324,29.65292860945395,0.5923851974742508
0000121,4,5801.531726389259,1.1862492862267162,12.473974897048844,1.6747894574032542,10117.768503712325,7.441386000254098,2.331163389746382,-2.9838022126415344,1.0115367770147823,-0.3363286999856938,0.6451798034858804,0.7712818204853235,178.32510960733484,0.07961920543870084,0.01794584724730795,0.20230314151486928,0.680266294962697,0.0016752732411077023,0.003975041690659721,0.002808948582644822,0.0006820080657163208,0.010291614218229517,0.000418665278695055,0.000005821353977904532,0.000008138405394050368,28.73475500204985,0.19916432067694423
0000122,4,5680.388739520171,1.0520794422071715,8.907740009416539,1.030051930297326,8295.624591573596,6.402903322593346,4.893602502807472,-2.888991031594157,-1.0450742582920984,-1.176316728299133,0.26113812445471674,0.9711348790353143,350.6012995055267,0.07171524130993108,0.3691331328821928,0.2897474708184411,0.15703879316640476,0.07021893954027468,0.015539898366664874,0.01205871731169931,0.00012434927198486597,0.0052588357737993465,0.008889284015218844,0.000261451068486533,0.000013886474901945885,33.8589941553953,0.5041576183724513
0000123,3,7031.632472672745,1.8533150699437346,12.909615183916136,4.147876474259112,4432.850326482528,4.913282403578596,1.0096444530656965,-2.405102580339877,-0.09259772574294467,-0.08570071848923311,0.9821679607589409,0.9374328379577278,218.0122808595354,0.031282042408509,0.11055860077243984,0.42279459994002583,0.39687746903303395,0.02323575142372701,0.0032745187771802613,0.004233371147020563,0.001390738604182551,0.0028838241207880784,0.003395734485143618,0.00006543879265387536,0.000007910495295362873,31.023152404061012,0.4166326232580154
0000124,3,6433.760431189432,1.699635077591639,14.230663287923173,2.296670794445707,9609.892862522413,7.216323556596551,0.6095660933706408,-2.1339740748962686,0.21270029156001447,-0.8800856603432969,0.6256300672445345,1.0105071607936462,297.0708838690116,0.012411039679832862,0.11291139433798028,0.6953997030930625,0.036756570184520915,0.0853880561353477,0.015302808273642601,0.02236062644922294,0.002031260343103779,0.008456718045323958,0.008716738340525332,0.000261143572080307,0.000003941545356814141,31.9393556034321,0.44312199118075957
0000125,3,6980.7669510916085,1.795729389294465,2.985479730860921,2.657914141138488,6709.33590840825,5.576287879983896,2.305209749608185,-2.223769612290222,-0.5587710156757839,-0.862305829639598,0.8745387857773403,1.0354238925970363,394.91009613891725,0.008057987000810927,0.44454361180786217,0.20900419305818255,0.28685784863074,0.0399164104170093,0.003646976395594195,0.0017073784834227231,0.0007035678224361658,0.003419602329240937,0.0020764333180153523,0.00006291241689067778,0.0000030783197950614244,35.5721118157599,0.26974522327288203
0000126,4,5822.299712997125,1.0830088167923684,5.251160565914005,1.6960885425334673,7293.518187805368,5.991465612498698,2.7879378034120874,-2.6155159968491715,-0.020778070150626604,-1.4359883326486331,0.9517672935701628,0.9314245129232891,292.5190508001558,0.00010487054650702051,0.14606924506336755,0.39518161838905685,0.414243353199732,0.022460790456112257,0.0074026782564198855,0.004656483015055725,0.002032009799303821,0.004814316193598593,0.0029090920098358477,0.00012040199015014722,0.000005141080860070549,31.955748890177468,0.6299098157853621
0000127,4,5715.919211483604,1.0123120530335523,13.044035688851327,1.279735004630843,5565.807152625043,5.1933613803324885,2.3704437752390404,-2.0050429004667123,0.6354171494622243,-1.339167680710191,0.6464279671203431,0.8201256095755787,319.7007555135591,0.006428206940752421,0.10561175709417704,0.4337115576224166,0.4139102324456908,0.022485115087314562,0.0002841396512076854,0.0012699844630532909,0.003095525861575017,0.00858576514192573,0.004501120783688343,0.0001125561592687032,0.000004038748929785031,31.424435335003757,0.7518915580065464
0000128,4,5803.0645067684345,1.2321780156051956,5.574499329167311,1.2178478493328755,8622.973092573884,6.649981260930513,0.35128273839016555,-2.6277438578736705,-0.13027044362601026,-0.6532206298328012,0.8668246967054389,0.9128122508083808,252.09401813856428,0.059390575965017595,0.01614692928013755,0.5463994753747414,0.2453886631239931,0.07432212572014717,0.018094852666971802,0.012137006294120158,0.004560421089921229,0.01951131024894945,0.0038046311256159024,0.00023325651800920133,0.000010752592375285117,30.008449112850172,0.1428370298942916
0000129,5,4148.337162291144,0.6531972905053003,1.6949197068962734,0.5553065350488691,3577.6327532770397,4.770876420162325,5.45092669021741,-3.2182025274839705,-0.6016389995399212,-0.36108084159728926,0.6633401440705741,0.899371818488847,227.58326408576087,0.030615414275844816,0.3278132203639136,0.4652136849252391,0.12382463411440835,0.029064962628682557,0.0000378687614911697,0.00857013719917254,0.002686881053783049,0.00791802577846427,0.0040476172568761435,0.00020051594449315883,0.000007037697631265981,34.75282462523169,0.31542805360523607
0000013,5,4078.406416275154,0.6485715440081804,5.126420007242076,0.34326956696140587,8772.428354484111,6.887835021877281,2.9400504876767033,-3.39257872115942,0.6620912952745375,-0.7170197953526178,0.5197206807294306,1.0981235535569425,283.8772270063022,0.010674449751048597,0.3517015697873179,0.27604926542508923,0.3422291212108432,0.0012634192705468668,0.0040024543359021905,0.00653999565581079,0.002430905889568387,0.0022949553163226725,0.0028008048831443186,0.000009310693854156765,0.000003747780551765668,34.782403786867334,0.48924888646420983
0000130,4,5856.4956384051575,1.191153225180294,14.737135280111199,1.878564687561921,6006.533708570071,5.322614816808392,1.635063045514847,-2.2629261388227384,-1.1240003188280208,-0.7625636325499988,0.28127198626232275,1.0460587552733913,339.03153114411066,0.01600979614664159,0.20388570390250593,0.3689098245789803,0.35784374729546414,0.02947103081156451,0.005672477718713894,0.007019910336025034,0.001014006362475677,0.007992976837597487,0.002003369586669044,0.00017559609031352102,0.000001560333049041762,32.60949427630557,0.30370666434011717
0000131,5,4958.145076701156,0.7441286986578041,9.91833301810006,0.9949502800240506,10040.862646496771,7.36859461263423,1.7167322200310575,-3.122105511412962,-0.54761138894706,-1.443429468207201,0.1333823924318246,0.9796355001876343,201.80997940386933,0.055404964926748006,0.047656084194296296,0.4140656449957655,0.4309043338444723,0.03107417416402519,0.001605378026708026,0.002439190599220902,0.002515115182424276,0.010399607897522048,0.0036390814628059743,0.00028783357427068085,0.000008591131740883059,29.91127112526577,0.5223150586817464
0000132,3,6289.9270880573495,1.7470631754443975,3.4647302183606863,3.4660653698751354,10175.346073256562,7.51877391657506,1.076915172564089,-2.246343791803724,0.7355575055140844,-1.0241842867529882,0.8763318343864657,0.9332819396585993,239.64371374667348,0.03225477271522567,0.3253597300143562,0.2549866056088848,0.34773611919674846,0.015123378895933157,0.006996968149975384,0.006084611909029794,0.0013715544059503405,0.007547785897982831,0.00240683559608278,0.0001253304542314432,0.0000063071555989048375,34.11598016825512,0.6115746881761881
0000133,3,6426.920846574372,1.7404603586467917,12.66145212392267,2.52676281327937,5087.258123270636,5.151863338604376,2.9640444152139755,-2.394019348344112,-0.07232283036701537,-1.0333229911655961,0.24814791957556737,1.011315268730323,313.222050834642,0.07390454830674785,0.42214174127437365,0.29809046479430273,0.097473739439249,0.07826480939268908,0.009724432479670753,0.009545739663512194,0.0013361731249636002,0.006315637984535014,0.002593122384997881,0.0006065846146519246,0.0000030065403063929075,34.66031687453451,0.5724868760017512
0000134,4,5851.295495975338,1.0961737082603231,8.801832457318692,1.0155767059431384,5771.477545934779,5.305943515714079,0.3663655307409439,-2.5951770166975288,-0.3523877340064552,-1.077785152652162,0.9977250748185439,0.9047026422864597,282.0804683832123,0.013779502312362673,0.37529690042163155,0.3644661024329854,0.18124884727519572,0.04608153104815622,0.005886775072858573,0.004286784612135246,0.0006541184081591937,0.006234312311515534,0.0020260272521729654,0.000029586634255771914,0.000009512218571382733,35.08997227899903,0.7401186008823405
0000135,3,6274.463186113818,1.48282611980916,12.237596186003401,2.4869931894743678,7809.080088324682,6.199776357884798,1.636591707600483,-3.0116654421421667,0.7889252999905949,-0.02878776296553287,0.28727159483569586,0.9824985106061137,209.49913551796314,0.10178410390870088,0.28591611346932766,0.43941830413769306,0.06278868395346936,0.05317023824490022,0.01058977729736404,0.023226574311360892,0.003741987505151415,0.009490354803269685,0.009543871931826063,0.000327631611900502,0.0000023588250361285935,33.16609355999898,0.7804795589418365
0000136,4,5557.165517166011,1.2028824338863546,12.40396972141035,1.550261859326851,7496.956962999804,6.057735153908498,6.453763647686811,-2.724396500424895,-1.327239076115884,-1.0160986900237963,0.922423019281675,1.0295483077855845,350.3641611199571,0.043910127416589534,0.3507148693856962,0.5581050821201174,0.00626984070659367,0.025205968376437102,0.002272969182206935,0.00016502580547643464,0.005380127633685513,0.003947657049209961,0.003848956346176474,0.00017931226405014315,6.371376060396934e-8,35.35126059015957,0.569680276883512
0000137,4,5807.242237450317,1.2091155215827298,2.853102045261579,1.9262700200746394,8121.707797579834,6.3516387268926,3.0312755372884648,-2.8387460358715995,0.9738868463618386,-1.1763807311059147,0.5402301583735079,0.9440571492898004,234.36868688232786,0.015478795434014436,0.34723626484671893,0.42354129714381994,0.1779975162859913,0.018584294108562154,0.0026373564577396587,0.004069615313068371,0.0019585274388073757,0.006231560246106474,0.0022108453896469804,0.00005087515837530833,0.0000030521771489865925,35.1605397891227,0.3370969025567599
0000138,3,6380.013755047379,1.7017064262271735,4.821566622292934,3.082128431977143,7298.772618407381,5.957248426664855,5.235554333692003,-2.248763276115325,0.3582149376845869,-0.989741787710195,0.80874507728021,1.0023321969700718,330.45460256692206,0.00608889863464089,0.251415258035834,0.3667170401167621,0.32692900860906954,0.03292072058957817,0.004663149066758265,0.000595021769348993,0.0028071175038673884,0.0034866593819754253,0.00425813523892414,0.00011286718554093998,0.00000612386770053679,33.2514717715623,0.7903701141918258
0000139,4,5544.759692321338,1.093801417761624,5.026174578066123,1.7724906244197751,3190.2210988300562,4.539774352069755,2.2920139914366597,-3.1351147797731773,1.0265257827957992,-1.1899185773790526,0.024474825109505383,0.8962243055264865,166.14055944944639,0.014895022619248613,0.3723429953158713,0.31675278669606655,0.2646278351884168,0.017483544261935054,0.0077047180830434065,0.0011882059716112065,0.001546123665154757,0.0006883415680624798,0.002734665302625973,0.00003060885251870886,0.00000515247544517311,35.02288272420478,0.49616085457517445
0000014,4,5765.256870504717,1.171319130212708,1.3809017130145032,1.60841732165595,10057.424776077558,7.500149283741179,0.16496936997001588,-2.0303019179796173,-1.412910198133115,-0.8085846757836204,0.33748268909845225,0.9338291236201202,224.20309244436692,0.04114706954236514,0.448604199483365,0.30756746570050786,0.13912057975690922,0.040104522883035336,0.006896532139890091,0.003238510076981508,0.001053259721550657,0.008461105078948377,0.003436284347494898,0.0003638490302411558,0.000006622238710691841,35.92278805405582,0.41476858399729477
0000140,4,5442.067086466693,0.8858559904560203,2.3528095652522527,0.7527066036680684,6312.356169405359,5.4311395783855,0.47264726666785173,-2.877964190021789,-0.4110857119942737,-0.41021682708841056,0.5491883603890915,0.9794100151702403,278.380323473401,0.04810493693633121,0.3238093555655442,0.039168913555092194,0.5575762261846081,0.00488895404698185,0.012263607786628133,0.004509884863712803,0.0000768389884482011,0.007523471373157354,0.002056345089908045,0.00001862811399726553,0.0000028374955905944535,33.25647657826816,0.3174822168177531
0000141,3,6068.7664284413095,1.5822812145572824,6.398079584727298,2.720732400934229,4760.080559061473,5.127348500935881,0.35156993575304485,-3.091138354008744,0.9658699684061074,-1.4083433626136534,0.2627748878796191,0.9023482663433188,179.98532675990683,0.03857837952087121,0.3853224817149583,0.49378476050501735,0.022446371526168938,0.03242112467409393,0.0014485128156088384,0.011746064621033971,0.0023823259016421744,0.008043603096174048,0.003753740726295803,0.00006541394683725325,0.000007220951298266773,35.691124136413436,0.1313120858293963
0000142,4,5389.028555981465,1.0033347188098933,7.6806599632000685,1.332932848918827,4242.760227024876,4.865336676092533,3.637876682144399,-3.2076610844543625,-1.468072016959812,-0.7995092094432555,0.760514151225478,0.8793365204397616,249.9109746660849,0.02003358459610461,0.11981298272212451,0.18880121354719737,0.5957439614626882,0.045496011054872,0.011960471614232705,0.011515902374472572,0.001830571202423765,0.0036629022984432874,0.0010230843910407844,0.00010673724544483303,0.00001257749095539019,30.286576197679924,0.5227422085290033
0000143,5,5200.309359310886,0.8243141331716355,11.886457112040297,1.030378038764377,4544.5528437214025,4.973105587233219,4.595473737161576,-2.9229732355145956,0.5334293196312792,-1.1221114781599224,0.007242809230609493,0.9511001722037646,193.2894719955861,0.003467256367865572,0.28287242419270336,0.24884387555273968,0.3879147170697749,0.05196852581528096,0.0044116490609653995,0.013616272938655166,0.0019270455038048829,0.004489457058747423,0.00013784398002998985,0.0003378129739611027,0.000013119485471561706,33.14303155595231,0.5344592054533485
0000144,3,6385.3110004210785,1.681650999992883,2.844367684651176,2.528028088420724,4105.5843491802125,4.79788627481284,1.655649199404827,-3.134234810150027,-1.323274643661592,-0.3643728326425537,0.8961753402940208,1.031340907648086,283.7929074815943,0.03930789121132756,0.35443102923309283,0.3577887010805424,0.23071858615870877,0.0020162711404403096,0.007082501710028927,0.0016848378078891484,0.0008676088871763692,0.005181379296981729,0.0009125844154450432,0.000007583151324101514,0.0000010259070426069213,34.99947684396064,0.6743571344552305
0000145,5,4576.765996290159,0.6540399594311765,12.674799469109622,0.6848579590050272,8278.004059923851,6.63444084858906,2.0100553717548655,-3.379016729471524,0.7822840283623025,-0.5757236435580357,0.6992244013437974,0.869059776878776,179.59235209689183,0.044826184214889736,0.33472580861532314,0.5014779290339795,0.08168527432154639,0.021699109361181506,0.0015507613549132196,0.00000874355475100798,0.0024202121687727164,0.0071993698598444116,0.0043342489044063985,0.000066592662659852,0.000005765947732210177,34.94390136541914,0.26204722412845766
0000146,5,4294.591924243585,0.7801022864751699,8.851766566083556,0.7194090057815321,5166.30245572332,5.25528023698527,1.965897560464632,-2.6323878251867425,-1.2818548212573406,-0.7276884787128065,0.6804312446924718,1.0571744590977337,301.060347747627,0.0054524169668688045,0.34781569222786035,0.3187276199341974,0.29215827519934445,0.020742812606857754,0.003339317125127135,0.003688194132729909,0.0030938309521967356,0.0031502164772839606,0.001720108362775181,0.0001070244570781725,0.000004491557680097248,34.75471495533343,0.15560276942385828
0000147,4,5572.064928236519,1.1802515658328026,4.98043015592225,1.2232443411715672,5355.704861835512,5.161100215834697,2.251068605363768,-3.206162610241077,-0.09147527844511716,-0.12220378342365779,0.6590148633404165,0.8625342407340337,231.97063385992197,0.03643387097593019,0.31666176336828966,0.34107786056657463,0.2742238875781456,0.007772045271778076,0.005417724078938125,0.005536523913074939,0.001898698391640251,0.0076453451739612,0.0033161572575245457,0.00001524684414879589,8.765799938855988e-7,34.344872576562864,0.2221961179077074
0000148,4,5338.8553741076175,1.0737923868641126,14.425455555763614,1.3498465408949545,9903.451206174817,7.357591125008931,3.785019416434418,-2.7622825058970086,-0.7215091955449511,-1.4057975528311404,0.9096305412374499,1.0517208211561118,306.77929482413015,0.002038937723598612,0.03423572606253229,0.3342252543199327,0.5741357304782989,0.04158648365601679,0.003916228109431942,0.0018587246835651652,0.0018521081227565455,0.004722982277717019,0.0010955179749413126,0.00032783790111275384,0.000004468690096158509,29.632857427858536,0.5173730497995159
0000149,5,4553.518591094642,0.7357867005457404,11.770827958425146,0.8437135370339951,4618.61288064108,5.0625973852054615,2.997719752684731,-2.028368579030979,0.7862777449497269,-0.8645218599635067,0.2903392410765526,0.8812356899200068,203.85166114516855,0.0037665765816508067,0.29884692017615955,0.47570971543747453,0.17908498686595897,0.019085455448811836,0.00362939826661307,0.0031271990742283724,0.004755139926750731,0.007845380189512283,0.004073387248558357,0.00007227322954823444,0.000003567554732961637,34.81490342465049,0.678498288555454
0000015,4,5865.911857382498,1.1065482150397319,13.184613554384569,1.8438247213676928,6400.055371307451,5.398063307380101,0.5240244659450021,-2.788137270141961,0.8977973630269385,-1.3591411507927633,0.13138060863239276,0.8406728859861997,164.8729876013083,0.02156846914248846,0.27313377929880617,0.2633728976952565,0.38048376481050905,0.03837931423633389,0.008838153948641047,0.00479313388504992,0.0009321822512093794,0.004103793896130971,0.004237239891126205,0.00015299352326637354,0.000004277421182023188,33.01875349494545,0.7665164758406378
0000150,3,6662.179144360355,1.4446036285302297,11.75603111048177,1.8563850425258708,5725.61494785344,5.299887878799625,1.7609208842209179,-2.021332365548444,0.22939047322011374,-0.8505364552263089,0.5262758627795928,0.9360203064976772,331.88316146763333,0.002289656325725363,0.1417263709196982,0.47985683417343367,0.3189492178353186,0.03086838502151639,0.007703267660917949,0.0027519393952991442,0.0031950733709550806,0.010955879898096372,0.0016238637469161705,0.0000728267870267591,0.00000668486509625153,32.36486136112512,0.6554942937630128
0000151,5,3902.8783573133896,0.6756162568601232,6.621868083589585,0.5898269615263856,3413.2773790332917,4.694861208304016,2.2850809009813093,-2.1692951038980506,0.05066171707039224,-1.0805567799280351,0.8353379817049796,1.0540776567598884,324.6497161312879,0.04344509569114633,0.3930887416172443,0.24847250617916405,0.24711569277705064,0.04148835191449976,0.007293946512236424,0.010414119040959176,0.0011401991980820338,0.002105410694388444,0.005240861400639752,0.0001878310292620125,0.000007243945326961963,34.51882618068802,0.10090947647253651
0000152,5,4648.343138941668,0.6854096854280877,11.700019149135525,0.5663659296004573,9621.853310031398,7.183615772204361,4.066297676111594,-3.4740644668806917,-1.1585635996057229,-0.8294411215126707,0.14347071439455505,0.9979641419440166,248.1680332687965,0.06073888853146959,0.3980205431925616,0.17264903607226204,0.312206057606671,0.03399172103483488,0.0013188275045077197,0.00301115157942149,0.0015068438688373694,0.0142091776940479,0.002324524443761292,0.000018514360830777315,0.0000047141107945115514,34.592499153253904,0.30369791091170895
0000153,4,5715.2165285851215,1.0032230654066001,12.421119497938617,1.1151272290320393,7145.755316108833,5.845067677511141,0.9309648761908309,-2.1431868300419,0.7831123577930841,-0.4102008559951926,0.13359677062049258,0.9543715150012564,230.91777764217642,0.03301824264491404,0.4171703552049997,0.1238555809138302,0.34441602524589177,0.03878661242263964,0.007668303040002454,0.011101719028468052,0.00043055928942637063,0.016166015726220284,0.00701254632822502,0.00037099314111496164,0.0000030470142675346404,35.02303983342968,0.7552523583587619
0000154,5,4778.680877523849,0.7587639315459875,9.529310707177627,0.6465650288682399,8820.309576257927,6.794190423384405,1.1171924492285732,-3.182422431714363,0.1689626660998782,-1.2538074464563764,0.3749428199966356,1.0174906212040087,245.52234990451757,0.02264205235066145,0.3742460414620088,0.232101961552509,0.34181731175720087,0.009940709137156223,0.005072949002116967,0.006353509368359974,0.001190872425875865,0.006375848616426088,0.00020120547857499252,0.00005346131615329714,0.000004077532956297519,34.91245810181354,0.13047819896707263
0000155,4,5856.847345650632,0.9094810690686425,11.520530613496275,1.4590786667559652,9709.066828969264,7.219664375942826,0.4780419289193327,-3.3264629105906436,-0.1046982533809262,-0.7395657378374374,0.19081315774787377,0.8705182974894383,185.3559931337693,0.002322188918278772,0.5681003736558388,0.22296707072833802,0.12978585653356944,0.05439979146359764,0.00828488462318214,0.001321038865663269,0.0020873905344530115,0.0059058090343541755,0.004660083846292,0.00015957781537063667,0.000005933981062164952,37.65132768434118,0.2800969562988269
0000156,4,5719.370707432206,1.0142367708045308,4.575116316443766,1.394549899550491,10087.006020996783,7.322061166118186,2.980971560405959,-2.7589944055589797,-0.33877868321063676,-0.46834858227906895,0.7779355811696749,1.070633985401256,279.10551395843254,0.023714671391218075,0.09023361405099828,0.5068721391156009,0.32721069760351806,0.026143055953700308,0.010392705693485622,0.003924254835112316,0.005005605536485381,0.005348718495045126,0.001071843651059528,0.00007182911564216156,0.000010864558134296228,31.374508975168652,0.17764736327672992
0000157,3,7011.410892044714,1.989717796552055,14.397579418415393,2.5218396204150153,4515.911409129601,4.972175013879724,3.401278315822711,-3.289387732768879,-0.7489987502934286,-1.3942660151804163,0.6042351361943473,1.0135433626515113,371.32913182723365,0.02491397129993162,0.15690025281294026,0.39564952363770145,0.38470996574668226,0.015588157506195442,0.006320924903693152,0.006776010978640768,0.0009205067601098396,0.004219970673796937,0.003845711259340521,0.0001481632574563649,0.00000684116351130479,31.893999063718034,0.3140674408048545
0000158,5,3871.453358349464,0.7125141078995924,9.582065577673776,0.27760547123551366,5738.9713298820725,5.392477729168753,3.5174020677026188,-2.878343771788496,0.26726192179800035,-0.2526110287094345,0.4028451294201534,0.8978032480447663,269.49650253324404,0.018104663982938536,0.29335128042080266,0.2224601267839988,0.37297110022441005,0.0775568287833576,0.005865987549009091,0.0059120488162501756,0.0012340514645258745,0.0018544937812713523,0.0005948718702135313,0.00007728974885967834,0.0000172565743625517,32.66242540165326,0.26268214392650246
0000159,3,6641.269682190471,1.7162087435439632,12.637489163416058,2.3723964564801734,8739.352537149638,6.84159241316095,0.3569444735612072,-3.2701575138372068,-0.33624623616964455,-1.075418880402928,0.9279389902045895,0.9654120950057902,234.79749588592455,0.09459843855487357,0.027404105852263473,0.40930985814427034,0.28890058981760247,0.12206310920849017,0.013215669926226234,0.022250371465604574,0.00387919135392833,0.01826638623730462,0.000005467629235719386,0.00010082529900711213,0.000005986511193422042,28.62394027961313,0.2975032530023125
0000016,4,5867.932921852769,1.2284338957022987,11.209629005705048,1.3444279560605525,7364.84514857476,5.946785481115196,2.903656263870886,-3.4683665019782888,0.9332644218094557,-0.12578692623753063,0.31352847062582523,0.9920826141685961,244.6990318413114,0.0481996633294504,0.4690562833615397,0.43955439000086105,0.005674162706381229,0.015214634376973325,0.0035154100431367065,0.0045627220151507044,0.0004443855585327728,0.008810624475529858,0.004906919560769749,0.000059315554971141806,0.0000014890167034038668,36.933495393301385,0.15525884406406576
0000160,4,5398.008244370721,0.877453375707092,2.7409337117984185,1.0164233235412639,9809.973845228827,7.252487630733366,3.3784009295965483,-3.0596694839356866,1.0381169681745464,-0.14226106740883848,0.03675850994233831,0.9053649174254279,189.8651510400067,0.03608668506150269,0.42115013696854914,0.14768290309963852,0.3699015124188724,0.009306409816575451,0.0028478826269232025,0.0018997026769777294,0.0014488122970829547,0.008746063060729878,0.0008681924006092161,0.0000605519264017167,0.0000011476461371293165,35.24717426945864,0.6309186712629182
0000161,5,4164.9481613920125,0.729443486215142,9.176460506651448,0.5050564649553043,5457.562095246494,5.280196819436787,3.9747311204778537,-2.2392246920706045,0.4903896933592393,-1.2790312525555296,0.8979018060358774,1.075657519375869,434.84437942673424,0.012015986091432975,0.41662028549569075,0.03395732847942239,0.49747038028937124,0.009981926382128435,0.011677143673162188,0.01089208310100288,0.00031689663887371245,0.003418711873482019,0.00357782258331268,0.00005967717508215304,0.000011758217038569017,34.850924172227074,0.5352973014708661
0000162,5,4865.233588010308,0.7191280365540261,1.6895802870639844,0.7404287433234044,3859.417887101467,4.8719024074521045,2.181814488723844,-2.626364382039417,0.2040934179186853,-1.329805849351621,0.5438688257849592,0.9949371400717423,312.70417628878386,0.036501302717753134,0.3934940519154898,0.3878582045878069,0.1368350366958457,0.030290538849128263,0.005386647853166956,0.0012518907366449563,0.0036532971606918776,0.0018440518572601287,0.002589155678262228,0.0002898992682623707,0.000005922679687464881,35.32369129091062,0.579232739403722
0000163,4,5666.763256443975,1.0740461515231354,12.60243863853582,1.7226721140301433,3365.644547239006,4.618321001556857,4.771792529025386,-3.2452222560018376,0.021179885745986393,-0.48035951260905385,0.22362006215118402,1.048089653358168,235.96269708379785,0.08137530167374009,0.4212332346043556,0.3144813390172817,0.09615289088513902,0.05246015438479956,0.000602686206446073,0.015910476080516038,0.0006351989741436647,0.008973027331464288,0.008111544578830537,0.000052967011923262626,0.000011179251360238714,34.820624017536566,0.13827817509045198
0000164,5,4995.856045046857,0.8420076338432545,6.5313772527090865,1.1370906025672245,8276.15847130278,6.571515787939451,1.5722362663829874,-2.9987899754551934,-0.1283348654395322,-1.1927699079519436,0.8162344970363287,0.8304390067336817,180.62927855630397,0.033857732026795526,0.30923297357438023,0.21834713643177464,0.40705260930023496,0.014308777663033737,0.0032290569645680263,0.0066169116796379835,0.00007085014270427476,0.0029166568107345052,0.00426155849170912,0.0001041276931396603,0.0000016092212872286244,33.43202417084008,0.5386613046023366
0000165,4,5597.486738613409,1.1581872526323622,6.544161999859929,1.396630404814382,9569.88670081806,7.129035322600553,1.0580146145942058,-3.358296329993797,0.12643609898928743,-1.0519474954465355,0.7393704648054725,0.9287983316258452,214.2634560553321,0.003396455094143827,0.3509490543673701,0.3968068817728823,0.2220177162126873,0.014511168238603626,0.004699098664934446,0.0042787555174160895,0.0020607245177362457,0.0009084896785617333,0.0002944317614494545,0.00007306013024440964,0.000004164043970366952,35.147124104090125,0.5739212625438948
0000166,4,5519.119024442983,0.9255554176731957,10.625758214440719,1.1844455298233507,7632.607982072226,6.279686804249268,3.547503107407823,-2.634616272706833,-0.714367331051272,-0.5949267734093246,0.10928338079329947,0.9236809533689023,274.1755392843609,0.04949132415289675,0.1037919988848281,0.2177528756230246,0.5685890026789204,0.04244419477770185,0.005701592226362027,0.003455011957660256,0.0015693019662411907,0.0020982072674496535,0.004889798294287383,0.00021275931444411376,0.000003932856183459199,29.683423863794307,0.5107814883031697
0000167,4,5882.205713501035,1.0302103553112343,2.571131893790229,1.745071192450982,9904.083556709,7.200565688853041,0.8215056405287584,-3.475348287617885,-0.7348583801566669,-0.9524185222227666,0.8804982849906022,0.8649169408223631,169.72262129427259,0.009304005851079777,0.20947065592467276,0.02293573000088306,0.7047891528582991,0.0110902425242089,0.0022259938859234807,0.01869857163726176,0.0002041428202082622,0.012924375041502586,0.008237736646686937,0.00010105763349592203,0.00001833517577745558,31.645195539881023,0.7748108340096356
0000168,5,3892.8246476406453,0.6479877519208417,13.0548733753435,0.29887266278703095,9858.384733149813,7.161953406261028,2.9088297603481186,-2.762839753159093,0.29261838810373386,-1.1503227784934758,0.3465408660503543,1.0220542717828975,297.9799582070779,0.04562896194031166,0.15491513128550916,0.6800869278055494,0.08469820547709717,0.01701530427324458,0.00030505567318725717,0.0020800417296335054,0.001517894048065389,0.0096791874993275,0.003907826848853085,0.00015233978067805034,0.000013123638543347842,32.88365884059889,0.6202561084823724
0000169,4,5362.127898332994,1.086307317091221,4.5517176418089305,1.4982488695646075,3870.4342945694066,4.7392903322042725,0.3677150453276087,-2.2525175519668257,0.6285004326745316,-1.3599316340780248,0.7294375641334011,1.0247606147541335,281.3748866893269,0.029291158593202415,0.5120526189859659,0.001475031840623098,0.394195916957987,0.045819607801751525,0.0038993973007810196,0.010449780600228185,0.000002679899798504052,0.0016751953092685977,0.0009464272492527219,0.00018672430171824109,0.000005461159422729821,35.48168522730781,0.4687404858604136
0000017,3,6248.283242203053,1.8988666075721576,12.077904883957688,3.2271176316011294,4837.360625332635,5.1303080005216035,2.2383708123923887,-2.357619892292338,-1.2830113399410759,-0.14974508606617576,0.9040826311767464,0.961617956222539,254.73499894778828,0.035066679076973126,0.4042447141578733,0.15799573506943412,0.3587318404501784,0.03772540042681682,0.0006643175040301489,0.0025957063635545768,0.0002299380699848641,0.000023582154396157343,0.002579487011473038,0.00013844644409856418,0.000004153271186985261,34.2953840352673,0.3864431382474147
0000170,5,4483.957621936964,0.8166422011870055,12.711358748887985,0.6574075770243895,8296.2898152969,6.535149334554726,2.1401081467270817,-3.1554884695603995,-1.2154839674898756,-0.7706353699932289,0.18843667331465475,1.020410479064305,258.3063780124666,0.0523091293001932,0.2143151591599246,0.21940622343543337,0.47010602138071256,0.02393388823907356,0.007282455512867223,0.0020397249956101574,0.001484303345226833,0.008259095099353518,0.0007597945944731568,0.00009902262516656924,0.00000518231196511887,31.94252229430503,0.3195780834496384
0000171,3,6240.457534964864,1.979188261796119,5.72062557662659,1.993725349674097,9244.15815527592,6.880789637238774,3.8499193408185723,-2.2709793250002512,0.1318370497515029,-1.1702140054167103,0.27216539012015994,0.8551331166937022,308.55725812545603,0.038021169921397334,0.07473438831079886,0.5445055809853884,0.3097755165245889,0.010969920870398154,0.010688671913484287,0.006902092473319815,0.002174953331470872,0.00053301528870377,0.001593831451810039,0.00009980546787632519,0.0000010534607633652572,31.083871409780336,0.7090678772255072
0000172,4,5822.465498125501,0.9812469198261317,3.856266612743039,1.0310671532495177,6416.226083150158,5.440339941204023,1.8228931770228178,-3.4272070903484337,-0.7173558449505592,-0.7747653676447159,0.6935258150552659,0.991133846034049,273.381460955628,0.05708509701813089,0.3365312607031969,0.09491542354753317,0.43817146075508545,0.06060372904745537,0.0035857226967928374,0.004813606667466915,0.0004166138418503332,0.0031359934814572223,0.000409748229187294,0.0003274272193220255,0.000003916792521507174,32.653411076032796,0.10647843063465091
0000173,5,3949.283846101852,0.6171080250065852,13.227153502358435,0.4166660992506033,7687.935328968892,6.286400921858036,0.582107491641271,-3.0870472411006284,-1.1569591152807288,-0.1185492361673759,0.569387492680876,1.0774770629426866,239.9491207702512,0.04118615367057373,0.3017824854964897,0.24573474077280663,0.3604520492117595,0.038434397510257096,0.005323656802161503,0.002607614802698938,0.0010487546783916292,0.0021171377537529913,0.0009372839573882063,0.0003746604552663292,0.0000010648884538339854,33.12075373961242,0.5748667953341494
0000174,4,5331.629979571721,1.017401821252684,14.256616072976895,1.5562910197913693,10070.244031782795,7.351201382882011,3.102969190933811,-2.608219227882882,0.8846470025344808,-0.5588033177650424,0.08164803069473081,1.0036642748761826,188.90767458721663,0.04122417272555579,0.17741425458466753,0.5758244656781455,0.04060181970972867,0.13163079593986296,0.012949459995956916,0.003810943864542348,0.0005785002260444293,0.0030961217579997123,0.011712237706938166,0.0011407036371918046,0.00001652417336627761,31.360597295359312,0.1899832205154895
0000175,3,6343.240432044087,1.6511474702797262,2.1482655945787332,2.1128284945613256,5213.552467500304,5.207407613240856,1.5266258340596073,-3.1432061970349925,-1.4539207959220712,-0.0044037590218504175,0.38104553838001887,0.9571305841639776,277.79907650890306,0.012855995669127622,0.3822341338020803,0.19637256054352145,0.38622540930960025,0.0076077741982174315,0.0017079417966620462,0.0016689494052087046,0.00044487498987324863,0.0076042185367162654,0.0032500386540713863,0.0000231502270415809,0.000004952867879556203,34.965606777758644,0.6509292369789222
0000176,3,6494.698119555405,1.6160525892202815,8.571438832955904,3.3614953261443676,9958.769399972896,7.277394844479843,4.48274854047809,-2.156176619222492,0.8273258614989127,-0.5547431923988582,0.7735215277259646,0.9887381487243578,251.98203761804538,0.01911624247747981,0.357346385766695,0.4601121246342241,0.11931044578735146,0.03194738344209743,0.00025285683037397876,0.0025934246697774262,0.002866754140335403,0.004606917450751575,0.0017899399885492825,0.000052601582982196636,0.000004923229382336787,35.197805847223464,0.4626056082400479
0000177,3,6467.0789350116065,1.8430161754781906,14.996380211443025,3.3116442436120597,4664.915135728574,5.0704205522888355,2.042367479357377,-3.178773022721023,-0.0876758847243071,-1.1940105820167772,0.3179073066170526,1.0313689059119515,257.5217441833047,0.030567472341719856,0.06401840187749835,0.3096697962983208,0.5646728693053764,0.0017528990015975544,0.004862737076729662,0.006769290676232048,0.0015877888318043263,0.011545832612052684,0.004525853807553213,0.000015545256322364065,0.000011512914792870086,30.421337018912038,0.36683493591292826
0000178,5,5284.23507314109,0.9273708520871167,11.28986875346318,1.0233056455380851,7101.113523844471,5.858116078134736,4.236451764340938,-2.6848702881983835,-0.0718044511982574,-1.0164250725463875,0.1400205235964903,0.8180930202658244,218.43451037682743,0.036812046316272336,0.5396859159587887,0.007739879456302245,0.3742483429422544,0.02871305303790787,0.002014171425278613,0.003788426763222557,0.00006408240716925278,0.0029858028537309285,0.0037192142885552255,0.0002248276676501841,0.0000042368828675236856,36.06612520115583,0.5772331245570859
0000179,4,5562.097064968313,1.062219496984626,1.9544628022560757,1.3331301457473423,7330.045219387528,5.998443021245892,3.9324551425573606,-2.5611595283928654,1.0927366294523968,-1.2656493198269025,0.06883105468756345,0.8470953556397786,194.62397665609151,0.003055410200131245,0.41769918025334857,0.15961907741443396,0.3555250803486183,0.04299315517564416,0.003975996898441798,0.009092493328561267,0.0003699895571917659,0.00389577950500212,0.0034620246912305695,0.0003076089765851684,0.00000420365081106556,34.959577082515395,0.5299674453855954
0000018,5,4790.734569749901,0.7387199379703101,10.449463224825474,0.8208478244791648,4295.989351836321,4.870060337715996,2.6204485516734017,-3.447995120339982,-1.4444871445147776,-0.7080546011854929,0.28617828284307745,0.9805703818865433,241.55214866262324,0.03958524619309439,0.05384875525302466,0.6416423543621435,0.17790806956473187,0.054149132648184814,0.004408548232786309,0.00608698547951458,0.002654305158585512,0.012941266311896963,0.006411628422467168,0.0003502267338724205,0.000013481639697895963,30.908044522656866,0.7060987457003512
0000180,4,5579.824706097557,1.0008453646730144,7.347164196303899,1.0093226942031452,4062.005001813849,4.814313221739809,1.8229500066999524,-2.8085750861991947,0.3915762978929225,-1.0445322929149097,0.20085756423481127,0.944488454612021,264.96450608947504,0.020238049951474525,0.4339076501859256,0.2698533579269991,0.2659032995013618,0.0011190082132652246,0.003938418208981056,0.00006341820575658291,0.0020371957143190435,0.00018083095816920458,0.002753242949800879,5.061093415256575e-7,0.00000502207460541808,35.89434550695493,0.5851695455848526
0000181,3,6964.800320156414,1.9213729490472846,9.568979312316172,3.538556382561252,5174.882359736277,5.182644493164849,6.335942246179916,-3.174001248570668,0.3789971444867606,-0.6390452688428683,0.23169562847839087,1.0496671916013578,264.71501664325064,0.03528913804945386,0.3619538726667611,0.37061488779241264,0.20102592318973184,0.015149932324333587,0.006338512849902482,0.0026871621525264787,0.003218015864612883,0.00006733547394557277,0.0035518826584475635,0.00009700292211353999,0.00000633405575843964,34.87568611343176,0.6692499906092878
0000182,5,4002.268058656376,0.6391818101472031,6.900642540602347,0.5403377240173147,6434.896652611675,5.444821202225221,2.2077409537713155,-2.544344022291187,-0.22227619563676804,-0.7669840066945232,0.5260356286556772,0.94185923798422,237.6163434465895,0.00421850816282532,0.3935013736712712,0.27073188178393154,0.29985199416764147,0.018620729883687796,0.007313888903330233,0.0002733311910562792,0.0014297013113645962,0.002373777772284372,0.0016502292890398756,0.000027424924874528512,0.000007158938692988785,35.33514953626083,0.5430953106646076
0000183,5,3926.104611880937,0.6338372684167586,3.9669677248606465,0.40197037751587794,4452.764937884622,5.084451140219959,1.8427291578718061,-2.131262960938094,0.9346486369229647,-0.627391545909119,0.18116582655880054,0.9419418099156126,219.95503235273006,0.017355326898890584,0.10439704117927907,0.6764277905079571,0.13217092439440245,0.038880222247945004,0.011484529952855742,0.002820366599654289,0.005638853537832721,0.004804629636635035,0.006009331624054552,2.766702563205867e-7,0.000010706750237114875,32.14413406138785,0.5974687079655457
0000184,3,6810.429488517106,1.4474984351670623,7.014619797752144,3.2045507158856585,4746.886108387316,5.153430150814057,3.406151523895083,-2.4829356635800828,-0.9548429066576116,-0.6595332066512263,0.9968995551957686,0.8962769527392271,255.0387357845899,0.040492309595461844,0.4083570433074622,0.18417726640753784,0.3405583449195524,0.005288599056974993,0.009258550180739953,0.00926792782461702,0.0001032213698505458,0.0017990934287488334,0.0006643473005131191,0.00003000940537840019,0.0000032872031627303074,35.01956356549028,0.4455701136931225
0000185,5,4854.999512651133,0.7208067691273351,8.579173565632654,0.6475718899419145,8518.588210533446,6.578963493454963,0.4388207812389936,-2.561883851067633,-0.7908398390120039,-0.8270408477242035,0.9803910863031428,0.9697289282271138,243.6451260203519,0.03720863003868199,0.337997043147683,0.012413722410417237,0.5867676828474547,0.016033770858771102,0.004075587292328812,0.0014617079098571796,0.000020380643412793413,0.0017313406298091031,0.0022434046710642043,0.00003355487258913551,0.000013174677930615785,33.00950189941074,0.6461630742611522
0000186,5,4385.0090151515815,0.8114298018608215,1.8483567834193333,0.9141591550509254,9148.059678676596,6.924418392762366,2.811055631663253,-3.2363963681925405,-0.10665647458748673,-1.2998816258179344,0.6389050215186381,1.011703826834026,207.02148766015,0.05539456161839717,0.10836805961770545,0.7243525688989861,0.07116162569513487,0.019334303630444284,0.007175536432992784,0.0015970506721980323,0.0032824775437261893,0.004577036210732554,0.004700208849972627,0.00005576320372628234,8.076259833268981e-7,32.142468640150696,0.6993438298292357
0000187,3,6046.465792384455,1.7195161750241015,6.590626120774396,1.7487984277616806,7899.928091249624,6.405825070477245,4.214992025094307,-2.133395177606393,0.6741167470981897,-0.8446816795085956,0.15291189532217453,0.9275259866599866,275.49304278273837,0.03582933037733339,0.26641853391700776,0.3091466066264291,0.35625485117313027,0.01832336157628235,0.0009482838977347446,0.007123389889031487,0.0024585608542121583,0.0023841039357354963,0.0010457379301659294,0.00006495110751954006,0.0000022887154177398563,33.06864341183734,0.697286254464511
0000188,3,6726.026769334487,1.6685626855095723,11.765587979618896,3.631144257628538,5523.601019141046,5.241587929872563,2.9504373097060617,-3.337835212364731,0.4263117746634564,-0.7479079481778415,0.9917379060098522,0.9042977794202921,220.40215416699468,0.006180086113407725,0.41777683036181296,0.211513855097455,0.31264849214315965,0.038957442249019404,0.008310967617347642,0.00032061711268229035,0.0011744160692246308,0.002719023962346129,0.00017718855070525597,0.00021617527980921956,0.000004905443029930622,35.263881382578816,0.4197890236231031
0000189,4,5889.258831988894,1.2044801189957353,11.569673299506778,2.1730531552221777,6731.783502000807,5.630418239017267,0.4455092754276285,-2.212690592469132,-0.8434054049744927,-0.04068957238515458,0.848576126598241,1.0411789920183787,229.05478922301188,0.023594338045552023,0.49086298317864113,0.27780836973187584,0.14719556047130972,0.03918896113479673,0.008963708641542978,0.006588888163660196,0.002117085544280564,0.0011920012251178337,0.002286745778104529,0.00019275275239527835,0.000008605332723146365,36.47152048555228,0.26950158875462793
0000019,5,4048.2623902855316,0.8362371862695261,12.554462961435922,0.5909915745924488,7031.740704014383,5.80311140722386,1.4266001121228415,-2.534706898619176,0.6987988815122366,-0.09835084452912435,0.2251135714324326,0.913970181236065,195.23541836492024,0.02693232984514574,0.24933172639405743,0.5375600603727542,0.11531592503148225,0.04489434045504141,0.007992998289127251,0.009467530370298814,0.002653812945826615,0.004382300043410331,0.001340285870704665,0.00011731413253465806,0.000011376249616500449,33.66204213891,0.3049507261172976
0000190,5,4754.5511819339135,0.6859871814239897,12.519024413612946,0.5372162740337204,6325.267313820227,5.451061114268322,0.4237934656695437,-2.710581374648344,-1.0113451420442667,-0.6642985152770295,0.721330220655178,0.7707267750764067,205.19459115887497,0.015778991502939294,0.2272192310542732,0.2619737960521927,0.45298388259352823,0.03267903722936351,0.0036568728181629265,0.0032671043397179667,0.0012756154648724516,0.00019362305685505793,0.0006461041432510044,0.0003245812939697423,0.0000011604508742234005,32.22724125366006,0.2676238977183009
0000191,4,5606.564484912303,0.9355223949549573,13.768350946658805,0.8250254446263954,4962.902249817317,5.045087767427492,3.330337257023041,-2.0475648990604016,-0.9816010835963419,-0.9875496029693768,0.3690250821556056,0.9916017601592981,433.049343733039,0.026337560161637255,0.33133260718623747,0.28650708480755205,0.3167124117321457,0.026272148695556375,0.002001263486048719,0.00026014723249873187,0.0021114950659511704,0.006197208026789523,0.0020131761897081964,0.0002546923157056066,2.0510016919830606e-7,34.153236432311864,0.1960903516743544
0000192,3,6583.116092948547,1.9467939372248972,9.340078369319805,2.18992897277013,10193.822699158736,7.364459903355537,1.0312007634331462,-2.258421502743752,0.1628374420363432,-0.5933904231280469,0.9544783534110689,1.0575388497741234,361.20478830013036,0.024532418134757934,0.3520635732654155,0.29371390004646075,0.28581348885430946,0.025556334922116404,0.005804233568140168,0.0052928932374865355,0.0017381959266451628,0.0025925498820531436,0.002731871735958346,0.00015233856474029974,0.000008201861916267318,34.45586877131938,0.40694437475280276
0000193,5,3829.9603573679074,0.6235037114319522,13.701666993194644,0.32876391048305253,4386.092304957977,5.067903115576113,1.734341117549953,-2.030627072398902,0.3644775425279809,-0.6067275522074014,0.15771791236730548,0.8292735799889888,210.94675029558937,0.03568375722594792,0.5290796523685486,0.014508737001651669,0.3678431366171578,0.010855579185873654,0.015641537961961233,0.011080211499927765,0.000032569066548495595,0.007231582132555709,0.007975205896730245,0.00006386642471942491,0.000004164618377537728,36.4721102287484,0.44559540816276755
0000194,3,6577.229238192685,1.8864335947081965,2.895498013901972,3.463996647942637,6068.060008959129,5.48768902201637,4.932668076891914,-2.1182719926584275,0.04090020682099782,-0.25960621562243014,0.4934217919909425,0.9584704424798841,233.76029795197942,0.025838315995093085,0.3306032445984776,0.2826365027021139,0.29307471763257176,0.052804730376357446,0.004488015897757304,0.0030990826335362165,0.0005804296874581908,0.0010850873919863136,0.005273546451032386,0.0005072180076477682,0.000009108625968188137,33.60276163845948,0.31251468484455996
0000195,3,7090.831810107939,1.6791309013663125,12.60159749546031,4.030893614345952,4602.264739660035,5.034939929636771,1.2014207907560965,-2.847380342842384,-0.18197550508590532,-0.6459439879751236,0.16079241623880103,1.0836974052451573,254.97975798413194,0.018903848475757826,0.29444107425669236,0.5830774028674595,0.04411270359166442,0.016954780259971707,0.009542412180767124,0.008872648964114877,0.005818958437762042,0.01288414490020759,0.005328746059024862,0.00005050070200659859,0.00001277930457116234,35.330406944712166,0.43032893441739384
0000196,5,4976.914048343944,0.7648445560945896,10.992869771935894,0.5168203564594851,7059.398190293839,5.907457473525584,3.7811134401314517,-3.4965289644801434,0.7568501580104048,-1.4356717143435769,0.7554457045064651,0.8951969824800756,267.55522769947765,0.01844156611770347,0.45716093460331547,0.10809346183929447,0.3887491135385802,0.005868349744985962,0.000024467160493358086,0.006953710652381729,0.0009206951356534527,0.010702534454159576,0.0030418845376678333,0.00004059887344423834,0.0000026833423198890632,35.87384943840616,0.7127444328761707
0000197,3,6565.604983254503,1.7771724817776184,8.656861341134585,2.981908358565688,9264.151080029378,7.079243538684074,1.0579860232073495,-2.9957027219876604,-0.6523897945573064,-1.2990280483963141,0.7705665777960163,1.015642924928635,245.12683276527693,0.02965085811805799,0.3002984111366731,0.39492196402474156,0.20508664703437687,0.046890269732477494,0.008185022910985346,0.0018645548621892152,0.002952241922549922,0.007373131192993622,0.00231383274986264,0.00046024592356905286,0.000002820391523153693,33.96382639192693,0.3636525664570487
0000198,4,5766.151173588329,1.1612416811516586,2.2053428448777237,1.4723597696791535,9942.18433604067,7.306530933849638,2.4389085888796727,-2.617137523767968,1.032611322141995,-0.3913923414310889,0.957476557835962,0.9739498934493784,264.3667714492873,0.012108903325971934,0.28810421573771294,0.30740795120053094,0.3355282287940645,0.033407756723453606,0.007561443057196731,0.00527113847231475,0.0027635187917314564,0.004625181685957616,0.003188226246368434,0.00002682849466862484,0.00000660747002849035,33.634305943783744,0.6331410633487409
0000199,4,5304.759933316093,0.9664984816937835,6.240453617956784,0.9810411622473519,4227.395691458243,5.008751718416616,0.7073034708621802,-3.2457481904009073,0.7163683403551984,-0.9342963665844182,0.03617734066069345,0.8606628929395581,194.22925105923687,0.006806111197526469,0.32585581555628684,0.5215036474834104,0.0884781253374304,0.0388836532271063,0.008146236465438677,0.0031928118728449233,0.0014769913169584772,0.0028297424804822964,0.0025888545401314645,0.00023708146168285827,9.290607009282019e-7,35.004330319183815,0.2705940560922432
0000002,5,4942.46158892898,0.8177587622578051,13.639490220243445,0.8327093441171247,7876.184047720105,6.244479345687936,0.7786806962212666,-2.585832513301967,1.0156781299843618,-0.3531088590988234,0.6245573593936492,0.9144037168281197,214.4402647474106,0.019003528398818387,0.4087727866955998,0.4067950488407575,0.10443369770420675,0.04127030018193881,0.007964049134448228,0.006792041877437784,0.0010231550649456135,0.002748840750194458,0.0007927357900034643,0.00039972250799186437,0.000004093053657439407,35.72799630347472,0.49953270342206346
0000020,4,5397.965386731567,1.0584513004868663,9.745463072034692,1.0578644572565479,9605.26477055816,7.221971222873159,1.3990328221476447,-3.3526631578971577,0.004083742836822335,-0.48707292932470114,0.6816347490713022,0.7339935863533804,183.95570646137077,0.0009506767396913314,0.43060790769335056,0.3441909248962053,0.1802461782357109,0.02067851150045235,0.0011100248340524495,0.00872728690088489,0.00331321944494188,0.008539481627198019,0.0015684063752712267,0.00006440764039620962,0.0000029741118447171826,36.39095582207347,0.5295984361617788
0000200,5,4543.622798248269,0.7553454654965278,6.4977911475686465,0.804011983788971,8339.873202945126,6.461446056893752,4.0989909526529775,-2.7652754531262334,1.0997773620461326,-0.25686696569853096,0.8772152430373418,0.9844085366339725,222.01004233950445,0.05423177546647181,0.656007621674281,0.07168860203231674,0.15184995152048886,0.037159625307765204,0.006987110792200708,0.008454252925752468,0.00010530073410800759,0.010291597738582445,0.003122311154111468,0.00008981419917445676,0.000012036454747058522,38.25697109225753,0.6222535414888393
0000201,4,5496.421701347663,1.0796919711479736,3.2497487773922913,1.2844134073528473,4203.687347783651,4.987775126593113,1.933111616097002,-2.6649424969494717,0.3969394375771922,-1.1274537465278083,0.5818127409556824,0.9163594985406156,283.80807416380014,0.0420065060385527,0.24244914902680573,0.46973409813624833,0.21306218012593267,0.0009550969380581125,0.005710706567160955,0.010203163186263728,0.0024044480770860415,0.011275742868838099,0.00217587517922012,0.000008122676431815027,0.000014911179401677172,33.85481659586452,0.66945347415866
0000202,4,5867.193604405086,1.2270501297560146,5.358780562288439,1.671157855429533,5190.35591870166,5.277482811257983,3.4592499336842346,-2.4706780824983676,-1.4696467642234174,-0.435881694152743,0.5094583130593839,0.9767534308580781,352.85563955349136,0.03577113603743182,0.11713238049091082,0.3559023651439386,0.45217783935085787,0.02412808905914152,0.0005367708250281327,0.008653318348462974,0.0028341613794711728,0.0015942740346819842,0.0011508524183620882,0.00011484417216883632,0.000003968739544307526,30.769333894385813,0.40467841434242835
0000203,4,5766.313479585563,0.9137761048095024,14.970819878526386,1.166580936998526,9645.011173200517,7.1639220245627175,4.201480363925277,-2.072975422884042,0.8856734979776548,-0.7425442523947534,0.49004300929509537,1.0733196529640807,308.7336827022148,0.036228511107162235,0.10563272313964439,0.40236168988397486,0.38642602849259255,0.04879251415859681,0.011820241909169117,0.0017971864160512118,0.0023916603858817175,0.0006314630105819064,0.003889802290388758,0.00002408332790667899,0.000004095878049984863,30.577610505762436,0.5748604003804122
0000204,4,5331.936479875277,1.0136489319370605,14.221120081785445,1.2336436459498532,9826.148205060448,7.230407863240004,4.534295730331869,-3.432386004436114,0.757931076370431,-0.7272955836537633,0.6783381554731086,0.7756046984608662,178.06595210149726,0.011883595392068165,0.24274075196115447,0.5337380411651312,0.14447593828323424,0.04401063168915587,0.006490631698692212,0.0046305224200401795,0.0024094840005254767,0.007596536833325449,0.001602907739688184,0.0004098538732357794,0.000011104943748748637,33.786415606528685,0.25787437500582183
0000205,4,5817.688717970772,1.1470403609229352,8.6836162637543,1.4343493288766185,9211.458534968133,7.109491068067222,0.8266521479504723,-2.1627130262984657,-0.6707549798219158,-0.2436602166658013,0.5861465215078298,1.0668498046146833,299.32333777078594,0.024859276303201186,0.4488813209464068,0.155381403818395,0.34032877532233485,0.021289233261603605,0.003617689059420656,0.003018852000221779,0.00044445324914223574,0.00005374464229003868,0.0020370243389287584,0.00008804203336943475,1.850246856534354e-7,35.35626924839537,0.4287947348831558
0000206,5,4430.876199423696,0.8466351069678628,14.923490358533927,0.7513028868026504,7547.145820723102,6.138106547120853,7.2026543944136865,-2.2262358470755834,-0.06666204029898659,-0.7178590800041909,0.9251606868232956,0.9259327511859266,275.4196434449978,0.023542070207719524,0.17200048219368183,0.31563939861457047,0.42428194808363395,0.04315018662312007,0.007121326722826468,0.003938734294354782,0.0012832341375868148,0.006784284767062122,0.002240338389054675,0.00001669121347460491,0.000001304752914633395,31.63050125073046,0.6440181105014634
0000207,5,3925.306207273698,0.6306511451219309,7.869159636702082,0.300072433449496,8981.083465430711,6.937585486936945,0.6549978277989078,-2.815366966338385,-0.4909046892663851,-0.3827038757312602,0.7635906734533289,0.925145989817841,251.35528875012838,0.000201394219886714,0.043442096341836406,0.2965954605166396,0.5547386654796878,0.08533469407282204,0.0009280402052387989,0.009327813913732557,0.000025575044545530193,0.006423158604681719,0.0022933018926380297,0.0006865604137436766,0.000003239294547428248,29.088616597863652,0.13705617292253494
0000208,3,6340.259446448118,1.910326353641492,9.013913289692757,3.770034892570429,5554.057168282278,5.333425108334522,4.576418336678885,-2.5414998089837537,0.6772697033941153,-1.1846404832260395,0.3307911905946448,0.9074940033588099,247.84026652284246,0.001406320428913374,0.07188368417818104,0.5217158067898017,0.38613807745772344,0.006186171973186639,0.006337253648862971,0.0029558616325934257,0.0004904640376410209,0.0012915753117698793,0.0015444325606262447,0.000044349904847580406,0.000006002075852629522,31.295311947038417,0.47079311813866365
0000209,4,5543.834313355991,0.9102550934819863,10.008969153642196,0.719059375891363,6778.155196135555,5.75764225992933,0.5763837684208408,-2.4235126520377124,-1.2531455135575984,-0.6712654137380731,0.8204795607184525,0.9570502685291512,326.0947948897615,0.019377723973171168,0.3754925227839119,0.2873604155251937,0.2682499953834393,0.03217641222727408,0.001793424034420525,0.002267654760397665,0.0011325427487179443,0.007404492829235212,0.004461349893763363,0.00028181903075487336,0.0000016468097201614703,34.855659388384005,0.6337047487716888
0000021,4,5650.784897146214,0.9101436885040245,12.199932002292897,1.0489727185183852,9565.637997768737,7.018560320866862,0.17764419850584434,-2.8366339863186547,-1.0780560624979059,-0.26026719012040966,0.006889027962501348,0.8162695029683376,185.51030965603206,0.003821319399430444,0.38534891728796333,0.23097679875412525,0.35778374624834636,0.00955816250647504,0.0027672962718075732,0.0012457499391798615,0.002167182636803274,0.0058601861976538315,0.0003967167502514057,0.00007375309037736325,1.7091758623213825e-7,35.2400716404431,0.20858566324595823
0000210,5,4404.978865308861,0.7004872176957694,14.28910021342811,0.4010890859493748,6129.504174824762,5.368215487611299,1.473887827311529,-2.016434260806857,0.39179930396667784,-0.2832984191660328,0.3579502237162858,0.9313348191638052,259.707744657445,0.007167047339669106,0.3786422854651424,0.3902383499416589,0.18785980687959497,0.02713597676275935,0.002575961324158083,0.000551359099993274,0.0015713001344413318,0.002576131822569888,0.0014997535767370532,0.00018124426712324751,7.833861523987437e-7,35.37820239929803,0.7109974224547658
0000211,3,6335.215974475995,1.5627128705061164,12.67225033913839,2.2410791215686947,7089.6436648170875,5.824021527044025,2.990083559576046,-2.5292428434614873,-0.984072414705782,-0.30616054223516387,0.012329812263537798,0.9037654612966469,319.3677808985563,0.036104169462971826,0.4555801104272213,0.030325513917124843,0.447427204252064,0.013155907867023198,0.006749540532857134,0.0026654491915347905,0.0002492691087996426,0.00366713392186296,0.003961073810586191,0.00010549016992957277,0.000009137338024438581,35.10548260768409,0.10722805311509512
0000212,5,4456.836498231844,0.6557327144807575,11.864917856537952,0.5612893315932368,5020.247071400879,5.230662320373566,2.4700876692952702,-3.4750600671208924,-1.4614733476297417,-0.6505352928190172,0.9360759747347166,0.90397681784029,221.76053563395143,0.052469276428550274,0.5848985005147468,0.19346317646373748,0.07357571709645455,0.057971809188226586,0.012898324882457185,0.012677478540744715,0.001161117230471362,0.009455106963673496,0.000966582462092128,0.000453867213330359,0.000009043015515134951,37.48244310670734,0.19622083666777812
0000213,3,6029.149728616021,1.6106308745739595,6.989690746018097,2.2137572711324487,7642.117497919176,6.2428751101112905,3.3125857942962034,-2.4339350697629794,-0.16560443109673328,-1.2759324515389685,0.2649764060780515,0.7723426184313477,235.22653418728285,0.008572317160068028,0.33085475756419697,0.40292145596816187,0.19965052516904444,0.03419081044458411,0.007690047234684177,0.0064351692432356115,0.003202567795509666,0.004819946844089384,0.0013869658135284427,0.00026996671062900156,0.000005470052268371369,34.76243790995442,0.2979685146541335
0000214,3,6949.651206758948,1.8774754910853013,12.272785261243698,3.8949663318440813,3829.6848329224804,4.700433623023726,3.9060938318548253,-3.1895777283381737,-0.24688133054427897,-0.619972802141185,0.2615234580691874,1.0580788572937718,275.8415961082933,0.01181852514267,0.21693119469433234,0.40797531676475746,0.31355450526364753,0.03067657658691005,0.004620656357617798,0.003973576384641982,0.0014621125698667061,0.008635703054010934,0.00031734199158533924,0.00003085858582774731,0.000003632604132037527,33.03519264054215,0.3247780481704394
0000215,4,5351.324179983936,0.8252204912128054,5.439274153564263,0.7065789834067836,6390.399932229182,5.463854552959648,1.6836946359557792,-2.507917606071525,-0.6819792203906512,-1.20270396392265,0.6120492319033789,0.79589057611874,294.38940170462706,0.07569188148441632,0.1771584682707198,0.2767130872878286,0.4006047296537122,0.03988987987476835,0.0031168769565860376,0.016020985143994082,0.0009650459321058873,0.009471952099493053,0.00029287746032928867,0.0000653700969327419,0.00000884573911371418,31.12371831170749,0.7453453835034306
0000216,3,6003.3591206378605,1.5889073917755507,14.432829450212058,2.704951537445261,8876.313595393638,6.697318316155124,0.4077481566259299,-3.0177962539285184,0.17446519182430364,-0.6194721148193361,0.8536841835240431,0.9894415636057372,207.09071940792072,0.00585245542492584,0.33512910299906606,0.18368627032219917,0.42027702518147186,0.026855631375706464,0.009036590768511014,0.006748524370441324,0.0012925456147263369,0.009524874638251475,0.001492634376042983,0.00009683094358524806,0.000007513985072104401,34.22389649697613,0.6033430014021505
0000217,4,5587.530947838605,1.0496201907797675,6.031966155546602,0.8117468367100001,4936.119995583676,5.227993315400192,2.9400968075685103,-2.6753542153311756,0.07575233250378077,-0.6151800322079354,0.9417901561239247,1.0468497323462413,396.6203107551332,0.05252467476869572,0.024696593740383882,0.39238347036679927,0.46875786528348684,0.038589266838662685,0.007446943882286597,0.0075672686290514535,0.000010603298210987274,0.0035483198423959736,0.004334169385057794,0.00012953008675390125,0.000011293878214787835,29.185244983896617,0.18874581769344045
0000218,4,5729.449793734467,0.9002968153007548,8.116865520592754,1.4769279875329575,6716.897528951241,5.603493701411403,2.164538111921476,-3.258720600246312,0.2629029709046211,-0.17422122428063136,0.5622903500902989,1.001789927374919,212.61870873541972,0.13476800201586148,0.2478908146677352,0.061223370302876154,0.40172400144977927,0.0788912910008655,0.0015180258949129134,0.027725789722432764,0.0005075559131693922,0.030401370003574985,0.01490864137602829,0.0004142444536070101,0.000026893199156902106,30.89849192423533,0.4164128122089765
0000219,5,3999.1937579040505,0.6979258592963059,9.031252390218187,0.492549661358327,4475.619052351397,4.9568719994237105,2.7856400284237584,-2.210018745323283,0.9330923252684435,-0.4313325393166667,0.2295288179736581,0.8370149591954745,184.7490116138932,0.09111137277870886,0.07416451911317588,0.5289306408682336,0.21699791129168788,0.042038093855938145,0.002163380560691726,0.008507983273562697,0.005141644756306462,0.019990429995549966,0.010778903594104326,0.0001615917310649892,0.000013528180975440236,30.63374119914653,0.2989774013473707
0000022,4,5758.0854375180315,0.9648699755831595,12.272204806850754,1.357885021099963,5792.513718326739,5.295587285870953,3.585327383442924,-2.346405502553381,-0.4217527445791218,-0.007643826191551906,0.4140704198685964,1.0313863182019691,266.447599554801,0.06599590560585344,0.3015018134456043,0.0288148124684082,0.5564857263434076,0.011574891518530623,0.012781815060645203,0.003952905765552005,0.00022124135049834238,0.014190115027612887,0.004363815891696232,0.00011228855221621748,0.0000046689699750529765,32.82569910029051,0.29131011312327615
0000220,4,5753.678207108715,1.2536862173496461,7.0258260589557215,1.5425771808541309,4705.270394650753,5.160314368519871,0.47225126213600455,-2.372337207942204,-0.3720539716451876,-0.6807729685179493,0.14852382216324933,0.8030334791915852,223.8320318791002,0.02018306381381994,0.25771994070836546,0.1829459208843452,0.45666156141996184,0.05319602035720627,0.008774140506893312,0.009673617402258911,0.0011190301193360998,0.005339838599913426,0.00428800699869276,0.00008732997619350527,0.000011529213013235685,32.33495717668898,0.5212831351948564
0000221,3,6226.976844035765,1.3910988211554232,7.561455422401267,2.347894408794808,5735.525048133854,5.323872813372875,4.580114740581141,-2.339850392297235,-0.8754192263730848,-1.2837875819661715,0.7572846970678782,0.9448659536795014,359.5742218143824,0.025471912725397537,0.22852089990468444,0.5347342689973829,0.1836615035623938,0.007357660375227705,0.005356567015813473,0.010219357915658934,0.002475910764940695,0.0017685999001560942,0.0004038236571911486,0.000020387035855562348,0.000009108145297731171,33.65209796112659,0.670236910148664
0000222,3,5913.589959154432,1.8532675826482374,9.819716042813793,2.232064927536525,10064.97086686702,7.51454348958618,3.4426292656967763,-3.219136705883717,-0.9420974932577689,-0.3991112400052981,0.22266339047494688,1.0849292717927528,294.1106804856503,0.007500799000361858,0.24697112235541693,0.3999583080680519,0.30550411541892947,0.022144968375686306,0.005254958089682369,0.003442390750314048,0.0022716722913586843,0.006806992275454271,0.00003945293989932109,0.00010351052954434574,0.000001709905300346694,33.59248666953775,0.5798901756513656
0000223,5,4319.3359146315615,0.6580517708703674,8.583979578922317,0.4310675516635927,8409.255476051652,6.648735479613071,1.5806795102402038,-2.985816206385392,0.5585962427072664,-0.07138610319145955,0.9633842269254412,0.8245879651839193,210.8838036328192,0.06967174016576946,0.4550811167094694,0.3725376239742449,0.04474011898949259,0.02235755748079364,0.009798525596734633,0.0063549785295756245,0.002331194607705033,0.013755280920642179,0.003138264091871403,0.00022216567302409335,0.000011433260677049164,36.47886555024666,0.7809177202692545
0000224,3,6961.659411277079,1.9353069344012235,9.708443998982437,3.2571902842120046,8089.383304527199,6.32638002603152,1.5889295472714549,-3.328085241100438,0.18298269115966526,-1.3900907335682104,0.5790526740451623,0.7746755024448859,194.66140177048607,0.02079272782647057,0.40492129391980247,0.18134105440244186,0.36307234873275945,0.019517843783983083,0.005475433238907132,0.0022168240794081676,0.0007737230686785958,0.0002824493959005652,0.001507989219937036,0.00009593966693398812,0.0000023726647771791638,34.86876574466747,0.4683224941132216
0000225,5,4085.546255181677,0.8240810535215631,3.429053477449508,0.35076976357447603,6003.424989551047,5.4695220237213205,0.4535347949806783,-2.918878904915791,0.68703676818695,-0.07568820107321428,0.26205592611725914,1.040464259575076,288.42107234649234,0.011019497783565204,0.24387173643583773,0.47567741431683247,0.22685806361588937,0.02610601047142002,0.0019638128416715017,0.0020121517101919285,0.004265074290684646,0.007316542131677251,0.0007965562246412452,0.00010748973064812146,0.000005650446940632311,33.75939814757187,0.35075487970561436
0000226,5,4076.196700826938,0.8111830704065671,13.221166894539245,0.4351734327267338,4797.348763424924,5.156657170998824,1.1191804948346222,-2.9865704325361615,0.3706003843261392,-0.7856577841422921,0.197149690402333,0.923097335810303,239.68194645211602,0.0445057955583486,0.3970828611648253,0.26722125567303323,0.21711856462570908,0.04785820675615459,0.004857915473923598,0.011312057497414757,0.000280158318797018,0.0073176875658128165,0.002018082734039446,0.00042307587628756315,0.000004338755654055054,34.73769531498242,0.5499688194546951
0000227,4,5790.893131686942,1.1913012091755906,8.50415330667703,1.743830652767638,7520.615365289102,6.091274541182306,0.2151028774307806,-2.677702517097208,-0.8913996998282868,-1.1964653786709287,0.8801823253249169,0.9892547380380551,215.25528145225067,0.05357555550967242,0.12472479045472049,0.37660434453435776,0.3729545556803087,0.050064374656230676,0.010047807938361965,0.00006823045800875094,0.0031490445963312484,0.0033369297259589607,0.005275230688495736,0.00019170774163500205,0.000007428015918289568,30.660925043774654,0.24055561527096342
0000228,5,4923.136461183276,0.7582774596014591,6.253155664652207,0.4827531658333725,8849.046096316564,6.752805224921551,0.1961820042573481,-2.2010058625470648,0.6161204904653421,-1.499406602567913,0.9418529258922901,0.8765420910882509,262.8559673507159,0.04596747083467259,0.28348643625480346,0.3556167960599399,0.22818751558042502,0.05178487972930112,0.009854411874584348,0.009604381307721958,0.0011114186697347836,0.011741180342254577,0.002382882509584952,0.00025715700104798266,0.000005469835929164196,33.46323358964618,0.774111989048826
0000229,5,3833.459659688576,0.769398378648021,10.400697427352828,0.4899211326574082,9127.868061433983,6.845614064867505,0.5435419776135473,-3.179789904854923,1.00767847605703,-0.5397349687304411,0.27403929156498263,0.8809497953433689,188.49896248373744,0.020840627018750685,0.3432836311658769,0.22457953041915032,0.3584198431694599,0.038314495482222245,0.007558272472671831,0.0029033460849810927,0.0009276873629179908,0.0019880972005169237,0.0011075118007218055,0.00006993498810448683,0.0000070228346257509875,33.93198120464862,0.49450493509960014
0000023,3,5909.719444560423,1.1735967793441795,8.79480987137331,1.8992005148564797,8109.49182367043,6.315228791794954,1.6527212034519494,-2.5280246121924232,0.69403943495954,-0.9638223994430275,0.9413318762652433,1.0300974067012967,284.31195194148165,0.08240496993978876,0.5409792917406444,0.24626921486964745,0.03802116704915984,0.06016941367841953,0.01752550254124245,0.010567498864718184,0.0007747420738811704,0.0010514622638780947,0.002095453921251419,0.0001309194776265781,0.00001036357974226717,36.41586820073791,0.2960790302695313
0000230,5,4712.52874033504,0.638096918340838,14.837110563830624,0.5516635249655599,5440.257280513328,5.238575833077637,0.35089966740826284,-3.09986284150511,-0.8913405035894165,-1.119736183913453,0.6832722191379788,0.7860721823323921,181.38394234934083,0.006230552889047067,0.3499417460450672,0.305280976993109,0.3022529990308525,0.02255107367702838,0.0002908547934114994,0.007177292281004896,0.0003325820706105993,0.005865596337907942,0.000017971186519480333,0.00005481617162968991,0.000003538523811919959,34.718320927665786,0.6904359169555667
0000231,5,5021.239777392866,0.9301788979825725,12.262975432534473,0.9804386850450979,9588.95110821124,7.279736017587187,0.9201820182733326,-2.4867938185955554,-1.1614824139747097,-0.39819922730953294,0.21837918379685217,1.0102866515332012,263.91824440139453,0.09933965794619702,0.4345106821238323,0.30659262711877155,0.0918303402965319,0.0030729429099594415,0.011048675686572295,0.02323861315713636,0.002279749398893764,0.016886424841485503,0.011183216850564507,0.0000011162343048268176,0.000015953435750592484,35.86478474116443,0.49174237926306674
0000232,3,6781.377828232238,1.4361517878623942,2.8368527061394744,1.881180470987626,8734.61773240693,6.828670136040498,4.413673890086102,-2.5979623413806423,-0.9047388328004764,-1.299213463405236,0.8186343282958635,0.9276331021569734,377.271859391226,0.006424822207753466,0.440791488757353,0.12751125133428212,0.33533957583354446,0.043076895014496894,0.017602953787758387,0.016009684129463818,0.0010392108521177178,0.009990203044294679,0.0020998102264187936,0.0001045663039237821,0.00000953850859314647,35.632469241407506,0.507652947659086
0000233,4,5400.070191850408,0.8776665103059337,14.516733827215642,1.0446135868472464,8762.212644530571,6.842559627158943,2.286398240898947,-2.5024134334956094,-0.3522821771686224,-0.4603286411467151,0.4871722617188099,0.8147311572543436,220.19660482655604,0.013401023370305354,0.12991512921169412,0.17305437879220345,0.6344729193887194,0.019015688246954814,0.011781255584252156,0.004910720229533753,0.0009096176529662783,0.008852551861471847,0.00366252665035423,0.000024067713076872504,1.2129846789311435e-7,30.905249870454995,0.7893486544718017
0000234,5,4968.853970274022,0.7155387472302,14.620189184926225,0.979107475834307,4930.442535315572,5.0347139958100415,7.199834164422244,-3.017510099185192,0.7139367202292979,-0.9962773036456753,0.3303868534528924,0.9290079210579163,219.94288252871232,0.013274229250392351,0.27203570132796945,0.35601502094157245,0.32303543096196047,0.013358328293704598,0.007195004414092618,0.004049082295137888,0.001929782961582052,0.005826885141338023,0.003227607052457402,0.00005264789253218158,2.7946726054775367e-7,33.81958674180699,0.3103365409943558
0000235,4,5479.911589643857,0.8043004006990472,10.175078539276498,0.828380269868229,6384.010507216758,5.468218445749865,1.2106997212490813,-2.118697296932239,-0.5547852630952874,-0.3966031661813125,0.7419418866086046,1.0939894964420738,332.81963482658074,0.056592084160815986,0.28466563683174595,0.279250980306795,0.3467399007066262,0.005278080326459247,0.01583210318992234,0.005001908092820153,0.00131743504815553,0.002109388255515164,0.0031561276342811583,0.0000489146876706554,0.000007440759192361628,33.37238020886385,0.1850634731009023
0000236,4,5366.205320403062,1.0906378699576744,4.197783592925184,1.2635816610355586,8378.822262780033,6.654626698821454,2.0970523553174143,-2.321253558111912,-0.7959500889300312,-0.31840306476440716,0.04596078700403139,0.9773673806799552,303.82870153303486,0.07728511691061615,0.41870449382710784,0.11474038036381173,0.3356833998051673,0.009934921637847099,0.01804162369375226,0.01255350042026333,0.0007350217337179101,0.01174399729089897,0.0005002621433798561,0.00006676207474844323,0.000010520098689063832,34.99860960699627,0.5101327561779845
0000237,5,3973.629070690188,0.7357831524791792,3.895988236623781,0.40900582642684935,4384.571767114515,4.950660264867216,2.038864344261251,-2.9685763818784654,0.3794290654589936,-0.24520324468088317,0.6828491286340976,0.9417695363362786,249.609746158861,0.006585094522883426,0.47273078609683156,0.20928646408634002,0.22013285680658362,0.06355824544369712,0.012945138535753364,0.009658868717211864,0.0015139417941639648,0.0029474836908060984,0.0003427491218572982,0.00029655496440953593,0.000001816219462044771,35.9228221593201,0.36042997219861794
0000238,4,5365.335929585459,1.0183250286366943,13.939580198512944,1.3507034388226868,6613.87955482867,5.606317510203048,2.5942305578846008,-2.6360292094442412,-0.7540051779882595,-1.4617926236213676,0.41028304833401175,0.9817181068339503,296.27407213496826,0.049545211070208275,0.3748334615333971,0.05732327670153542,0.4695446094423931,0.01973347855770171,0.005684728830839124,0.011755230255268064,0.00037704943998186855,0.005089059147289171,0.005911495935675976,0.00019699158555014191,0.0000054075001602915945,33.72359509299794,0.49388264726202036
0000239,5,4928.050899155036,0.6834617692294985,9.527826047460124,0.638453671074409,5474.199425659878,5.169241276797058,2.967376189367852,-3.095569548551219,-0.5241677144479325,-0.3302627241231737,0.16156501530931122,0.976361311104311,272.53422728616715,0.006888728555889698,0.38714855077801474,0.10638249439369668,0.4233928050746537,0.04696032740277257,0.015513216120959645,0.0001457657946478883,0.00022348628803472534,0.006428583550589704,0.006871967313830536,0.000027217245873396513,0.00001685748103679472,34.408619356305095,0.5323807054418431
0000024,4,5341.46067569557,1.0328915283973918,4.686403023195153,0.9444774308253692,8104.0371118008925,6.317248618318066,0.5617130313154313,-2.650284862292604,-0.6590681226492584,-0.6396415095135586,0.5621885767789085,0.9341683436313096,258.7651206959909,0.026237308118061894,0.4980782512758869,0.3919898249353047,0.027689137433581,0.020071510149954917,0.010874662019875983,0.011316956486557533,0.0036100089478071228,0.006791094294946353,0.0031925728874745273,0.0001482209229502135,4.5252759876289284e-7,37.496550744825576,0.25874488940390683
0000240,3,6238.333904791765,1.6246221143230888,1.502979936381249,1.708422220956787,9922.020174119241,7.294742400062196,0.2459343344636482,-3.447014348096492,0.7218507196324344,-0.6255000918603566,0.44814894611182066,1.0305533452962556,326.79967969615063,0.06122465968103942,0.3939489520222173,0.4288610966036973,0.07698288135654184,0.019631966341035412,0.00758298926489711,0.006473961029551163,0.0024572321827122205,0.0008411904534617745,0.0018052715459474238,0.0001801676895862284,0.000009631829312832402,35.35865375075271,0.37794869587605007
0000241,4,5716.0518505668715,0.9526130062742474,10.526793041692045,1.3067997739112869,8445.781791370659,6.725104834262323,0.9156170188786211,-2.7135684113307574,-0.43361619908282956,-0.6851180479458026,0.0036285437778574847,0.9532844238149414,233.26729414054873,0.08408027708312446,0.5546941102641699,0.20118678353062175,0.05530403396590866,0.06808604831859602,0.016747071752923493,0.006971194327808947,0.001227959040786107,0.0060816241637206905,0.0054293734042813995,0.00018864823126018223,0.000002875916798446275,36.48522777444277,0.2233237511562201
0000242,5,4371.65488662147,0.765089291850014,1.3165706529806993,0.6404058805326621,9441.211726633313,7.079250317144391,2.8576961655843105,-2.1028170389805876,-0.33677429823206073,-1.090170757225993,0.359771518335958,0.9194141312522723,274.6380285112886,0.012997769481052633,0.1748173526749126,0.567777444764792,0.21209587088491644,0.009940077446719393,0.00881721805523138,0.008055613952449331,0.0028686201287314293,0.0005341334937709965,0.0020492568676161193,0.00004165765271008562,0.000004984597097687721,33.01902233790023,0.7170680397369348
0000243,4,5382.434718180123,1.0193690392182577,9.376341148096403,1.55008668273122,5816.2400182060555,5.444615678557515,0.23567868893268518,-2.037102615279452,-1.3472330795054148,-0.3086000912654936,0.6709709807322015,0.8656961275544082,205.40099727111766,0.014901845324378948,0.45520731210844406,0.4430658237519966,0.05810529224662194,0.014058670792066621,0.00022408202252291348,0.006927699155160139,0.0015391680678422085,0.0009114714138698205,0.005042017695392532,0.00001183543900469961,0.000004781982699585823,36.755597062582,0.2009971129711493
0000244,5,4899.821299158505,0.6052540327843902,4.957670286345005,0.4557434820436592,5052.391432256452,5.102955699068596,2.8700797554984536,-2.0418356329921545,-0.6682333296918093,-0.8525598634734094,0.6126421625775341,1.0229335862111613,383.09489702650393,0.0031019280617516206,0.8100930763382148,0.10619896511574552,0.007641471062514769,0.015535513432878182,0.025395655327326908,0.018833781153865504,0.0008700102915478319,0.010148373785983112,0.002026496912429381,0.00014624419325437078,0.000008484324488039681,41.94577135891655,0.3622170235266309
0000245,3,6885.174506905423,1.6181315211874707,14.930322753010627,2.11366167131711,9148.254972047016,7.076671513847934,0.472768927217343,-2.072806343104007,-0.13829873293122552,-0.12031235295020482,0.8526778297034295,1.033686122854662,308.27469595458575,0.024728494477075823,0.37656560766387653,0.03404436089367726,0.5162027553759316,0.02648593482379025,0.00336515791296774,0.007395829419451342,0.0001851028141366735,0.00472631429132491,0.006049358483259175,0.0002460096399641241,0.0000050742045444965206,33.77016830352505,0.583196569804025
0000246,4,5899.95050017209,1.0101467174572725,5.251254333598243,0.9944307391285402,9129.029729890191,7.028605271881897,2.633995047306705,-2.908633265732771,0.5299722152922088,-0.14383716006217573,0.07559585690332427,0.9450395571975968,246.31729760088936,0.005798850685935628,0.4142849724914645,0.23463568455630704,0.3194847616352575,0.007438489028175214,0.004649943895592646,0.007792483723854287,0.0010013461943048552,0.0010132554450924941,0.0038461977575570423,0.00004998136220892073,0.000004033224249838572,35.517382187016686,0.3365463665484423
0000247,5,4329.8590949175505,0.6851543906516273,8.307933098850478,0.6897867839059796,7605.453525051234,6.271237537251794,3.051177961875667,-3.109585972383029,-0.23634631469262413,-0.7882368421029156,0.37059286952749426,1.09994976352028,246.01538084075264,0.027843635689172,0.39682319902938235,0.30115817560229363,0.23603230724202437,0.016216599282325724,0.008386857466616585,0.0018627884558700613,0.0007219510684041047,0.007887854648972804,0.0030536639318714965,0.0000033337587577808457,0.000009633824308985157,35.48862945411264,0.6867269100122381
0000248,4,5344.355161627837,0.9348981212623235,4.446215205611599,0.8888129559986003,7422.511625211348,6.052756270277859,2.8381434242659327,-2.2137047727994195,-0.5643563566111,-0.27256517353293686,0.7863316011518657,1.0236141892308128,305.43911910280116,0.06461649682602717,0.09786818977496009,0.39033786878261384,0.4017228832006575,0.019988994012758922,0.010233677507592904,0.00028140430220873234,0.0011032875015225662,0.00519943186265714,0.008569789852644834,0.00006062470462667971,0.000017351671729524235,30.528904028863398,0.7581869388389766
0000249,3,6173.4626139702095,1.6024582941460936,3.0411647012177525,2.9434359023083756,9316.147128122508,7.030360415912575,4.346752377201415,-3.0252703699078785,0.8919834919013794,-1.368577189074475,0.8384249609713853,0.8655144083980563,220.58273248847527,0.04528030111566264,0.3055154674281645,0.5207861272425363,0.10046596385212367,0.0061329818180271885,0.002907890179983475,0.003185459507725325,0.003022308949768572,0.009463104727860454,0.0032053380937763524,0.000032563628785277114,0.0000024934555861214086,34.86306966252263,0.24626587083388268
0000025,5,4905.122946938194,0.649095482977422,12.97782183635859,0.4110387055970302,8975.76826362957,6.891096037000881,1.183687063557963,-3.2839739772344245,0.5581780370325715,-1.318050507744981,0.6368523415817331,0.9898434137608265,277.11331764635213,0.03958500285213352,0.4561205365030404,0.32124860591932347,0.12771543453520712,0.03850431348322364,0.002037045126647415,0.006444846038659568,0.0005605854765066392,0.003213419826961274,0.004188754596116121,0.0003731859772088153,0.00000826966497190093,35.847307334328434,0.13799911791931113
0000250,3,7043.725022000039,1.859195142588765,12.448940090464525,4.443059108853224,4784.638651920831,5.121198719472799,2.772974983430904,-2.5802587340855263,0.15670187654495793,-0.06863094061762487,0.36358947826851307,0.9659580498431892,208.68329296414348,0.010463794870342531,0.5475173405383014,0.1301846073735319,0.27606786666236055,0.005929666221982386,0.009680509211923457,0.009629173381403682,0.0009181423881686659,0.007054278649481303,0.0024950360457975983,0.000051515363984615964,0.000008069292721928384,37.51531503370655,0.6881456349565818
0000251,5,4837.008672737151,0.6752249710952066,2.2633479808234718,0.7597988800214015,5401.50973564139,5.282946178948023,0.4664073668229667,-2.467955149794196,-0.8445631918847524,-0.814097684009687,0.43279347694708226,0.7429121630184633,186.4981246795939,0.0168107336588516,0.28509183544515093,0.38828221765125903,0.2714191705740599,0.024997594182911833,0.004651582454960265,0.001399480976979245,0.002888604052651106,0.0011607116719423904,0.003291620441168269,0.0000021271435250085493,0.000004321746540350619,33.79201155874367,0.3285446130588949
0000252,5,4475.1792822375955,0.6506851156225125,6.312792354625875,0.4570124141540108,6064.2382287728915,5.323054586575451,2.9130181543326703,-2.6906998337440844,0.3583252397073915,-0.14051985504159403,0.6220391529761786,0.8894575838112266,229.69184714891537,0.013888522057826322,0.011130230077495043,0.5186926684672413,0.41177627412244033,0.024779010460372893,0.005494481441724649,0.005113990106660066,0.00042433580311161884,0.006214130839200515,0.0023194121297772227,0.0001639048664706571,0.0000030396276793802507,30.11817354081321,0.3674204742658963
0000253,4,5534.045178824692,1.0783792168161193,14.539477458000256,0.8055924149955027,9162.084292278621,7.042774872959276,2.506383647791924,-3.1910359785264784,0.2039168475814479,-0.8495359665657585,0.310967440723374,0.8380129847449305,253.96359351690302,0.020779294161257754,0.39498484720403443,0.25188784751315824,0.31032801359195944,0.00784105205627849,0.0012357801131793454,0.006585574681271365,0.0024503769214334085,0.0023453020204658773,0.0015290236111937365,0.000024840307810542174,0.000008047817957406693,35.17077479314544,0.7881773750057987
0000254,4,5593.896860906623,1.1220114638301142,7.749661454310343,1.0710371674045418,7847.504003807139,6.190102140558066,0.6953839062760525,-2.9599664927680283,0.21901123302776893,-1.1327270155997746,0.23282136223057992,0.9375788685495121,250.17257101176054,0.04369536937746857,0.03416780480430465,0.2889732306891488,0.5556715150769778,0.04486232597021105,0.01465379779996333,0.007472416157459288,0.002530303296128555,0.005167901771349518,0.0026871014924536355,0.00010315417887783897,0.000015079385657026563,29.179981389225407,0.27505925571278456
0000255,3,6009.289558197799,1.8489077090860133,2.087385956938408,1.5124682595379457,8419.380283868692,6.451698373497992,1.92520711292471,-2.280626684904165,-1.1791615550467107,-1.0187944825472743,0.10226340161916869,0.8685888927734255,392.57916704891676,0.061427969728176914,0.1004850931820029,0.6214329911142955,0.1238883741405775,0.07362006244931309,0.002959107616635344,0.003193770503913023,0.0019498967332508862,0.0030044756823963525,0.00753088855108733,0.0004939003402267449,0.000013469958124451613,30.71441928810813,0.6809811549176096
0000256,5,4368.572416603176,0.7148583254997962,8.766466365002344,0.8009419871919963,9101.866466712736,6.891835857332036,3.661347523441636,-3.4555458557242464,-0.2760610563346655,-1.3646944463723916,0.9298801182758467,0.9894096571524656,199.21589180111422,0.08817575828271601,0.06909715521423106,0.5924709221604968,0.22225731373627697,0.0012707806410380005,0.006952333263067208,0.00900306246424673,0.0005614622392474712,0.007700959897494461,0.0024940220696364145,0.00000416996030549269,0.000012060071243428906,30.95639211051181,0.5424013020519886
0000257,4,5400.988688590693,1.0648980201230929,5.171847866615842,1.0649628885493434,9776.984834828681,7.328729394523,1.5431789156071136,-2.665677566769817,-0.9402164976051237,-0.9851930631972052,0.2884153101899434,0.7895917994565033,230.9839234617941,0.04421350959379966,0.09979479249476048,0.3613366615740792,0.441374531418567,0.025952147538412653,0.0069484503979173684,0.006868989557782954,0.003312805550745955,0.007421015272300497,0.0026533558293539744,0.00012329281458225302,4.4795769798945953e-7,30.71305420956834,0.6818376219888558
0000258,3,7023.935576773458,1.7560343450576519,2.2003428342994567,2.6771490875778117,7666.742861429709,6.182670199488931,0.5262135855574108,-2.2622021170356117,-0.3026944287466655,-1.2098775265756803,0.09491037695130156,0.8919267920199168,264.4867303191377,0.052631028975894265,0.20085395137113632,0.15033763003062198,0.5324083278980681,0.046719317079620015,0.0015699016922493616,0.005826287769742035,0.001121584694236694,0.0030762651435223415,0.00523052063283846,0.00022312413950384102,0.000002060572566538326,30.841275242563707,0.1484018945109795
0000259,3,6821.915277819179,1.4808312910335901,13.389223474529233,2.9788496144018857,8475.112835044483,6.59812098455258,2.9440767808965758,-2.6725823238208264,-1.0142061524750612,-0.8364147442407492,0.43950877364006835,1.009540748386893,296.8403212547324,0.0028740693539521327,0.38392672526758415,0.3268656845858938,0.22568507331353005,0.043096434810179454,0.004507494617525487,0.005342244265549997,0.0006196677281082863,0.004191490524730178,0.002694630606235137,0.00019582288531924417,6.620413921135626e-7,35.118983474880665,0.4631448529134762
0000026,5,4076.292029032571,0.6797859992275689,9.602025573927037,0.4287076812503299,9337.878060818623,6.970000781580734,3.7774740930824047,-2.0950929886503085,-1.0118154068228375,-0.8743166337266419,0.11422871988265515,0.9777697229086061,360.3861248706804,0.0233098099374698,0.34870868624385754,0.251515057969955,0.3204681279467043,0.043865773349524,0.0014410736046640005,0.005998257074564476,0.00010559014452404972,0.0013072807023647088,0.003001778493747564,0.00027508347911009087,0.0000034810535142872388,33.87525472909111,0.13124533011471642
0000260,4,5811.984473434482,1.150274669359413,12.185031886613654,1.4789092599955487,3859.6261014307215,4.799639824640901,1.1985738135598334,-2.269670529174974,-0.9970903535334623,-0.19250884980603056,0.5450992147722478,0.9319643760653897,296.9561106156102,0.04917081793161623,0.31209934105353293,0.16492818753133198,0.4375439527241259,0.016485812448141787,0.00319370698682077,0.0065878942792371945,0.0003494388929007829,0.004708470086803641,0.004924748024127401,0.00000559988444012674,0.00000203015692132257,33.14819466094105,0.10498614443004506
0000261,5,4842.388869572141,0.7666746945818987,3.461811079722475,0.5951800171347774,4646.314871156321,5.0402330380698075,2.177627347881401,-3.2596448404104343,0.7804589305361138,-0.9307840205102678,0.3970123933505858,0.9345127334779076,248.56084568006062,0.034234962709468755,0.016493259953818572,0.48961309631377964,0.3806071152666686,0.0496368851924246,0.00015115367905579416,0.014780744959173716,0.0018778872441410411,0.004612778267875405,0.007559394588220646,0.00041767989569749855,0.000015041929675769841,29.41561226704452,0.31109547063806564
0000262,3,7167.15140359689,1.4397602603175867,13.012775071462432,1.7587294792661015,6217.355354764891,5.376103451882074,0.1989990409404303,-3.358446456868111,-0.7406924173114411,-0.9601242130728747,0.9398210556425965,0.7839345815228432,217.79873968340405,0.0101149765892907,0.18938360565219262,0.46184754293080094,0.28139548213770105,0.02255766773382005,0.007993883211613186,0.011447543775615566,0.0007019886822534803,0.009967399989922554,0.0043956549234924844,0.00019023776764623835,0.00000401660565107745,32.965381011144416,0.7972876432071269
0000263,4,5678.668794016144,1.1671901866219812,9.716379235670592,1.856185358086115,4666.356571263813,5.081166391922079,3.1390616566155876,-3.1062047235770804,-0.28257680356455217,-0.9016979488284356,0.5586950651337058,1.0287771822184855,264.84230674760835,0.03765123088789236,0.04017728036632996,0.37133556909101384,0.4941765350911789,0.037424967599596765,0.0036555373120494296,0.00825975084221618,0.0025206697086268986,0.003476554697287047,0.001248369267820797,0.00007353130025280421,3.835734924165242e-9,29.532203818589828,0.5277732132480184
0000264,3,6188.667499017402,1.5943962964258926,5.45476847271078,1.4480540473637922,9629.830466187768,7.320995619618929,0.49596099870817756,-2.512265718148556,0.20215475674754257,-1.0556169653768244,0.3398775704184199,0.9447229997559201,289.7146051415562,0.03905649345053456,0.24213959012602215,0.4398348456469002,0.2227894270978932,0.038948920256392086,0.0029145889503286665,0.001162324432581572,0.0035412783168332,0.008897195515942927,0.000564010215901444,0.0001494602482255196,0.0000018657424444345067,33.215139439854234,0.22366442994209862
0000265,5,5029.722739466344,0.9160090199581103,9.36197680992045,1.2684885108576787,6176.062754204892,5.404046859381297,1.737096481148762,-3.1384768538212784,-0.5406850839758832,-0.15859782587885318,0.8614065326379693,0.9537638260795611,201.59212563369587,0.0033876292908804617,0.0856768227718869,0.3564711142204762,0.47949154902371893,0.04724628908141877,0.0009154591216231813,0.011140756297994653,0.00000789883091177993,0.010230543726155443,0.005003910634061442,0.0004249748421161732,0.0000030521587559677514,30.533821820454314,0.46950592332243146
0000266,4,5645.224889116291,1.2437264227304756,6.565586601928431,2.0906465506764804,4780.016106371954,5.167774918202872,1.09427978758398,-2.649746798013633,0.09391313012578428,-1.159300560231665,0.4266138996610247,1.0038238909117367,239.12252402700977,0.007774681224635618,0.16974471216954118,0.5048107186108082,0.22927839363716893,0.05766512268759385,0.00849026189757309,0.012386446640788232,0.000021803020774423107,0.009433344665151057,0.00018615965666914365,0.00019932538722905184,0.000009030402067309778,32.447050853549804,0.16017226630118123
0000267,5,4476.634084530928,0.6745133489927817,1.9665550388786401,0.7569528608997607,6599.343985623779,5.651893632058847,0.24511705206061896,-3.2445345750381698,-0.1363005664969381,-0.5096564804547381,0.7707458219633396,0.9643873929404692,183.33637710099896,0.03486374876162195,0.46117833441650585,0.12467485519201116,0.33693557395843715,0.023957854435477443,0.00002669919317491727,0.009191823433712255,0.00028404232613130596,0.006019624025974923,0.0026316928984489187,0.00022917422988210124,0.000006577128621915561,35.44663606374376,0.3026154020558002
0000268,3,7013.238999166393,1.8278264159169313,9.153014396479957,4.3203620072948095,7269.26731440698,6.038260833731554,0.4009830345118124,-3.2890675611338387,0.3003506660156423,-0.3429326822055787,0.29170489762552876,1.0126681864207148,220.64624220687404,0.07029661759123415,0.23011846769704564,0.06264083910208265,0.5587237356493936,0.05735840876982432,0.005119303393983691,0.006588873208015228,0.00026597195505217584,0.006911324505658894,0.001784750608140238,0.0001788282015641093,0.000012879318005309655,30.87201044604489,0.5741718748609911
0000269,4,5717.218819549858,0.9354886108620425,4.2104821227368765,1.1362362174072689,9187.048727278656,6.950712050349644,1.248791716963602,-2.5406374678278607,-1.1563506192478847,-0.172814481085809,0.05293659257726191,0.8954148061774416,260.0395220310378,0.05540740810583226,0.37726775749265906,0.10434194232143103,0.402240836719668,0.034265879913463415,0.008854560338575112,0.005648570287843142,0.0004883201379975603,0.01014783808925762,0.0011578975950335031,0.00017581488256056515,0.0000031741156786911176,34.00490522788656,0.14790821388704395
0000027,4,5413.6573690867,1.0394337224291923,9.775555819002772,1.2420027063422792,5685.417571511875,5.239375006981019,1.080620687258375,-2.3406209966315332,1.0219723905111948,-1.4094579050809963,0.3536833117145112,0.9086199017824289,252.0537167400791,0.035159669702719575,0.6112650369961592,0.04939769693171538,0.215567715961526,0.06971491977080405,0.0011591726512971193,0.011992231091728417,0.00007078316139129845,0.00544364093756218,0.00013980719394011344,0.00008385449448853925,0.000005471106668086596,37.0172731406839,0.44610503958166214
0000270,5,4266.096622082199,0.7078553174268419,5.747752336117023,0.4032389408572796,7010.651752657134,5.956698573805723,0.36098242270259717,-3.321895877136275,0.12189378202136081,-0.34950234701454175,0.5278101573618061,0.984435098134304,259.39115235915625,0.023157390172803403,0.36636714301053924,0.46756448635872583,0.10127305064451242,0.023580048475723595,0.0006908914123991962,0.004391127487036514,0.00047179039959898355,0.00922531107349602,0.003155825384038107,0.00011537357433528709,0.000007562006791393081,35.54223658496564,0.5520230896061693
0000271,4,5358.663664568177,0.822145136726355,3.391212354150354,1.1369716088082633,4416.914418661359,4.8857282847075885,0.914978377208531,-2.359125609516708,-0.21211008443354662,-1.4372876518571784,0.2655072408589818,1.070340159354509,285.4209565163384,0.05210291570808994,0.5664658133234793,0.20203571507589724,0.10156216066880104,0.054445413208424824,0.004208612636160326,0.00608767857139821,0.000564563807660224,0.010791648954603614,0.0013024284622495412,0.0004256402956668292,0.000007409287569100113,37.16113862956983,0.29976547238793166
0000272,5,4562.021831518469,0.7452173792867784,5.8084762476453236,0.5827526622968571,9925.776292972567,7.424525477826018,5.2799570957325415,-2.753039706885269,0.8119910814907141,-0.5351293688845603,0.3179141999323676,1.0585313953008124,263.8449055772223,0.008398092222492737,0.25329139491861863,0.5295852831333302,0.1823075779093937,0.0014805070665657775,0.007653728066230857,0.010580118822962191,0.00010850830435574383,0.006007256508503806,0.0005789807045208259,0.0000028769046836594085,0.000005675438341765918,34.40904067342264,0.6848459862626358
0000273,3,6340.813966160577,1.8440046201507085,8.411885284279725,2.72903054492218,6685.70834763082,5.581177431015137,3.1737844146135616,-2.9777554283316414,-1.4689586869048816,-0.6287962456820804,0.12373867653879089,1.031745362944695,328.90811592285775,0.005379738179390287,0.3501382375277521,0.5137375490113931,0.031765323253628755,0.07147000028166713,0.01075546531499566,0.003412392548680636,0.0006025898347084248,0.004642874591163952,0.007435507984672115,0.0006521732202685631,0.000008148251679456619,35.02249086475332,0.30561014620615357
0000274,4,5377.071778742493,0.8242949160821958,5.550712725894046,1.2175099226953825,7883.1024327185005,6.258889437696909,2.713187223063713,-3.422986936726282,-1.2831971815710275,-0.016791887524663096,0.2821063945866783,0.9701384253441928,208.22627608469048,0.02959930406451849,0.11345000263482738,0.4379100699568704,0.3948328918180578,0.004724875086730252,0.007107120975180751,0.0016347353002037865,0.0036803192261476497,0.005456275577573776,0.001587618323887952,0.00000827753052106772,0.000008509505480516328,31.587741918758393,0.43925325664692993
0000275,4,5768.673469504513,1.2761173235274588,4.243349675693118,1.6886045007733568,4746.978993176328,4.978716695621403,4.893600763359606,-2.694675298534295,0.6790258999136851,-1.276458568209634,0.9172743423724967,1.0250309275801066,392.0116977848103,0.003915331762994347,0.15774722319276835,0.313357574598809,0.4643420182606164,0.04128808582662103,0.005407500523442756,0.0027531611009919306,0.0017905151136060082,0.00435637114261875,0.004778826904750159,0.00025322002429689714,0.000010171548484488062,31.47929518314506,0.30719667143098045
0000276,3,6472.797661593422,1.4544921292492872,13.755393718870407,2.595115439143636,7673.080132380438,6.175717665651131,0.3117703191880642,-3.153635663352252,0.41056645260111413,-1.4163458680902807,0.40819636534413417,0.9780598287437411,222.17898690126083,0.04713715334491436,0.36284141790257757,0.46301345242000286,0.09155008487137208,0.017713484661505914,0.007825107675296962,0.001382131408057614,0.0031951132584497333,0.001992922027894734,0.0032195675596473007,0.0001273925929667393,0.000002172277314214745,35.20536106549707,0.6734008622492088
0000277,3,6357.880221748736,1.2237628713374318,3.767846846188899,1.6745817060784884,9081.943879375413,6.876165230901344,2.5143364707402434,-3.1657710885221095,-1.0080905435679002,-0.24506556012806935,0.8253715279398132,0.8383914099172677,224.34183058971263,0.00752942195161316,0.23128940706951764,0.37261775505399636,0.36764713640015123,0.004249867672965202,0.0029326953679919892,0.0060583816742212785,0.0008768188180648749,0.005167589379954372,0.0016022648487421338,0.00002817681730044921,4.849454813871958e-7,33.305257520256355,0.5465577106747117
0000278,5,5072.274108167836,0.9068482083091173,4.820784248834535,0.9162696162036049,3750.600348475894,4.752131975344671,3.0986995237048864,-2.4146059135056808,-0.7336462084518971,-0.32699460874186337,0.5060093345036527,0.9491646424292375,286.52878559892844,0.05517080287642347,0.2574862817303722,0.03692729349817532,0.583442344657159,0.03344540626024278,0.011516001882078237,0.006852796814597036,0.00013531817158460023,0.009556686823630355,0.0053049949348670826,0.0001594067354724723,0.000002665615397358539,31.800935484049848,0.5632131482375059
0000279,3,6309.631331703987,1.7109751586689894,4.324041899933215,3.1948352387015846,8167.442605211041,6.404941319288308,0.6982925528712498,-2.9008843201406718,0.3818482602414852,-0.8718904879890047,0.2691787517136426,0.8778709101968526,186.2708135108889,0.04051631218803721,0.07598519657546622,0.6983773735333829,0.11692458827121026,0.03987394072108203,0.00671928765116862,0.011414244920693865,0.002144069381345494,0.005192589376892826,0.0026535306177056196,0.00018714584997533949,0.000011720913039432852,31.438563737383763,0.3092761381858563
0000028,5,4189.662253631513,0.6419619553085132,1.594950883525821,0.5332663236930452,5038.169210082094,5.20694060321192,1.0853836205387157,-2.003247415973841,-0.6301950308118676,-0.216948019411354,0.9536196113088168,1.0269695999583384,246.8812556899005,0.04226668091861588,0.1576043595445705,0.5685518560012406,0.14447154309474855,0.04788321075442447,0.01362592506814904,0.009843758208160061,0.004134249256845295,0.0044865898358373325,0.00706798941876937,0.000052960485606978234,0.000010877413031931185,32.18970119324715,0.5221058700681679
0000280,3,6714.312506166984,1.4558071034799935,12.594424652046555,2.565905651245055,3843.28685443581,4.766380683533553,0.8949668969306617,-3.016016451256009,0.7151066378023425,-0.8159278973959407,0.6821407621868091,0.8036234308304653,207.14746768214107,0.03294169736336756,0.3531804047148007,0.32380822444463814,0.2677020814972895,0.007650899779544887,0.00031779687565119757,0.002996585606266042,0.0009180739872850286,0.007509152368047172,0.0029244665470979495,0.000048784908612625825,0.000001831907399013944,34.79479616970275,0.7966974091186634
0000281,3,7103.920322238914,1.9673848442323498,5.641733498655643,3.561975018684601,8810.690549442908,6.711170121775805,1.5044244811828924,-2.366953267047564,-0.12942132618361102,-0.6062942537706025,0.9726645657537412,0.9365048625326413,282.56103553715764,0.015490697130850526,0.5604479544469775,0.059913453619947855,0.315786012909211,0.013688096825092517,0.00682178689467686,0.01216321754812644,0.00043716112032533453,0.012908872506177758,0.002240731909914389,0.00008934954008265857,0.000012665548617059506,37.45755611073731,0.2792535212195276
0000282,5,4582.503548752146,0.6236898018246727,3.650148699013303,0.709823423971492,6056.5354258397965,5.4609953845789185,1.2699627879110975,-2.8526050068822064,0.752779005288641,-0.03364995316859809,0.8953356698535339,0.919703955940059,188.8834012475092,0.025033846528979727,0.5117985498729871,0.3226191831198533,0.10345207703893511,0.010408804977912101,0.005099149989137001,0.006679095609446064,0.00021100877998328962,0.008383026159328929,0.006295219775530676,0.000011579101424724327,0.000008459046481849905,37.430343972174846,0.18667470380678858
0000283,4,5562.121683090162,1.0380671963415704,9.505457170207611,0.929727350369794,8608.137772141008,6.5892131847456055,1.0101712584406868,-2.117317269201232,-1.4112294750670533,-0.4818500078951027,0.8539313661809124,0.9205038578994589,314.0090412812297,0.009354189472460693,0.11405551224696897,0.3046670964527622,0.507764353531845,0.043082062928214926,0.005822052908576887,0.0034883616405258513,0.0013967609058736581,0.009050208455956993,0.0009624481208801496,0.0003490587489674075,0.000007894586967222552,30.879790306615163,0.17689821660550598
0000284,3,7143.984761338568,1.554232475565585,8.035048755409253,3.225838017325744,7648.67245249338,6.246040093759702,2.032396804713995,-3.4305796149750267,0.3218154640421578,-1.4782881499718088,0.5786755977070743,0.7931504210177929,183.66479005946448,0.02394052274261082,0.5765739169463502,0.10060145549647877,0.23146183901931344,0.037372071472315464,0.01129816585769943,0.003943567668755322,0.0007686481951282441,0.00997210978004044,0.00399145547646008,0.0000648523859985569,0.000011394958849307541,37.462859671444974,0.1366565949596918
0000285,5,5239.788227073779,0.8407246209301287,2.4722506358836673,0.7835319159993828,9043.47847444465,6.970162911986324,3.5539979141392295,-2.171145782133035,-0.3023231084316651,-0.14784416643672116,0.7989143880946654,0.8830986207587811,245.02588932242463,0.021877891550158735,0.47843014269954254,0.31705178597239625,0.1398537147367615,0.01989427944686111,0.001415761756002294,0.00786774213691827,0.001881590497964664,0.00926112417402291,0.002416905791239785,0.000042751037683875725,0.000006310200448102111,36.84106950206104,0.5775805302035509
0000286,5,4513.667906483887,0.700082947339666,6.230887014305917,0.35325828870806786,5940.882516334869,5.353542356936062,2.361543293557233,-2.697872419483968,1.0221989833847696,-0.939448308414051,0.9381656574651532,0.9883564274977874,393.6772901944561,0.024320349038663345,0.2984543933012682,0.49111035891910276,0.14454597388785428,0.012283749214186384,0.008018987556279989,0.007499444937896775,0.00309385842706823,0.006592004261074298,0.0040310622695483205,0.00004215565427456856,0.000007662532782862052,34.7383981911982,0.580363016660335
0000287,4,5828.227518092676,0.9711297734517474,3.9692060264690445,1.4627985732017894,9211.664008352096,6.886742384593466,2.1008361933250534,-2.60412617012729,0.30953486829649735,-0.2253834505274941,0.2414776024829729,1.035973967059796,229.25167938669384,0.027138662368540213,0.29049851889079437,0.2079675080955358,0.4349527988151911,0.027421964299427615,0.0004049615969637909,0.002686401985238425,0.0008536248678388282,0.0031830838129888375,0.004718335459655581,0.00016815065942155032,0.000005989148403690763,32.97627776342684,0.6461096464060266
0000288,4,5313.351206612196,0.9877549998494385,12.08330147451152,1.4025518960689882,4514.11483479664,4.917668997992246,2.2797362651876707,-2.0336134043179235,-0.8806138005980868,-1.0760883435896207,0.3362867123416051,0.8536936429910611,273.91971737129563,0.042432333810380134,0.344999791676454,0.43390102622430604,0.1646327143473474,0.0009762634791145978,0.0020160551961173113,0.006802141014918847,0.0015176619302752024,0.00015485322391877378,0.0025564494204218333,0.0000013753245143534465,0.000009334352231408346,34.86597874268251,0.27453813878679195
0000289,4,5438.386022307233,0.8510943008030615,6.564520995984917,0.8696734787152481,5113.487132517404,5.210223260113861,0.2294709612316117,-3.1712774614395354,0.13869503859502985,-0.16012741143042408,0.970096095976256,0.8869567790081857,221.8778903502121,0.051787759852339306,0.05878763527735972,0.2482725094394075,0.5921273548675285,0.02390815872700136,0.0037237362273393605,0.009904880835102913,0.000018342377648406634,0.010602860091553779,0.0006775806274100106,0.00018400083087589283,0.000005180846433168922,29.5743106970172,0.45594234644512854
0000029,4,5592.404950494321,1.0076101909843673,1.5785400316633549,1.070196708621129,9509.651595063122,7.0602378605538645,4.678652710009953,-2.149095668509006,-0.007424098682416336,-0.005918476392103855,0.21130980271871957,0.9976017960247834,261.5745778160694,0.028548960074255877,0.5664458491749077,0.24366681794752332,0.09598297967924205,0.033395076147995015,0.009792834752979356,0.010881455168162017,0.0019743246114915613,0.0018863984485240274,0.007323048777599502,0.00009095441317524545,0.000011300804144579464,37.54447492109623,0.3556863856403113
0000290,3,6852.8674693671055,1.8187191250842136,8.363517727779525,2.404653778533285,6966.250713649495,5.762822902659725,0.4739161355990742,-2.353993448658724,0.38651001161786613,-0.5616874062301901,0.46481328849923453,1.0265076636814452,299.6981133847235,0.06914567142273331,0.25737628467591006,0.10657947404833124,0.49158731970045855,0.014464540497211607,0.018542918213291074,0.01982514060981419,0.0007927471625615805,0.015753779787097133,0.0057976598656669645,0.00011070584770969723,0.000023758169214564122,32.508200767504654,0.23611663472782599
0000291,4,5311.141848813347,0.8135012586228786,3.0049219586636537,0.9069197262064065,7750.457250034759,6.357126208633787,1.5715965952940836,-2.926855844910212,-0.4809252488194893,-0.9036076661163626,0.9979817845492782,0.9723262112022293,256.9809378651873,0.01834082652542008,0.3527223606953796,0.31394630434794246,0.2909291760171524,0.007460368088829281,0.008684736796605643,0.0014506812695437793,0.001901837271751706,0.0025417931290988363,0.002016853749661675,0.0000050390190864122725,2.3089528169554372e-8,34.88077712088836,0.1545512533908324
0000292,5,5214.318846147611,0.7811594064887275,6.250104129521863,0.7722215449778624,5568.72081317744,5.247105282141947,3.5362799755248284,-3.119812750395782,-1.086388696476853,-1.0744805360004865,0.6386074735326787,0.8749974593242085,277.4245076366452,0.01906439009787265,0.1426295670190376,0.6054049408164831,0.12966216057743515,0.05489861148999677,0.01784354496697334,0.016998883302281127,0.0037691508043966662,0.00154875687331604,0.007939941704974848,0.00023931485983995316,7.374873926942905e-7,32.189428816063014,0.4211517308600585
0000293,5,4589.433535236487,0.7106106821381657,9.18988485133404,0.7076157990950755,4729.678546963942,5.045880478259268,3.326115228028318,-2.7603891596450443,-1.1520419057083804,-0.11262198406049029,0.021005974401949956,0.8963602954907635,289.45056074633936,0.03669763065518483,0.3608088337256603,0.2049569801237699,0.3473625406063146,0.026359589457853074,0.007127646179678316,0.007214133329449983,0.00027253980846511465,0.007736161508289689,0.0013879042142901127,0.0000754362174077407,6.041736362051372e-7,34.302768143831365,0.5169073174734666
0000294,4,5653.420862674743,1.159278377816665,4.969247026585639,0.8498491183190712,5710.807107822715,5.237949034256117,4.333338431544178,-3.297938577760133,-0.1861753948356497,-0.8143372836139648,0.9150298400713838,1.0981354433484634,409.30754012136697,0.10084165086314756,0.49013111369600104,0.17653813017782885,0.12167284042254656,0.07936256089204057,0.000734002107231439,0.012877626103948193,0.00026831538443511393,0.01709614819455938,0.0003581811379658034,0.00011031356946048853,0.000009117450834940914,35.229217360718,0.7420226916618897
0000295,4,5813.477120636404,1.2567102610012326,7.614092607092093,2.1056547291093572,8286.236015123157,6.401244861390402,3.4412653045184824,-3.4933299234466575,-0.39521991113349775,-0.7480325688261964,0.9520819414736894,0.8894632257423096,195.16347067298943,0.09482384285432713,0.4046519950803623,0.23824690291249373,0.07554473535929643,0.12294070277008004,0.01619380278247471,0.020704570892855902,0.0019532489313773427,0.023348006363920388,0.0012977313886891144,0.0002780141773357101,0.000016446486787264653,34.14243875447601,0.44965017161929743
0000296,3,6813.64746219216,1.5272508696257625,2.7511450775037876,1.8857900555007976,9799.039442175632,7.221697055485641,2.1484955999366617,-2.711282155616615,-0.12465047992155731,-1.0386114336925,0.9754295133967681,0.7822096137974586,269.5076626307637,0.017810545097782345,0.18188432378246228,0.3851463944928841,0.38852719899083477,0.011793534174998784,0.00014941154323417678,0.003989924093756428,0.00044087199130504983,0.007471619584400583,0.002784007404782253,3.771023681699207e-7,0.0000017917411909412334,32.38867661756458,0.6600039439049652
0000297,5,4117.864357471795,0.8238613216284615,6.685048820072051,0.5618391599040198,9845.732466961745,7.1445637781389095,3.4130742749685057,-2.631110545331949,-0.14573031974501682,-0.37181188872752147,0.5547835548886887,0.7868355371410198,205.6554736514581,0.033694761878127054,0.13502492404096542,0.4309248069088671,0.3587868599956322,0.020262773259348655,0.0021456782462823043,0.004011277783933903,0.0008380407922330591,0.009590551530056035,0.004707719317339844,0.000009585847111295871,0.0000030204001032434347,31.6565445950335,0.2738085741722741
0000298,4,5701.8422751147245,1.1454720836226013,3.608517245519189,1.3610150761290107,9968.649731792453,7.455625876622604,3.479788752689843,-3.0672364819698568,0.5386996981743382,-0.7793995381943574,0.7766615062726548,1.0459771177335513,278.7890962106755,0.028789511406229616,0.166211169720573,0.2514948578658783,0.48737847085323666,0.044431238266965975,0.007928397197206075,0.005613650752623508,0.0019842579544258818,0.0030860038375841708,0.0029905463788124005,0.00009021740340963811,0.0000016783630549024926,31.099845891407433,0.4538381214942937
0000299,5,4320.735971586059,0.8396841253627267,13.259994014421137,0.7519973893487758,4716.259530944125,5.008776872475219,2.7162736630731286,-3.1103241392031813,1.0416809334571653,-0.7098658921443035,0.4272896750551928,0.9984140659872506,228.66071124673869,0.043814924416663216,0.26925948708629244,0.21440565170894457,0.4024438430545156,0.050103139413096236,0.003779594852468978,0.007493238545544003,0.00015555526961556838,0.002898489767113656,0.005165177735884476,0.0004772789561866155,0.0000036191936745077667,32.24885706324149,0.455582847776584
0000003,3,6977.734685522355,1.619337592336909,5.968851769485165,3.7135922064366063,5605.477562604415,5.388937524326547,2.7530211469281243,-2.1191931802394035,-1.0934748302105486,-0.38304157461717936,0.9723283297828227,0.814738369337195,210.63747267249815,0.02940862380730084,0.15191921161992147,0.5448864946938633,0.205942092199198,0.05324965573142346,0.005449024003855767,0.003530606948955356,0.003131942142834905,0.00020209318728429737,0.0022127429477522445,0.00006488611457210511,0.0000026266030382154392,31.81664285527122,0.39137422885508166
0000030,3,6966.83570119781,1.9310655098381877,13.515729367070994,3.1417793284783166,8224.59259707012,6.461032559692765,5.822801804837625,-2.7812196247464,0.676003877225535,-0.14459410652237414,0.32170575952002034,1.034514859594008,257.30577055208846,0.017633270557704465,0.32098939551351724,0.184168452315528,0.4145760313571346,0.04348363981245881,0.000926321850865279,0.00893663920174948,0.0005701988909698173,0.007929228765078001,0.0004085601422369225,0.0003743409692780651,0.000003920623479437356,33.49300006769969,0.6185217050423399
0000300,4,5321.946811838434,0.9722748544775695,6.342604864009326,1.470011792633093,7500.661425208127,6.177396302893789,0.6493282378140904,-2.054606994954141,-1.3365939922563361,-0.7332494522939432,0.8200327462541349,0.8033768729232864,211.04861112060104,0.0914272587340035,0.012051041228959912,0.5179056235108573,0.25818198099218825,0.07350068753134847,0.005122631946038602,0.023375667711390533,0.0022007159532943395,0.005802789819895395,0.00990644135426811,0.0005153252218199603,0.00000983599593545436,28.70308055139066,0.6909505322917255
0000301,3,7075.251638616492,1.5500793957876455,9.532319501573344,3.2985352209275716,7408.596805452159,5.956185680461788,7.324817708149521,-3.3951215709429325,-0.9691757960490326,-0.07211449564407268,0.006062475374066123,0.8961541378641791,247.99727243314925,0.039531479451472326,0.472147548712921,0.13732618438865976,0.2790858333041755,0.04701280126472277,0.004011241162377012,0.009091980709207784,0.0009884830783600986,0.007617554086336685,0.0030903746231554833,0.00008910539325362062,0.000007413825357855292,35.48030005456071,0.16500654566874365
0000302,4,5671.305734217044,1.195649503441845,6.618992133530403,1.3953773692800633,6976.730221297492,5.711291740476189,3.2872620965916948,-3.444217664070337,0.11991204924567911,-0.30719512123839765,0.3531141769422125,0.8817408657284381,220.72365697401455,0.017703044088282983,0.21706536954772482,0.371683818479916,0.3741141754592087,0.0013671293314866588,0.003965991955038726,0.004138490469789506,0.002596380683213719,0.0039735363317367125,0.0033871858618557886,0.000003952616381692937,9.251753645330561e-7,32.99508245303926,0.10354275728502643
0000303,4,5625.038978037355,0.9599258870635708,10.108425598131392,1.5287846839711483,5462.186311403335,5.195883076153801,1.405628636829746,-2.68281337084887,-1.4052952199479374,-1.3645524123095853,0.1512180889548268,1.0573072503180498,297.3141321972725,0.05582439720409601,0.431464182166944,0.015963754467848094,0.46569918482293016,0.012755140070797736,0.010134955940811964,0.0007047773057800242,0.00002590525581173919,0.004241832609486262,0.00315394565685173,0.000023340473794023163,0.000008584024848230876,34.54947983561727,0.1357859998381623
0000304,3,5917.212329512099,1.1896629884232846,6.7427875885230035,1.4542930049628797,8878.46908096904,6.862126896083993,1.2636477793562124,-3.015072700423021,-0.6022640711990271,-0.7758044218808737,0.3533719268664405,1.0077445650071648,262.35440365916793,0.04665390952275998,0.2591288445378045,0.47375704603037033,0.17006387274026447,0.0361289255933219,0.0021419943359507563,0.007115973965539261,0.0014871567497647751,0.002960338153835492,0.000259715383855841,0.0002967641536281647,0.000005458832904425578,33.31592119008782,0.2752199261235968
0000305,3,6753.317924150136,1.4753093101394128,10.026056448291504,2.452264662208589,8354.50144880261,6.546998339664009,5.217878974426138,-2.388826258124137,0.2965027198578807,-1.4993969705534322,0.5289896875446886,0.8929821916570001,328.4040193976212,0.01672252431475745,0.3115303342535235,0.19709658518718068,0.4438591757748213,0.006894211382672169,0.007604434566993819,0.00765615643117284,0.0012641726013350196,0.0033323555546311513,0.003970815955420005,0.0000617104184269271,0.000007523559065239777,33.756211996233574,0.42345222971383634
0000306,5,4795.699209859845,0.742201619337656,1.6078411980767033,0.7850266338993155,3942.0604540119257,4.905982203181128,2.151814184873696,-2.6686498583648315,-1.4121696313220409,-1.099464955725626,0.9714133845166346,0.9304900494322481,302.4624112351161,0.03496728313161365,0.4734727876312575,0.05951509046204508,0.37330227784848696,0.04438154678644804,0.002249595145237166,0.007489408040279644,0.00037442301522482105,0.0016681382750978364,0.0022597259390462494,0.0003158383580890301,0.000003885367174385437,35.02266677095362,0.7890506415764188
0000307,3,6074.330035456566,1.8292193672040786,10.92675342962189,3.2259498978673413,9671.518473758631,7.320059223837432,1.8584239512251173,-2.0709454805661287,0.17009529455962724,-0.947971904330873,0.2465249045851109,0.8320535931157607,204.08180829823579,0.002648413793939936,0.3601582458089213,0.18967076506856398,0.39455156359767324,0.034813914618363584,0.0023326548378393456,0.007282585582055751,0.00009229683629710268,0.004711501447660236,0.003507389027768118,0.0002283781517444951,0.0000022912291726397417,34.257891761758096,0.6236075448615196
0000308,4,5529.970156337176,1.0487503446726874,9.99417824217556,0.8442309077244643,4857.188635440184,5.13843109232658,0.45189412579281485,-2.155441637096903,0.8206587305384097,-1.311003351701748,0.718812927702995,0.9289937717812476,348.7054329325676,0.0965524730541079,0.12456001411176461,0.30613365388108854,0.34951567995164246,0.08482092137727497,0.009743526344357056,0.0070843200914997686,0.0004676441177791888,0.009424759220867487,0.011223401367903967,0.0004559343349793361,0.000017672146734782565,29.627676978172556,0.7248125167664768
0000309,5,4375.976635057099,0.7224292344267047,14.49306577177522,0.6214981579214554,9695.884544335606,7.297554645477617,0.8766512704840079,-2.1943740087696244,0.15579370797712544,-0.12301016306332424,0.6622997095563872,0.8927243845001831,204.96127750638783,0.019352894162111806,0.2232276085753181,0.3326299077622603,0.3872891684550442,0.018298775346301407,0.007398694162020621,0.004060084054970468,0.0021361204324256955,0.002568404807151843,0.0029869310741650907,0.00003894307703589075,0.000012468091194780858,32.718528525224386,0.6607920910387831
0000031,3,6646.623596464464,1.7780732007454347,5.29416031281444,2.6948158044421486,9210.477314956626,6.994985420007,2.0839578450450236,-3.001128565851693,0.6643958189197443,-1.4691802394503288,0.4116212040058055,0.9556447094559236,243.24019264431612,0.01051337863889521,0.06986670136873271,0.528493883344983,0.2822688958563925,0.07977706418285208,0.003160229327652391,0.011286272713535963,0.004098553319112641,0.007078939958442715,0.003425403175064354,0.00001894881945156888,0.000011729294884692093,30.527431315385677,0.7279724812580044
0000310,4,5869.871060684145,1.2706384894284222,1.426115658119754,1.4808523711398414,4256.472837026398,5.001328752979565,4.924271617202284,-3.2765861823138116,-0.9886800676075309,-0.9355676210607329,0.8869189312552987,0.8132003847318157,273.9251103186683,0.02352534543014886,0.3981591247486672,0.32006067275599875,0.22257973256767644,0.02255326726821675,0.000980950575982314,0.000422483465226255,0.0027966325068562972,0.004998830169913742,0.0037199516224089846,0.00019735051395563128,0.00000565837494871084,35.36408057201262,0.37421493744513123
0000311,5,4718.247002730532,0.7035880775273073,11.598434120293627,0.6360534993671725,4787.466614156232,4.9948145784445135,0.5263427259075033,-3.1530356028656996,-0.7561223754046418,-0.5783366649046536,0.7021681939580522,1.0323688812332021,243.73270621584328,0.17529346405765764,0.13412684466192895,0.3527290211186531,0.20139300360188755,0.06801138263074813,0.008704867422681081,0.03320645961292736,0.0026269168906739113,0.019402645906827904,0.004031788001818539,0.0004688148305376077,0.000004791263658197892,29.845710871578135,0.7665341699771435
0000312,4,5609.711442399606,1.2976778158423088,3.4916190644819,1.5123598491580341,4944.688963553056,5.200896831597234,2.5240928132368827,-2.4708815828882336,-0.2586601330319893,-1.3810885532925887,0.6479520332564879,0.9747357683861542,359.99155281098456,0.02443422423574537,0.18206328824458182,0.35951337099042996,0.40061926400502496,0.016809084453860233,0.00793707934204734,0.0033964109913817396,0.003043303197253453,0.0011248533188436742,0.0009076205705294325,0.00014456715505415047,0.000006933495247872113,32.131706225745724,0.10403392804798449
0000313,3,6328.338153944974,1.9004449904770024,2.7593774937645725,2.153963690510451,4773.95036563408,4.984060627786484,2.469372803625853,-2.9869372673681562,-0.5376253178095723,-1.2211500342304864,0.5753708177886877,1.0128208419097002,362.72573369233737,0.029405310517091943,0.3394247869031236,0.166147108545152,0.41179512531223644,0.008054789145161561,0.012340472269821058,0.014818852459315563,0.0015420973482698993,0.0066925299301316896,0.009710220367798372,0.00006656235388967343,0.0000021448480080157873,34.0776880473043,0.66254069931761
0000314,4,5309.748525421946,1.0305685439630339,9.116408185833338,1.1845141981354415,6752.452857287147,5.79092933041589,1.8725127389641947,-3.134411186913969,-0.154667802346939,-1.1540082895882675,0.8367126332232391,0.9690676499017595,249.01857219144966,0.017767033590953097,0.32949299412525973,0.544331086780869,0.04802433305892406,0.024545081246568057,0.007669436500795052,0.014552154964882909,0.0022678561334351613,0.008661407567384309,0.0025686161772061527,0.0001190911239082508,9.087298139039253e-7,35.4341695954181,0.28073735613429684
0000315,3,5993.511613837949,1.5152965564279453,12.522966402522577,1.317869566504319,8762.053617560641,6.737777605701295,0.24388018332184092,-3.1124670725734096,0.9574675188143531,-0.5965176509800376,0.28525219528952905,0.9478955557285683,296.8616136097769,0.01398667916298984,0.11584856862730819,0.12113340547566956,0.6726334327036787,0.0504669390494212,0.008985380747488943,0.010218515826713744,0.0005073145509104799,0.002236981595452767,0.003954118496450705,0.00001865345654026078,0.000010010307375526887,29.796687975752988,0.1886591981127913
0000316,4,5572.8390047931,1.0244970865881897,5.771484905028391,1.1613985994116116,8403.25428551244,6.519060072231334,0.26324687953630366,-2.701870074832551,0.9122049946047741,-1.1972878130574514,0.06166109527121111,1.0858765873940395,243.7631473772138,0.014117996868976095,0.39285257659614603,0.28833566820292883,0.22931477897593192,0.05041960184284172,0.006877100884594401,0.00962192785225856,0.0007367350187491013,0.006892854144861475,0.000792719017109684,0.00003446758094890188,0.0000035730146531230197,35.066754858891755,0.19630184702393555
0000317,3,6044.233748144099,1.5712465964040971,14.836172177206006,1.3285355766422826,6099.247787314784,5.358119475879676,5.410407469821525,-2.710296887941139,1.0159157994770904,-0.20205035268853289,0.9274589197292922,1.0580632974629827,354.0266642987732,0.1321996749878825,0.1599966855428098,0.1770287377596871,0.44110546462672134,0.05978132723274586,0.0017215669936020102,0.0210505988058013,0.0010256780785613392,0.0005616073814119603,0.0053695132499514756,0.0001584165673460022,7.287734794699839e-7,29.250828047737798,0.340297358580707
0000318,3,6830.51888893734,1.5838986179089414,6.81861147030952,3.3632779208543235,6937.4936643613,5.856468120437205,3.5529712630455825,-2.891539796054298,-1.0027649076574816,-0.11542391658361573,0.8561910231948235,1.0183877909595562,248.8152552301759,0.1354489583560925,0.053578635884875575,0.6444703753471729,0.06667571985511953,0.02944852849621676,0.013753919675506578,0.00483370586824781,0.005374230784373017,0.031635380516122726,0.014536203852093577,0.0002133072601731044,0.000031034104005809696,31.04140119927053,0.505187002724617
0000319,4,5846.529661307802,0.9053622642844458,5.3323280872803664,1.2902664243797999,6511.068286511779,5.533173536451876,3.343464737045572,-2.2628641527321345,0.009445522866243783,-0.621420236856164,0.6136418267688092,0.7217912718393402,201.8421107025664,0.007050092430406393,0.38675782683257953,0.17355332433279658,0.35997472268104924,0.0475150320254342,0.00782743382899482,0.01015731802187039,0.0009411615488869266,0.002357989727417565,0.003519112734341158,0.00034510047300255687,8.853632207816341e-7,34.44302056706726,0.39370977707179855
0000032,4,5729.460546574507,1.050157555948789,6.004750349891155,1.3237122812201183,8826.994472490567,6.851416025092791,2.3951164327469385,-3.2820162237254764,0.27545264981076323,-1.4458327117349574,0.035744874979101504,1.0994165577452053,256.8344596999659,0.041795959079633994,0.09711327041862715,0.4273792259210636,0.3655467285497571,0.04104773176947923,0.008579748811444373,0.00589642037762624,0.004148301229976569,0.0035869598820766576,0.004725036465700761,0.00017429773567285506,0.000006319758941377877,30.658751918395097,0.771811147308957
0000320,3,6644.446963102792,1.5290218283852854,3.782435124965466,3.2249197363968936,4286.263809148353,4.8825182174382125,0.7857806027327704,-2.6736728770037796,0.2938213419738631,-0.25615709782582075,0.7490153642421539,0.9654492398586101,221.44228913901847,0.04900614482184351,0.36837805529706635,0.4502693982672354,0.07595664666069149,0.01679327119157695,0.011875909902397964,0.010420601861767267,0.00395481747566524,0.007953285821754098,0.005332629756222901,0.000055051615743003485,0.000004187328035782471,35.50710265649341,0.14366313099651118
0000321,4,5798.577622960141,1.0102005040367938,7.025314053579732,0.7811562126039032,6790.823295838981,5.684701182056142,2.768164362641699,-2.1831613422537504,-0.5227308493162538,-1.2510273971046524,0.6072454416961125,1.0199177780174717,486.5546317337864,0.002171829791850128,0.2758898981747084,0.3386415469299701,0.314413779008339,0.044573763990279895,0.007679111745464561,0.009274408694873433,0.0001604491196922231,0.004488266195177856,0.002312863880977719,0.00038569388082020366,0.000008388587846541945,33.483625130293774,0.3454715190530109
0000322,4,5832.233638166184,1.0694309298610327,9.052030001944887,0.8385863848480053,4869.479962722898,5.160496985164424,1.816479488784597,-2.496228657448289,0.4637210276545307,-0.96772745368791,0.8022313411414285,0.9674007463713763,409.5184595997214,0.02000853624049551,0.28894825204480706,0.27953081037150734,0.390562494297998,0.0000683342656447317,0.0004512007480349073,0.008926114754137541,0.002340776234495125,0.008089685976890542,0.0010655294163863355,2.3298474593201283e-9,0.000008263319755195275,33.88287804931318,0.4794932463607343
0000323,3,6082.41019445844,1.6595955488633996,12.234157708811603,1.5012342797968883,5290.841347094119,5.2359204052573265,2.2992258632407303,-3.182847310669045,-0.09021198723815083,-0.2947324868657395,0.2629853476574059,1.0373310260619435,328.93634057671534,0.004709926946251243,0.6302062636922056,0.2203303884491303,0.11940384046304092,0.006241275542453179,0.01237236107405948,0.0014511683879669891,0.00042150647765189144,0.0011598848939329146,0.003642925107760167,0.000050867418291069445,0.00000959154725627049,39.05919269075841,0.2576610281044732
0000324,5,5056.399112933006,0.8828656141631313,8.615670579303004,1.250291129555197,5995.837338731785,5.3293975467868835,3.106087629035504,-3.4336713246933033,-0.6183800080756957,-0.5177845948309076,0.5668569406059855,1.0128081952890033,220.5030776973658,0.062111998696901594,0.40445145236383107,0.44330026054194405,0.044881272759956375,0.02790260063516875,0.0011239423203216587,0.002041499665652695,0.0023549965790272366,0.006996334921346537,0.004820735498257344,0.000013949135385559286,9.568822070194227e-7,35.5595185550165,0.3388834051334383
0000325,3,6981.2910140520935,1.6372063493544151,9.285108363851686,3.547215365764221,4387.478773618401,5.03896187393667,1.4922859639008257,-2.324127320268814,0.4627445719995533,-0.42551837890584454,0.14354679036774054,1.0755215281016535,235.33300123819586,0.009984155849886734,0.5380086230357272,0.32549415182913277,0.06788960150752353,0.04008294042687681,0.007333268494560417,0.0027200964093354097,0.0017032622272094944,0.0018972919809591724,0.004559515728209824,0.0003204182997489324,0.0000066742108298085825,37.50710864276985,0.7942091626153823
0000326,4,5718.744680954292,1.147400459729024,12.011935758822622,1.7592344498906733,5715.103957954544,5.327880274626598,7.303247372293662,-2.6271450276748993,-0.05593085797424813,-0.7492766756632259,0.46275985872247904,1.0336358166969852,276.7764798715046,0.022226426777100416,0.06520609958271004,0.4285794174993926,0.42142408218086963,0.03578410308728576,0.009254961052544662,0.008500035795461255,0.0009225740207075287,0.004640440575637082,0.003140660557819296,0.00031466704325322427,0.000006531827218427632,30.413435855260857,0.13337372199341407
0000327,4,5656.627678852804,1.1263668474218207,14.021232389926238,1.2514427819710432,6938.934830663379,5.7396747761154385,0.9714845480774903,-2.152894995590378,0.5833351708265773,-0.03646285005169059,0.6101504573172472,1.0565296964624855,264.9882819385889,0.030327143604385508,0.5281562770631933,0.32389031603858215,0.07335570858151859,0.025141187450053205,0.006344952265790161,0.0014430079090451801,0.003105818052749557,0.004636203261871448,0.003503068481884602,0.00008560727076618784,0.000010710020160058951,37.441302147001245,0.101762386057322
0000328,4,5365.121820067753,0.8674355606269637,7.020947051767575,0.7712746774580967,7063.9833224202,5.816995144384882,3.4193180261721103,-3.097291290226097,-0.13119138570281175,-0.07640527425856103,0.6610835284724151,0.9761816772280609,273.50338615174144,0.04018754672126471,0.0929205292169398,0.36090177024074793,0.44295748946572144,0.04685483752506441,0.002304414276905205,0.006129939119969194,0.001011781291347416,0.00407103397313749,0.002446223973597963,0.000210599623923787,0.000003834571380715403,30.152675430003523,0.4929571047752578
0000329,3,7093.4560077961,1.4605294252333114,12.65078519923822,2.2094743226096534,5333.011204388453,5.205393603634825,3.280122592319673,-2.2502529928976776,-1.212176200418002,-1.162318690744094,0.044848033238124474,0.8821764682746107,405.2076833353634,0.02579042311965346,0.5817005101557899,0.02284985335428777,0.33039251672896247,0.009935275666701007,0.014646011326693704,0.005465082207759897,0.00011585565636057714,0.007568558161358079,0.0014973936150233086,0.000026741135837675703,0.000011778871572224918,37.52623773065964,0.1938803986227348
0000033,3,6862.615142301932,1.783953829377962,11.09339678715818,3.335371246920139,4090.7273859998554,4.91875285418399,3.631388227643834,-3.1188015134311553,0.6062934325365092,-0.7312172919352624,0.507737924060556,0.9711733782564681,261.87158037183,0.013956745166992246,0.5262651820243867,0.28698063738337964,0.1266509098736061,0.024601496548496485,0.006950261683061718,0.008724339198896161,0.0009578078455661303,0.0046610254637182375,0.000008077222161992276,0.00023738188633585353,0.000006135703398605079,37.43998743335632,0.116961663677894
0000330,3,6748.518356520438,1.5818689437654263,7.903094657853176,3.011180824489657,8276.792349898022,6.4753690338730605,0.7101362749851341,-3.1862684361334126,1.040284827168494,-1.1739007262338248,0.6584032278774851,0.9858157390311352,212.47305741481316,0.04607781081579169,0.23243567408738644,0.5969463224041325,0.02190374712049524,0.05471975765506702,0.01257124397470062,0.0163600856097633,0.005208536968268448,0.010261328982392737,0.0031994593335049346,0.0003127456461930045,0.0000032874023040452887,33.635128813384576,0.4845198825836733
0000331,5,4569.67670226532,0.6430700019318776,11.371317803444024,0.5422637279591336,5393.534149199286,5.279916502650723,3.1816483552880643,-2.3292541914231464,0.8293732153690878,-0.8496127893142904,0.7631516444432562,1.0462481589281512,333.7647473040356,0.010867722625733347,0.2288010129550328,0.28838612828671556,0.3969372078656841,0.05695918581785412,0.0024927452597366608,0.008920351308396853,0.0027238623714437474,0.0014229473360148615,0.0019861916538011773,0.000499885957422707,0.0000027585621640464302,32.156164782739054,0.6982677263131719
0000332,4,5322.12405589596,0.8811604555404375,10.208179686514402,0.8693720267173006,8348.899430522637,6.635485028807465,2.777129884550293,-2.9493737552133545,-0.25217673182524947,-1.3013324346446717,0.1204701830816407,0.948950007558155,262.39013164195893,0.0479499665126453,0.198702810863357,0.4966371736867756,0.18904043878772636,0.044435146603401705,0.004546287130549893,0.011051620930684467,0.00007770683727020083,0.0016889039135067681,0.005486196408836804,0.0003743557309017712,0.000009392594344073175,32.2351926798872,0.7641885511890489
0000333,4,5885.943190865464,1.1771724746784893,4.0999137341925564,1.4097715329702099,6646.019265014769,5.686536709662122,1.818026042864905,-2.614208984988541,0.40838846920209626,-0.24907459449891256,0.3699794807911466,0.923414658635075,235.67015093573318,0.027123650300199566,0.05156501975105718,0.024650226613975732,0.8015650230519008,0.034064351746111526,0.021867220780812987,0.011641184037256837,0.00010110736196563256,0.01621082129346836,0.010990891652601927,0.0001972805918686056,0.000023222818780846172,29.07348681228525,0.6243397832283165
0000334,4,5343.971491672561,1.0790421680223918,13.078481703572086,1.0031930381761416,9936.735594021271,7.195135513526264,3.3786490384777865,-2.620051806389414,-0.622856064866285,-0.6121327299073319,0.6540511463029995,0.8199578241453029,261.81268171013875,0.0177497533788045,0.42949427417258024,0.1600832776142523,0.320281369264296,0.04465043904622929,0.011086368440659215,0.0055187173762846,0.0006857877953020301,0.009498019133256626,0.0007917925544689938,0.00015552054639694448,0.000004680677469299105,35.334806121703316,0.7205065147310465
0000335,3,5972.066430626743,1.5614747581870834,9.048706116446983,2.5581229944287673,6333.26090927844,5.4031938040297325,2.0900741503346785,-3.1230707579085975,0.533595505245823,-0.5533367844555634,0.8734147369846464,0.903206614196277,217.24889292420255,0.021661576190582784,0.3214596404252119,0.43154531180196004,0.17725717125434812,0.03262843733035597,0.005503724585849164,0.0015992874063791972,0.0016891251782527195,0.003624904189714209,0.0027064459842885925,0.00031746277484716393,0.000006912878209943393,34.49135219700537,0.32170995081481246
0000336,3,6167.2200517663905,1.1106412051329513,14.834412825682358,1.949924213761601,8440.815573122502,6.562279795742983,0.5900106583965168,-2.985901233043155,-0.9435351930492702,-0.9658256875111617,0.10025420805605101,1.093937409802664,234.38790561678482,0.009954747682487337,0.18067527730644523,0.39054428448034606,0.38966417536896764,0.013678620845437708,0.003094675636053882,0.0026152189202376637,0.0014426376837220682,0.006400406166597178,0.0019106721240026677,0.000009549851318322609,0.000009733934384137625,32.48506640814741,0.17015357420138646
0000337,3,6493.209579580166,1.660913813491288,9.562652431639721,2.6317891243988933,5434.481219986141,5.335379259592725,0.21291886055451292,-2.805527357141865,0.6853720666510568,-1.194489811443577,0.7030042439596891,0.7981609247431207,186.98983683377367,0.021571482590785982,0.054598045810731306,0.545602484337645,0.3125495910517024,0.043727518836676,0.005463356776276124,0.0006980342682273506,0.001438645310379617,0.012027472089671523,0.002014402454667287,0.0003005343972685675,0.000008432075968995002,30.84994654775056,0.19185317243953215
0000338,4,5879.547167842288,1.1481969447675668,11.985058647470666,1.0336196972545408,7050.533836304491,5.876127688900201,1.1927736903164188,-3.3932260063050914,-0.15259351347392047,-0.5050621731888333,0.6219125511152009,0.9389159093690024,272.75393081140675,0.007490285232858509,0.26293144093554593,0.0000024868566486033133,0.6437551713801541,0.06541876392556299,0.006397429580592088,0.0034798783288289246,2.1765524565646533e-8,0.009753643745281673,0.0002226808797056584,0.0005413832035418343,0.000006814165755103927,31.81310529905503,0.4621821215724037
0000339,5,4846.228321379038,0.6777315994681473,7.297572587970169,0.540650544632105,8796.861089449076,6.842470959499374,2.073374152831878,-3.0480156046020705,-0.736341510743521,-0.29077120294206793,0.8460398860157079,0.8636884671158129,232.92338253282585,0.05821768243273793,0.5305957895519804,0.0711414060664212,0.31737128835959844,0.0017399758211982346,0.008008228021600422,0.003235842358765247,0.0002957569688602595,0.0032963947294201447,0.006086574083709759,0.000002188301891562242,0.000008873303816543637,36.36813744462666,0.34403359757897933
0000034,5,4925.818126843228,0.832406636160713,4.712681279231558,1.007954793417036,5062.753802606541,5.09068829832902,0.8460259967644771,-3.139278703729299,0.11615636452528633,-0.8310755603207995,0.2355337996218675,0.9707017115299374,206.09372741225582,0.006569713028088721,0.10075629874660676,0.6025017219754183,0.22904907330306834,0.027230675007569684,0.012218117463262044,0.003932147961333119,0.00425262704800815,0.010653358906789322,0.002561191500255195,0.0002680289741337873,0.000007046085466502809,32.27121308278436,0.5661163687828863
0000340,4,5434.060448767208,0.8636950611114041,3.2721632452100353,1.3502163097082711,9357.619071684918,6.978802771362468,0.16315924017368788,-2.1336893492078834,-0.8410839816527261,-0.490086591676115,0.7650565651269411,0.7534738611980503,157.93510212420566,0.04027351997895125,0.1804036949667135,0.3040272350686253,0.4485287561938351,0.017101627739739486,0.0007309620928525216,0.0007605687902083347,0.0001446247276714599,0.004856569117096983,0.0031378673563641985,0.00003007622234176971,0.0000044977456000135665,31.65896571138117,0.7104586989596943
0000341,4,5672.230918537333,1.1054943824579873,6.248359160748787,0.9197447407807143,10153.422879823607,7.304548957782985,1.3854031661007884,-3.368595439944223,-1.1732643112060008,-0.026463050903644536,0.9697421926568679,1.093912900362625,319.49489422786223,0.024893219253497217,0.18010793474543654,0.1508286197624086,0.552594948601212,0.05698182595987051,0.0023573969159926215,0.018268822048095785,0.00010672930470515996,0.005892664257493986,0.007444660608484858,0.0005188031686149679,0.0000043753741876771,30.73523641823579,0.40790813090938083
0000342,3,6791.670910037785,1.6677443406195191,14.417957063326481,2.151049407116999,5260.355873885959,5.291206266177562,1.7092355308066132,-2.4568340396540314,0.5404863636978847,-1.246280566206551,0.8325074976946594,0.8663471240199181,351.11501967728634,0.01985471216027875,0.440936146238735,0.014752538307024853,0.4386568939093255,0.06651524017123786,0.009962956237053447,0.0017095500970967204,0.000021600755582218005,0.0019356040022464145,0.00559376333624626,0.00004698693866196709,0.000014007846511139265,34.29940592145704,0.4539527392887418
0000343,5,3818.3344581571714,0.8021372526340147,3.86464428486888,0.7010075307498507,10027.134054277962,7.286787615319828,4.438609531019656,-2.0758788535074295,0.6199603279355284,-0.9096131593875987,0.6011217367615862,0.8914660832727496,228.2002632059086,0.048233578296506596,0.4736610504734453,0.3220670033541845,0.06715219403321138,0.06452639108257455,0.009237691917610511,0.0028212489487086296,0.0010900530616647025,0.010166836363090575,0.0006331748550078177,0.000408969372639669,0.0000018082413559017836,36.14865156256488,0.2601580806745477
0000344,5,5247.264853857547,0.7606284368941219,6.986217263700546,0.5848128655443269,9380.618628361688,6.960360236398384,2.7143585996674613,-2.2779890202950406,0.6235966587596118,-1.1713785920072781,0.3551741840735635,0.9438620006643348,322.1823161202374,0.0440643775248682,0.051446668980743356,0.43545050084224207,0.4107051576332491,0.03200765730781436,0.00642041960897372,0.0038418346017225083,0.0034380237974920773,0.008214899676816894,0.004262419261474221,0.00014088990849777882,0.000007150856105688327,30.16913579350565,0.5997390218860787
0000345,3,6568.945817040083,1.4880874503616692,13.522088407767386,2.0396862491008365,6954.519441364586,5.810803288129432,0.7678365530238654,-2.8581263165529434,-1.4495143608426628,-0.10707714088982856,0.49432631954892814,0.8587819815088125,237.85881906590114,0.01845049166134823,0.09465691239431961,0.47676260152693245,0.374228225409425,0.012194052149171028,0.004655559399432798,0.005164830321172631,0.0032804932726627576,0.009373545645827708,0.001163429072765504,0.00006870136776778239,0.0000011577791746790447,31.562479404805813,0.7563427750334591
0000346,5,4435.431722181324,0.8398676493171044,3.9710317484525275,0.44104573052633056,10003.667602648198,7.244774085406279,2.2628785391105857,-2.858167421983862,-0.49612707966224634,-0.6580089987090524,0.18327965296009718,0.9047665769613638,287.96146365946487,0.00490083307478215,0.4472346936679756,0.4799204241964721,0.03556780798535023,0.0011233575208515927,0.007381760083358836,0.005050073535244384,0.0033808246538825307,0.008600989022643604,0.006817662962451294,0.000010589482436570237,0.000010983814551086384,37.43882897639289,0.2832971645686498
0000347,4,5662.002467559761,1.044334284002621,2.319743362049126,1.0921868599274742,4284.828770600524,4.869861571564732,0.10778505545102435,-2.719387714885178,1.0767088101157212,-1.380519497922892,0.4175472587923299,0.9634687939494474,230.95400925042796,0.03408363761914683,0.27973924911764775,0.17942357226331787,0.45166458722132113,0.020924523245575692,0.0034905024528821315,0.012835745663182544,0.0008164079599993866,0.011512405290434867,0.005439734807783445,0.00005909031725247721,0.000010544041455979131,33.03977042392471,0.7843207420831604
0000348,4,5438.456255442536,1.086353193993447,8.569166161710609,1.1494403034160192,8896.621490613486,6.772076025973115,0.3363739578699422,-2.8166480172910084,-1.037202060060046,-0.891305624456857,0.08756676596207347,0.8977689187918448,213.99815523127242,0.01562744792412296,0.4195605632445102,0.2553310028403219,0.2951627553747413,0.000551361860357331,0.0026761357973061257,0.00753906595363028,0.00024332665758912915,0.000811646803197201,0.0024923207882265284,8.205139468930004e-7,0.0000035522420500827737,35.62935108971218,0.5440352143542929
0000349,5,4327.114349904613,0.631424555049655,11.93517623604385,0.560253248798395,7165.69747782895,6.026518763882336,3.661067703113709,-2.7766833563433253,0.0003770478989193471,-0.3691082921766038,0.5882549047560794,0.925617001746538,221.21959160022791,0.07556789406257652,0.0008853305202912507,0.3232550688602997,0.4646139750130441,0.10144694232315578,0.001080236540057924,0.006093056734070703,0.0019276795148600958,0.021424693359470996,0.002713055191912857,0.0009858978496479374,0.000006170030612108193,28.1447237383433,0.4008903959765443
0000035,3,6620.267263161306,1.6368942611601964,11.500295879259998,1.6678472480199995,8452.700744439104,6.707523406277679,5.862918295067037,-2.522310088061865,0.23109830394741726,-1.3758354438879619,0.16618735262065332,0.8384408871021442,302.69719897489676,0.023651026259406398,0.053750371649890404,0.3574542987298906,0.529717794645352,0.013432071769039763,0.003945790901705053,0.0070303888626178195,0.0026804532294143557,0.0071510310477885,0.0011766187825835467,8.327864804648808e-7,0.000009321335831205946,30.262365164083235,0.6141514210463069
0000350,3,6038.6621609817785,1.2658960119335436,5.901019319170815,2.36308361441721,10008.505854862533,7.265768427799927,2.744031307214,-2.784302181203344,-0.9867762695209886,-1.4006715699020789,0.6416853030851617,1.096700200510166,277.67163295188084,0.012954041384177776,0.6346101676243147,0.1447143720842803,0.14429382080496866,0.04493259784890299,0.003972170244645253,0.005589244608952641,0.0008611622539312454,0.001180036364283409,0.006482265885547597,0.00040138477727127904,0.00000873611872416517,38.12662931233088,0.35863427161255557
0000351,3,6436.02604662488,1.528861324028801,8.278936691105763,3.020318235183094,7996.430964116244,6.319276813126154,0.6119182775439829,-3.3960561144312096,-1.441201466963217,-1.3224591407070287,0.9442953619289348,1.009903901027098,200.3735056112091,0.042403526737081025,0.24291205125045476,0.22023226118503492,0.40590386817014584,0.05859182575198226,0.008064388265115597,0.007725836982397609,0.0013484693436829134,0.008244596313950862,0.0042478912310121904,0.0003136634266249323,0.00001162134251685939,32.05842611307709,0.6741364382625146
0000352,4,5706.297458242506,0.9250493109208434,7.323033742611238,1.021844438160732,5894.709461293333,5.406847565250224,2.329610207046693,-3.2993233666267985,0.36607878095569,-0.5002693686973037,0.4330585373007977,1.0835461984946075,280.5067099309066,0.034682631653446795,0.3862212151452584,0.04463440675025598,0.45866885133573626,0.05754837053432926,0.005241359421298646,0.008587949834269783,0.00012537506152340394,0.0020965368519214023,0.0021099725358053358,0.000075609857202305,0.000007721018952428239,33.47290138049456,0.5703916957158088
0000353,3,5930.547138188421,1.114199280720018,9.937980840273873,1.9911024015755494,8323.481805691017,6.606125328965318,5.9584851971549995,-2.609745721438399,0.29990411735108524,-0.5736571516224158,0.8233932150072847,1.091767643828342,278.718206911563,0.033647078619525234,0.1455006159135676,0.5131415358880462,0.26869883513313514,0.02037847834776529,0.0004954139145770482,0.0010993722303715813,0.004086891347647064,0.008622101833932447,0.0042927387961956545,0.00003351693725440635,0.000003421037982190125,32.159069291423556,0.3417423246492536
0000354,4,5552.506233836952,1.1304587091014466,12.422754854496244,0.9976893762664262,4388.548819207035,4.94216199357424,4.97991243607484,-3.274879683708981,0.7337688479714419,-0.005190133474699543,0.47867080633925707,0.8485525927875626,227.97387326263353,0.0882260199466239,0.012611132263326752,0.3641397828260911,0.47790278294158095,0.021756477843801882,0.00668503320570737,0.0137368155607109,0.0007985452538335131,0.011066143597732142,0.003000104842476868,0.00007266347369051243,0.000004498244424087543,29.013148866704412,0.231853634206144
0000355,4,5714.450924446752,1.2357971195086446,7.324553435670003,1.4125423301289282,9408.271166980727,7.016593702768136,5.921366842025487,-3.418073701785606,-1.131594029354737,-0.4849356975724153,0.406891922695122,0.8817319617431157,243.25117407076377,0.07299307410439089,0.06946545077664772,0.31479560982529187,0.4529010793433374,0.035787404861205456,0.009754246789658725,0.016925656098069095,0.0002626804957600932,0.016638265418828263,0.010440229635981454,0.000014792513513616624,0.00002151013731538627,29.867998737096528,0.19413666601880036
0000356,3,7191.574768409502,1.7173939763529449,14.20376746734486,2.4347007754207723,5249.175546202788,5.237487030387115,2.4924064225198865,-2.1832327818363826,-0.1351843017354606,-1.339709765651088,0.572455814807204,0.9238929572060841,409.7894790505501,0.057283057693562234,0.34628522841827586,0.24198774981076843,0.27961694365734485,0.04364074865472237,0.008847817878309218,0.009734089150256883,0.00160524810156558,0.008405860741126026,0.002508972256102973,0.00008242267339558992,0.000001860964570075097,33.871430026404,0.566223336661939
0000357,3,6134.190175758378,1.4603373483958877,13.372621333992823,2.5141223790307983,4621.7415889490585,5.095632432281581,3.6958306028216183,-3.36620113736026,0.06150505734903611,-0.9070656931588192,0.7752218463573113,0.8317086598442064,214.3948513040452,0.08817341148389558,0.4630742300220054,0.3757038585079982,0.00640196702532764,0.025645668791166806,0.009862623668562696,0.00653649991114369,0.0027168001896261066,0.019533741153099145,0.0022985318184732175,0.00004911509924339514,0.0000035523294582126508,36.62120079839977,0.1514201907819117
0000358,3,6731.18112882965,1.710197885857633,2.1796500500244056,2.077507908116521,9392.694495714417,6.974767792110884,1.7508832278966027,-2.4288563443831945,0.5201295267627914,-1.1181988724776522,0.9190159421997173,1.047853642186579,387.1123897464763,0.0118585792671724,0.2970701809012599,0.44881503510900006,0.1833763371929087,0.04211112060621078,0.001927214488590617,0.0012422096621720097,0.004051826061500251,0.006390169744129913,0.002759107732560143,0.00039488083370721157,0.0000033384007880652867,34.243518050543436,0.2465606894460569
0000359,5,4492.482793127378,0.7788539120189568,2.211436787412311,0.5156294399990753,4557.106371350642,5.02304600120612,2.6414296723142088,-2.312569092467214,-0.18062838145866156,-1.4439202191935396,0.5523440666059842,0.9607018785701825,394.9507004993986,0.032572834320796315,0.26660942477440586,0.4244590215890794,0.24168540616899709,0.013915011561365829,0.0009288141453744449,0.0076819116779219005,0.002271594596341076,0.007318756393977621,0.002499588036099846,0.00005481061128609514,0.0000028261243545598235,33.774430986769566,0.31650379716602506
0000036,3,6840.511359898259,1.7034462858382537,5.72720756582645,3.7390699145663,8455.420684930901,6.479314432280496,0.9393942021729836,-2.4613358199630753,0.27909988720188705,-0.5271539841654143,0.46176677575990177,0.7687608991065977,175.80766089073762,0.043098744359039966,0.4020997276942098,0.4805727574096922,0.03342930172946548,0.01662501223166828,0.007890586670695143,0.00043005888703035453,0.0013162393045978923,0.009031910079411258,0.005483614619263247,0.00001052394642863055,0.000011523068497830852,36.149235637770246,0.5455172523988491
0000360,3,6535.39749295245,1.4348346999347894,1.6195738564756743,2.3526901069980064,5114.875171930785,5.156236802197275,3.579458195592919,-2.4457710419481886,0.3790168601095343,-0.476173122249671,0.6908840430888691,1.0455344604123304,289.2919461544008,0.04452083778251472,0.15084592839965472,0.39527538537340046,0.3608508226169104,0.023988982050408537,0.005518278963061002,0.008041936249151279,0.002971310850296024,0.0016591211421637126,0.006220841158054036,0.00010492967625639922,0.0000016257381286449745,31.408782234187598,0.3696366546099231
0000361,3,6898.807653719494,1.5633805553273092,1.9455547705775709,1.9098643261237365,7356.160787653347,5.9595646528576305,4.348193595242188,-3.322571887660122,0.8938087520502154,-1.049440715118831,0.33929232690067535,1.0452343505116641,308.6964338979518,0.0048420948215538865,0.12271839065129957,0.2731932770012769,0.5331069746005955,0.048275494371779415,0.004261088333234185,0.0016904994557164136,0.0023575748050108612,0.008784987376537363,0.0007047817599085212,0.000054082047064823814,0.000010754776022593444,30.863398825558058,0.18281990835500056
0000362,4,5763.725194004347,0.9588589189451728,1.9007996525963087,0.881574514630429,5482.739454399796,5.275789695679975,0.9609224986317032,-2.1792470416771414,0.8956205532833468,-1.3865012826792273,0.7731412744189362,0.8828212979309693,361.88161068197985,0.008556088487304773,0.1838224650992366,0.09219318674273146,0.6662670590434855,0.0036060943633290407,0.013522890986506797,0.012408956493607674,0.0002504661102474974,0.011786685657587306,0.0075620305124405604,0.00001918670593653899,0.00000488979758610867,31.755853092103987,0.42510732376640203
0000363,5,4478.18215304738,0.8221195818436279,5.896641217481257,0.46332850258297026,7630.444575100086,6.266757811422418,1.14385290459474,-2.4704424961937486,0.9453513827093993,-0.3132107262561348,0.86506087942267,1.0656805778052643,325.87396074126855,0.05552314257329455,0.30902242407286307,0.45524307134839304,0.14945280478163186,0.000771596568598518,0.006145245255052333,0.007159104484160457,0.004388764126145155,0.009520747784956448,0.0027642514034696038,0.000006816409937330447,0.0000020311914976644483,34.70578339321393,0.6043821802555702
0000364,4,5462.968179799878,0.9464563235903192,2.540130361209304,0.7650751568311942,8940.741419250222,6.900114055808179,0.90359247270414,-3.2677141313724385,-0.41528671746894164,-0.8106016314467288,0.858517040315157,0.8614377283733892,236.97264113715613,0.02160665815941123,0.1474532544055405,0.3918018166852639,0.3910064041836929,0.03609240874256492,0.0036539344288400947,0.004862096463893857,0.000761351034015897,0.000944970135470611,0.0015228791229899322,0.00029346786137043836,7.587769458297594e-7,31.3766839925584,0.5027987597171033
0000365,4,5674.496893301055,1.013713013686129,5.441231248106182,0.9632867984053344,7348.109047933489,6.0683777972001955,1.656799505374508,-2.6030034158162003,-0.2403104934823186,-1.2180689606441124,0.4998216085555591,1.0447888173599007,346.7879515057281,0.02119501904352188,0.45285413443277006,0.2950789680444675,0.16683041644095278,0.04033881421244822,0.005825836994212573,0.009583293866597108,0.00019305691030414363,0.003074638449811113,0.004829946970763034,0.00018739009443747686,0.000008484539714087192,35.89379058443145,0.7573589183650213
0000366,3,5955.725146728093,1.3319557248997724,14.374673043976316,2.220387352664317,9288.783573619945,7.0655344290182445,1.4253922569493618,-2.05081985873956,-1.401422298309285,-1.1018839975503258,0.275921727178184,0.8836179291387031,284.85701263915985,0.0350254852045939,0.2693898058250662,0.281336423600732,0.36993851750376694,0.028645449415473354,0.0037290397950138434,0.004212883035534951,0.001741714842250429,0.0024463425376410972,0.0032534387117105434,0.000278747945066118,0.00000215158315063178,32.8979633790325,0.24351110056735084
0000367,5,4338.8654452929995,0.6078316263673598,7.588736322470505,0.4635886084213041,5560.609639218486,5.303566957840283,1.7150111806685078,-3.0839118286321385,0.09578354833690517,-0.6590561763776552,0.9645521183128777,0.9408141325879894,248.0530882348657,0.0007829547435025511,0.4764054317437766,0.0806876818441936,0.31636107407203845,0.08393148351973642,0.00973599421744834,0.012439381758826131,0.0005052043493551523,0.01561887354002298,0.0034823483766565767,0.000044488317425136386,0.000005083517017718835,35.63397800152416,0.24191356135992267
0000368,3,7166.475784399006,1.4897964338604248,10.16318432772048,3.364484477216771,6802.421741435962,5.770755440700996,2.4876491023809475,-3.3913443885514853,-1.1017573415793271,-0.6258767185938476,0.0136869010513192,0.9739493879514287,233.18200290328542,0.017416648530127147,0.4438222883496756,0.1899255396028983,0.3298449787960557,0.0014035416116886404,0.002138927058552596,0.0007636699328218922,0.001321094354019147,0.008945030832015411,0.004408182164788079,0.000005579470478879645,0.000004519296878616539,36.01380461463272,0.36305646464204366
0000369,5,5149.813813616842,0.7239099985532415,2.289295125696934,1.0056512085344473,9355.38321754087,7.004822492204905,2.8191315124740894,-3.427118999198352,-0.9871686683965467,-0.8800530273203307,0.5480337651982892,0.8873886697574696,184.64744943065074,0.02354998840504203,0.4116574537545113,0.40845146198770094,0.13363356892398556,0.0034011318699070777,0.007545355323551923,0.006966009305200583,0.001247136199830886,0.0032466762842734277,0.0002691184049098525,0.00002430449907013334,0.000007795042016286283,36.210148438780514,0.7190084629557936
0000037,3,6302.14995760093,1.7993472705941251,6.773543552622965,2.540485744374272,9502.809096958948,7.046701965502992,1.0000365143663088,-2.2606265079967427,0.2807716252250203,-0.49417373469711934,0.8387771218757282,0.7015799191531751,198.82588815340966,0.03674918549940927,0.29781977896256995,0.37518543869027765,0.24518747450201617,0.021180249923979943,0.006222640659936332,0.009615354868109847,0.0015720367435789605,0.001677154986855421,0.004746334365507324,0.00003406535393324884,0.000010285443825789458,33.79139944586706,0.6613821828897787
0000370,5,3928.4622201213206,0.711707260069915,9.671967911778605,0.39154728753171175,5559.000471925721,5.204705818865583,2.9877464561906506,-2.6555160982704042,-0.7010178596639455,-0.0747047198252988,0.9273771917776639,1.0475694387180878,280.71293872820576,0.019968439578181185,0.003287140818955541,0.3930952549553732,0.42722475514625863,0.06667621211160078,0.01862240883031295,0.03204004463664917,0.0027149099432200578,0.031208907191455953,0.0044812832920170945,0.0006633192402923639,0.000017324255683012454,30.063108389297906,0.1902006441177353
0000371,4,5340.077508438071,0.8149283299100923,7.415514955979283,0.9352650287771691,9684.932059477582,7.3137426441219,1.4261603668534464,-3.0822095716552265,-0.7674195400834057,-1.3174934389095374,0.8945409080158228,0.8280078820785193,196.8696593807785,0.05887470996864366,0.6313090533040651,0.10145667889140085,0.12710319086535093,0.05098690856789394,0.006258177370991876,0.012188601864995494,0.0008871235339343947,0.004524485321621936,0.006118339847386282,0.0002862560853379106,0.000006474378377683048,37.531637444164595,0.5459669273245352
0000372,5,4168.860381368928,0.832353702421454,11.811838674841773,0.8131119679542573,4082.9740182956093,4.779778593046835,3.897390862536227,-2.7520615962425383,-0.27869383794806213,-0.9093643569316932,0.598555690694716,0.9050954912448909,242.28219866759528,0.04970504127744883,0.403365609502447,0.4525678264529742,0.05388236734456298,0.020030042357357714,0.007907167685588837,0.0033847994482085007,0.002762545569624345,0.00570396659615382,0.0006381497182230717,0.000050245477006403876,0.000002238570404168645,35.91339919350997,0.24401034189503445
0000373,3,6469.379647172388,1.5159405841303484,9.475134831446226,2.259875192139229,9072.388198216224,7.019635756061939,2.9990159924729554,-2.9358165300619055,-0.6499003302645469,-0.5635792625520495,0.22928889859380785,0.9594075342148721,273.7103294547078,0.06829996677204753,0.32593250476113556,0.19167618284182183,0.3327050472736656,0.010128167296565889,0.019209569828169105,0.02085009120212266,0.0017875786651448727,0.02526441007734305,0.0040700932415628395,0.000060023760559577744,0.000016364279861354056,34.396599046690014,0.14574533083723068
0000374,5,3905.1224839501106,0.6000971209654945,13.754119410265936,0.23268462861181471,6732.090186563304,5.70096992372416,3.771813882544474,-2.0719514947582756,-0.9775160195532944,-0.5577608897989375,0.8168310047392151,1.0376067293272664,406.9026421974832,0.030893727338082034,0.4562273668044186,0.3517029135336132,0.13973809297336165,0.000400344480448917,0.0034558019477204335,0.004860339487285224,0.0016442181039289922,0.008060110010188117,0.0030129607826282576,0.000003858765733076402,2.657725916804195e-7,36.745198455682406,0.3247128449049107
0000375,5,4559.742169481175,0.8331344108933814,7.811052990422933,0.6155219543232576,8209.877016270471,6.436585328608772,0.8470429237057172,-2.4201937866140653,-0.6345621675878258,-1.252206051107267,0.8686523572530978,0.9243329157805897,278.89848007897564,0.048109026266256995,0.40920250426682964,0.4533855538632359,0.016310217630268926,0.049687475617438345,0.007811853367239649,0.0009306294840360594,0.0020441952478285077,0.010799868299859709,0.0014473128138875007,0.0002615502480927087,0.000009812895026157174,35.83003035617181,0.4564902628475018
0000376,4,5838.712180460699,1.163413966507199,4.469144227423149,1.532133781567661,5669.716465241022,5.371784856862737,1.8792284922082436,-2.4894320663940785,0.3465763372298374,-1.4817138698282932,0.9843887034778643,0.9004848858799337,327.28951136097544,0.010029210036491872,0.3729870913092291,0.391416635790723,0.1696799410909685,0.039985222829606974,0.002154975366674819,0.00885222633132823,0.0031120025827409527,0.0008868679451052321,0.0008656727308234696,0.00002528872300727984,0.0000048652633006556875,35.08020212086995,0.4084339444211431
0000377,4,5491.081603966054,1.0948167991957432,8.75712423000007,0.758121077850816,5953.382107342688,5.318459627337712,0.4584670412495072,-2.765387780357821,-0.29054301861840526,-1.0182503446284517,0.8418207620773006,0.8920824610639227,293.0645765035957,0.0366825897616407,0.16648373005656086,0.3029541632396433,0.4383731210448044,0.039058209801235304,0.0010631017058571317,0.006971072980837579,0.0003817628419714959,0.0032070210175791612,0.004722008388552089,0.0001013946376119371,0.0000018245237061094907,31.13819063528918,0.3200674337713137
0000378,4,5506.952813577504,0.962229061531539,2.9485969431385683,1.255726998938398,8441.738078726486,6.6544571357669255,0.24893758844664493,-2.769511351443867,0.7634785226197827,-0.9251187315316275,0.7896153772874259,0.9420120186442941,203.95241521855746,0.04853637847337258,0.12669534492903586,0.4791786919709313,0.30734510080513205,0.017156379340008677,0.003414336057183225,0.010305999739857227,0.000780493715561851,0.00612125388028321,0.00043587169415368733,0.00002408357768021182,0.000006065816800097288,31.545571173754375,0.7464999634229305
0000379,5,4505.7630150860405,0.716700539305487,13.603969191287227,0.7764025267563162,3602.8553615839087,4.62417807417338,2.363078765996497,-2.7511085345536928,-0.5680899846064351,-0.5219157857790566,0.8234974501011407,0.8350682491652157,210.82169180688985,0.03599345786439949,0.09805622262423366,0.5612054805681747,0.210992754989902,0.0768707077704185,0.005635965815838327,0.0033358953409190527,0.0024786610596180033,0.0036821773188123077,0.0012848821677693952,0.0004626278779252918,0.000001166601989436478,30.79706726441755,0.701881752008178
0000038,3,6474.178341478842,1.5574020366048789,10.520410451648468,3.0393907160652414,5859.523158170323,5.461356416033536,4.991753394654058,-2.7487279189436147,-0.07697360498406391,-0.11097456176333553,0.3976099334410039,0.7599250778259583,174.55651541750507,0.001823468431799606,0.07976658088467171,0.5940877061094045,0.25087144801856215,0.04216193251504791,0.008831546751121468,0.0068486968753456055,0.005635948318506642,0.007784058615700856,0.0018660915253182382,0.0003207947241091206,0.0000017272304124106377,31.648187310907954,0.10582426181669585
0000380,3,7196.0092109967345,1.9925238441539777,14.655760765069623,4.344995356387977,7404.949503929098,6.0152564696272455,0.9772024201516215,-3.009228452827747,-0.954083612167926,-0.20704610980071436,0.08703604329319681,0.9451650705238713,225.74663042495823,0.021830748310339394,0.516405571636605,0.3619250526088208,0.04506660836435128,0.02744141720352431,0.010741906025449194,0.008503951999684097,0.0005365331292896596,0.004143570956247729,0.0031805290564259664,0.00022298817792691832,0.000001122531335829518,37.466894696153204,0.375404558732798
0000381,5,3871.518625428785,0.7640401780052831,10.835785053552506,0.48701260972371335,4773.088390846079,5.163700953817308,3.1543587486998197,-2.6853190949209482,-1.438100728442909,-0.4989433133303032,0.8222721431950998,0.8763259666438084,263.0357625138909,0.020513197359229508,0.20329270093889443,0.3653187930312669,0.35261144800519656,0.01744872756047097,0.010775104390711296,0.008683488418923349,0.0033904504872537206,0.012184739262873077,0.00575734694944775,0.000016836512214833922,0.000007167083517708056,32.92365719081006,0.21361190248008907
0000382,4,5869.056328844196,0.9958568922168818,10.717209910003383,1.4534373202614779,4773.185255824771,5.139817363637649,4.345894838728835,-2.4978864944796046,-0.08517037801726235,-0.06047031792630708,0.43849730489635785,0.9537154734909505,228.47239129532238,0.060473675747766985,0.3374412987934444,0.28821269421628803,0.24925893804506744,0.04007806823784991,0.009358129583474095,0.006851066280361402,0.002507215801094695,0.0056202986234711524,0.000013432066558644617,0.00018028697322091967,0.000004895631402147577,33.87822347845323,0.6186685862073961
0000383,3,6640.59546865765,1.8901228069433706,13.92939329564297,3.3578272846036983,9298.241800817112,7.132615582152689,1.1436495846553325,-3.4377119670605056,0.02311100291608592,-1.3320871593385726,0.8645047442883538,0.8634696245332555,191.097441093112,0.017401872158689095,0.18957085071826316,0.40246448485511616,0.2813678952093983,0.062246762977853524,0.01520017297805071,0.012625946106491955,0.0009625953096042203,0.014206079965782588,0.0038427890649695273,0.00010064361154457609,0.000009907044235989295,32.46326947216841,0.4669864738487671
0000384,3,6101.677866614595,1.3780142197041316,2.3503672404612703,1.7808125642248251,4752.236920052618,5.115898385875147,0.9276821475097049,-3.135044363522801,0.8710250000785615,-0.47784754586012923,0.5835991006529508,0.8513373200033496,214.75634242832064,0.0003455912162929334,0.27125992901495716,0.2948390000631212,0.3725913174085779,0.04311216746814893,0.004648790965876946,0.002535419269241674,0.001754079378891013,0.007718686628370087,0.0010357703897352823,0.00015695271131819269,0.0000022954854682718502,33.38448451258638,0.44089282115999584
0000385,5,4113.185897608984,0.6669779871418764,6.600681106943789,0.35736483377218076,6696.3367185800835,5.741908038057601,1.703150917813522,-2.54223133951328,0.22938242397158914,-1.034455713030852,0.5870441946729258,1.057042032711838,342.91998561630334,0.05024855715885622,0.2008369917525845,0.31510206998475837,0.3627183391421258,0.04420812938924271,0.010623499269785263,0.00987453977452062,0.0007863759131050414,0.00004133929422413656,0.005207394317384993,0.00035124853893163274,0.0000015154644806318178,31.580520631328223,0.4180214587734966
0000386,3,7075.580016240661,1.6800721996475254,8.602473210886707,3.1525721221867564,4900.652783942318,5.0452171584255066,0.38081581501280715,-2.4092757604993817,0.4379536686975005,-0.7952914753573416,0.6911898628753234,0.7949262623276092,215.98633608820072,0.060351108789400726,0.12861578219634573,0.5878360341630829,0.15588088993577104,0.0481099962454023,0.000133696968710329,0.010646577045644506,0.004532219652669814,0.0022720195728853413,0.001171518393449838,0.00044451401841017407,0.000005643018227059015,31.396393834900792,0.46177547295143473
0000387,5,4447.665815276451,0.7702906495524626,13.9238238984534,0.8798041785471875,7268.0233139880165,5.984758624358079,1.291284414512995,-2.8655114569611717,0.09814818534772529,-0.5348564729078134,0.18391032013405983,0.8061131202041946,160.5882815112811,0.022055210914435137,0.4692804843541979,0.28369014785839003,0.11305497495968887,0.09015980087395105,0.002531311360905138,0.0034803393942202583,0.00105377917335415,0.009439847564026613,0.005110785510371267,0.00014098446912691942,0.0000023335673324589623,35.696943103444625,0.5830306581350467
0000388,4,5769.013843520159,1.0811693624912508,9.068592408804108,1.2981052750626518,7505.034375793764,6.0753163309938545,0.593455642403808,-3.003838568166608,-1.2817296914333305,-0.9059611875612164,0.5370804240619084,0.9878671375437516,242.25136509544606,0.02043927073941859,0.32900276259038386,0.40388718780292826,0.20186715563140906,0.018793570448109715,0.007724338446803483,0.009219605846004552,0.0024373900116244807,0.0058836707257071625,0.0006405365254141046,0.00010307590607303986,0.0000014353261241084833,34.834101937261636,0.14984441690036696
0000389,3,7115.64830833077,1.58056617138813,8.407794842303161,1.914960418390902,8270.401338930284,6.3974158977902364,0.1440134014233233,-2.7361506693807565,0.7083862428691154,-0.8009483299186377,0.83953532976472,1.0612117121070355,307.73152528123404,0.09068769484950617,0.2438298533059404,0.36498904500383184,0.19606446638791009,0.06053492363265361,0.005694813514254066,0.014902736902261047,0.0032416914086718764,0.016829950536193464,0.0026949959606443127,0.0005090364677427063,0.00002079203039023058,32.47086123907945,0.6149616860089793
0000039,4,5691.541046853101,1.2561376478769777,9.24577864523733,1.876660831182532,9253.576447805046,6.912917691942922,0.3293953149515607,-2.1510348142728297,-0.8629558252282149,-0.7776271691434027,0.6671763850102229,0.9590318588854994,232.5623273246243,0.0413732970391609,0.26126602176478547,0.10708019706283595,0.5366513850982969,0.028077870710965815,0.003726626395193104,0.007942938865414199,0.0009127604610123794,0.0070715186377016855,0.00574328879708111,0.00014548036255359297,0.000008614804999056913,32.13973508795374,0.561823904791705
0000390,3,7176.892238479345,1.7683920393639738,8.839319780107553,2.4878453806158447,9517.602091370069,7.188210558152533,1.245782395512487,-3.4961637499244276,0.7282480470716384,-0.8958817571936846,0.6660830692007973,1.0833594099795754,296.66376888696675,0.039768701282805595,0.23429148140442782,0.3959872572050024,0.2933039224886307,0.015259368103035758,0.0047004588681011225,0.006975278542578826,0.0005375635260128017,0.004803958214287502,0.0042196120098137715,0.0001415471235646937,0.000010851231738925443,32.972260054607986,0.7160408700408853
0000391,5,4911.062165203934,0.7639264631729634,13.273133377144559,0.8699601265443704,3464.5080373344317,4.695951705194406,2.3563589702864887,-2.6366038766839077,-1.070546580416647,-0.019302696392764496,0.8690297246435513,0.8770288357987165,216.48321726719982,0.0034737242612150865,0.08118280115008185,0.35567834442392016,0.5125203490831332,0.014720762917834937,0.0062329031865687515,0.011976490591500294,0.003336137538502982,0.008493916702714719,0.0023101829114582314,0.00005923522437975272,0.000015152008690079511,30.9660629602412,0.20508741064471903
0000392,3,5906.573124047966,1.3456728472137331,4.762966105671918,2.076701983994946,8288.409601936477,6.529677496717398,0.44029571194873585,-2.4415673593658522,-1.4818999788753973,-0.002780463275608991,0.7344752623966804,1.0415728631221406,240.97127668815486,0.016739223538831196,0.18199130269907804,0.31600604171680613,0.4324344636572475,0.035425414553367764,0.006190605906393055,0.0032789586395109865,0.00031737391762863646,0.003937892535732075,0.0033426589892103058,0.00033405302722593104,0.000002010818968179133,31.80334520702836,0.7456504408769388
0000393,3,6624.463050354097,1.5033684953755557,6.3025785334039215,2.185458624056214,9354.530435052793,7.077806845200864,1.237389633770379,-2.387002384697424,1.067001580005873,-0.2526213386499081,0.6014873506817112,0.8010302516547747,211.98744613636947,0.0003021528239448442,0.5339468620135729,0.1134643427786516,0.30094879778656997,0.033461218389500724,0.007644736872688873,0.006009039106209228,0.0011187363798551763,0.0017243304418299659,0.001363422072787463,0.00001598506860561503,3.7626578382364353e-7,36.79520223174175,0.6904633536782117
0000394,4,5686.630543433861,1.0132276389317294,11.363780327560452,1.7310471065550508,5037.224813853406,5.135564906099193,3.438334602366878,-2.263192864451148,0.13761878386155102,-0.3485481455021855,0.42619883137679815,0.9317018223357403,203.91281510286996,0.016389956847137444,0.18611125272359133,0.2643810104283057,0.4763595478113758,0.020334637197457865,0.008432365465242423,0.012468842955207152,0.0010882320932893387,0.010240153635386098,0.0039876420931171976,0.00019471014812424893,0.000011648601765326148,32.11914032742677,0.4748902171810483
0000395,4,5608.845217248061,1.047655546914701,13.277781035302969,1.6563208146620416,9182.263651841293,6.921743357705893,1.148099137917245,-2.7153783388748796,0.047821530026987746,-0.4702943777488675,0.5282516218832235,1.0360432671994304,227.3869595142598,0.0064793265616493526,0.25190469765643386,0.3771932562694171,0.295483949463946,0.043630611932287997,0.01069855213305468,0.003470967473022659,0.0023655904371621627,0.007500028375367276,0.0009053433544054186,0.000360880402975146,0.000006795940278617411,33.43823111663123,0.5112818214347773
0000396,5,4174.235758140653,0.7537745387657817,2.506444311643247,0.74409635403895,4146.490432154838,4.842941557788542,5.861709158915,-2.043324515484234,-0.9009430561174876,-0.45421975145835525,0.579249680144196,0.9096598816694547,242.51439273394337,0.012059669424227627,0.46867371158390536,0.1783748907890137,0.286331239102462,0.021047369919169487,0.011146569465194496,0.005701483395729313,0.00014662686015122714,0.008115595503308632,0.008193680253773608,0.00020271526017537879,0.000006448442889132079,36.23286255634925,0.2717005699368248
0000397,4,5402.777681175384,1.0133601877984115,13.301946010853547,1.4552324356056705,4468.824386610224,4.944939704150386,2.7789476763586904,-3.049342706292588,-1.17833823972299,-0.1516238827830645,0.30847397752912975,0.7967527930596872,215.22606244035626,0.03687434415764433,0.31047242093614663,0.32836382105482165,0.29143628151371687,0.009181263441294883,0.0062869884444702005,0.007867817002326166,0.0019144762393569347,0.0054876770895322,0.0020951735170212514,0.000013637440951536739,0.000006099162717555132,34.12388055009415,0.4874855135959535
0000398,3,6569.849281970428,1.9595543413909438,12.01710865555236,2.5302021821230234,6592.193131685647,5.5204093313806455,1.7225827172705228,-3.2988432956505362,0.39634861837019675,-0.7984723745124291,0.50129973341866,1.0152885978112847,277.4494214405999,0.0375092528550944,0.3720080044551369,0.3177674621598631,0.1346590595193252,0.07543653169341749,0.022518493684102997,0.02282255906255642,0.00016072630939138426,0.005312295727731302,0.011305946849694992,0.0004884326284308806,0.000011235055254818075,34.38370685165671,0.1162798641337436
0000399,3,6342.77648353219,1.5464731875472053,10.379690047715457,2.406742659187638,8091.646315646646,6.3414098932000496,3.8529166670029085,-3.048434210151679,-0.8956957797034326,-1.214670165248463,0.7137045196946095,0.9005339103866461,264.1285154385267,0.08381283298851597,0.27835819450000115,0.05935957448306079,0.3757785467538363,0.13597589133838206,0.024425204766574102,0.02554123700827564,0.0005922602049668351,0.0033452725845983036,0.012508552313209898,0.0003011451199322643,0.0000012879386464504843,30.623172036305988,0.34518092900734276
0000004,5,5274.437388490636,0.7701240822174523,9.1373465672429,0.8738156367413294,8314.135890173073,6.463901802419233,2.3874878264565265,-2.1566372427482836,0.8946941899912111,-1.2911249312067978,0.8716957174570285,1.0350233263918902,372.6771373743319,0.010944558463309642,0.430828607563786,0.15333752985108645,0.34617669965925857,0.04666333016843457,0.007449739563340415,0.0009025754875373047,0.0007400457013404775,0.00032944274782334415,0.0025038871968573015,0.00011339156827824175,0.000010192028947760552,34.966869005066556,0.2951099641497851
0000040,4,5422.229930734172,1.0137635608898126,1.9001876696248523,1.21815926914767,5407.402319346669,5.341280615322384,4.935599562316047,-2.816837658899585,-0.7871382332642322,-0.26809914609146035,0.33145902269274896,1.0312766773318573,311.8363681217819,0.033923631063015124,0.22362418426156006,0.45159047873984204,0.2710250011555176,0.009172262798506955,0.0013110847342425918,0.00324464013567284,0.0006484956565101798,0.002614489200016992,0.0027905645823025193,0.00005275022496767239,0.0000024174478453729826,33.03912730047446,0.5689292734562161
0000400,4,5358.9904791258705,0.8925749270549886,6.538740541317691,0.6947858604591068,4808.128606087856,5.169673162693337,5.537576418660228,-2.3706047765999037,0.30604607887005275,-0.9124661358951508,0.7585966224823129,0.8800611833612167,356.07740631194014,0.005720564846875408,0.33939466387241757,0.2607435602045548,0.36078584186453067,0.021789102640923246,0.0025122088906882538,0.004525689466818527,0.0005584783392966136,0.0008680177566269416,0.003041703136200586,0.00005625632207335695,0.000003912658994201381,34.213003225421126,0.22515691248003813
0000401,4,5777.009547673979,1.0358794412184278,3.306708802400519,1.2460100330809223,7177.617147641223,5.877528879812037,1.4609569228831045,-2.3600964082613074,0.27518982022444427,-1.3888808605073262,0.8063015844886057,1.0719023222297595,365.77346876175403,0.028837027753380526,0.5020062649612823,0.04045514001524131,0.3849373893304936,0.030556479796947363,0.005789720841375266,0.000545057353233988,0.00018567484746081781,0.003290611810390854,0.0032687376859104485,0.00012230490331284523,0.000005590700970801351,35.73019853279551,0.5321073336827604
0000402,3,6805.291275753013,1.9960426486933573,9.449651685895605,4.180385451547361,3801.868346360106,4.763242979289619,1.0171330837445802,-2.151257109976437,0.4734562759674339,-0.6994574573458581,0.6655925573310221,0.8300409597693903,228.60733491325442,0.011042239451036816,0.6276796900962739,0.2572316200728156,0.054960662317557446,0.021764326582006586,0.004756845045322336,0.009004830910482256,0.0022577140945391244,0.01024138373126264,0.0010317566018814203,0.000023902869545650134,0.000005028227276078286,39.1875560310649,0.6197102935233757
0000403,5,4177.185230976254,0.7057934603215438,5.9346348884198035,0.7005904335018323,5041.647106134555,5.090948068373859,3.8185437938182334,-3.2369648079684588,0.3739406510189047,-0.9185819794833201,0.7863433160958773,0.9335737851267413,221.671906307173,0.014992170505157892,0.2802573588457692,0.5090832383090921,0.11819936316402686,0.043896788537981374,0.005343002009908804,0.009331173896931002,0.0047490153700574245,0.009742012401876254,0.004169846904373933,0.00023275575203851568,0.000003274302786727034,34.335944062663444,0.7602315646994176
0000404,3,6883.8337160707115,1.8431231924417573,8.948089466951927,3.4757416351684176,4888.139394140546,5.028057856522602,1.0427876184126235,-2.8313454802990883,-0.5093819107937614,-1.0176137828581422,0.2674491997267059,1.0592662332420435,289.54248271386376,0.01698696864405386,0.6154329219288758,0.17967199722246932,0.1231220008218999,0.046623458208362646,0.002060908343349803,0.004066789393730738,0.0008415230211285375,0.003681992158266196,0.0072146953988843545,0.00028956200373158453,0.000007182855247192798,37.94977058863005,0.436158499527148
0000405,5,5025.644986194262,0.8064825828758664,7.123901593816458,0.8125202563423495,4445.277501588056,5.04723329912175,3.308726293600541,-2.8648402886737134,0.6899440194265343,-1.1658214851219002,0.2126022940766954,0.9271936628594087,241.71446224621184,0.045385992491747774,0.4377994261367545,0.1773469443368434,0.3199066051975174,0.009227618497837861,0.0016387989072671404,0.003644263915162959,0.0002852323367043325,0.0003752871172554552,0.00434789453560804,0.00003818110110000337,0.000003755426201031914,35.15719243143028,0.1753817586848393
0000406,4,5706.582860879596,1.269923725614547,6.496829940346093,1.0394543123084872,5600.486388054956,5.325046281531056,0.7781263872661266,-2.551794099503768,1.0674543824889868,-1.2502471080511763,0.35182880608878153,1.0205812143678554,320.7242837029448,0.03555954315482886,0.3598457541331673,0.14419014722790655,0.4211715933614027,0.02048659650919396,0.007545659898939498,0.005321547972987382,0.0011956644007525285,0.0008753399079126151,0.0035995354802886926,0.0001970030833023845,0.000011614869317577444,33.88057823347747,0.33398281212249625
0000407,3,6402.164412780225,1.6444218793243268,5.431253215979018,1.648104364001878,5986.25223926773,5.467914358595907,0.5506007306983473,-3.414322784608848,0.3219543926086528,-1.47590000383647,0.07570595445050576,1.0028240673162059,305.1099062811936,0.016667842846963633,0.25814964818867014,0.649771115862603,0.0408514412123835,0.01478878796605918,0.008449686832181209,0.00041759564323525807,0.0012401617066235915,0.00754116176641011,0.002007873682172141,0.00011235688841912636,0.000002327404279126682,34.79869895239489,0.2969533371970475
0000408,3,6746.656850587505,1.734714249788097,5.044399230292356,1.7891523470943047,10203.222593475313,7.51523400108524,4.721183018267999,-2.5434730985749603,0.3677139511819223,-0.1567168844360982,0.5956328494994543,0.98027415615953,314.9880867567363,0.031654457955093966,0.10893020039829297,0.3647357562519868,0.44475859426103875,0.024406246337382472,0.0029597259829995176,0.006879503928772129,0.0002735505862740189,0.012160801741703456,0.003017122696595152,0.00021616697476381305,0.000007872885097170635,31.059183936304162,0.23230692110304144
0000409,4,5813.7428162284805,1.0225470387013116,14.250319919935956,1.476984321148627,9664.12593327658,7.236060850488361,1.6709077975582756,-2.274590744431183,0.27502627986707306,-0.40629160729742164,0.935365960526471,0.9331282007450535,244.86918776423556,0.04009467315088779,0.41806586833383136,0.28112490327176926,0.2079927604753045,0.02603825850302855,0.009351527454306074,0.009017105968118683,0.002008840026382623,0.005172312162824086,0.0008740087293920907,0.0002589880055372902,7.539186177234083e-7,35.4756610882153,0.3954440240271133
0000041,4,5731.906207008922,1.0636693222168836,4.242554655937655,1.8159703017727113,9848.45285130187,7.151292528481257,2.9910377898054863,-2.0146188197484203,-0.8260165384196367,-1.0735942312493147,0.1579304414723045,0.937713351834638,278.9679668537335,0.05589799655995571,0.23486686026989062,0.07401815177825875,0.5675749868948462,0.049451506369377576,0.004541531248655982,0.0033863372128835204,0.0005007133000128515,0.006983998338250688,0.0025604983289634967,0.00020297731085666492,0.000014442388047832236,31.2214270096258,0.4667735388327431
0000410,3,6567.711266876655,1.428886634130325,7.115050633542697,1.7733794400794154,4301.24353148382,4.932335273248142,3.336877388079708,-2.130360323007827,-1.4993952625607896,-1.3795285601554865,0.17832719945530284,0.9405422040005698,509.1845047254447,0.01302742566271642,0.45794404894610946,0.46635478024138116,0.012456083748062572,0.02946080213461157,0.0019795372441447625,0.010819734915087887,0.0039561662049291116,0.003651077675264687,0.00017552361494529233,0.00017096502526832685,0.00000385458747863846,36.95517543358599,0.2419417446711921
0000411,4,5320.639534876967,0.9551182491973995,2.094279703745687,0.958007381980593,8329.45175589566,6.552833899705643,3.1741993715534815,-2.365597230681118,-0.4403837650514759,-0.4412226920954134,0.7862562089548142,0.9461936736967326,282.99850012196555,0.020460253637545535,0.3836852026407881,0.4800831248824815,0.0776208165987215,0.019000077621933367,0.0019778137037894726,0.006661960604354305,0.0038701039676790907,0.0035287991487510197,0.002998237411324027,0.00010858882407945803,0.000005020958552592992,35.83578138996246,0.22453371995661842
0000412,4,5594.816062045481,0.9114352253486017,14.70215283966522,1.1124780855933034,7671.822040013592,6.17332854238623,0.9296245234027029,-3.144025937986661,0.6355263014615646,-0.8373649942942107,0.8127845152658912,0.9165201291643147,215.84247941528284,0.05803212726560142,0.49664146901218903,0.30063769056004414,0.07786578608839063,0.04514774660697992,0.008152315591070098,0.0025677180218329782,0.0003391956186560444,0.0033049527109056086,0.007273774982144216,0.00002679115343871152,0.00001043238874726608,36.21232531496438,0.3998730166644633
0000413,4,5854.392306926405,1.288090241255417,2.2628048811861867,1.5155275525732361,8403.043818180304,6.4513846622808,6.459330564779599,-3.196083018524048,0.08614412110731617,-0.13350553419599231,0.049406530632686296,0.7543040541843162,192.23844894414182,0.018523001492364233,0.32264826816624487,0.4564871172256655,0.08906543116060087,0.07378585922573422,0.0233768145889581,0.008101575413899924,0.00046702454964169654,0.005983101736191879,0.0008641080510186102,0.0006762448939191946,0.000021453495760961518,34.51552030248102,0.4967494418444798
0000414,4,5854.595385162183,1.1847570023328848,5.891850534669477,1.0384933516291468,6256.395028791152,5.3673882643029724,0.987467328450545,-3.154772259258386,-0.5976626374837453,-1.4596376589525841,0.7221035515316212,1.0255244944615733,313.1293903853592,0.04207954591113291,0.3148344278461343,0.19946864023953387,0.412763067992323,0.009834266962478829,0.010894174312644736,0.006869782785274376,0.0005453348448461693,0.0004243281491898738,0.0022560429136168425,0.000023925681836331365,0.0000064623609886656354,33.48220027855348,0.42230296529059475
0000415,3,6734.899224499629,1.771420555949475,1.409687420986501,2.1663909753653163,9014.297931862458,6.903667844834985,0.10549004206703583,-2.7410929973728275,-0.2485364849887033,-0.30152239370199685,0.3832648861376988,1.0999495086569526,305.0329973563839,0.06283085842174764,0.6683913127411144,0.08413532634884065,0.11551548623086676,0.030847731917420657,0.012176750803563164,0.007032369773350527,0.0008331606710559251,0.011863798898691626,0.006223999064975932,0.00014713791219566507,0.0000020672161769304938,38.614273740413445,0.6817969235119888
0000416,4,5691.248882967446,0.9073966794809954,4.427467803888243,0.861849604793167,9902.095106012557,7.201333693632909,1.1855785400350056,-2.013723121463433,1.0727874418046888,-0.4720782279534832,0.33438295003197005,0.9305580284673303,261.14098686773394,0.06113168237227402,0.07001059604769516,0.3353386922804474,0.42355567565029206,0.09052664841890502,0.0019333307288031119,0.002716403625109819,0.0006150346863807058,0.003326305851062043,0.010002045259369695,0.0008218105485467974,0.0000217745311141598,28.828821379195485,0.5358821673773572
0000417,3,6239.043853070539,1.3077341511490006,8.980959093484204,1.1852035034778554,9586.454943802308,7.237609485411711,0.8857441122645299,-3.459075102357646,-0.41789979823609413,-0.988475739587438,0.03971565783847064,0.9587739781356704,283.05768277381196,0.03198658711601865,0.3385392272764359,0.19950968018631143,0.38531484844229,0.031329249457104746,0.004803509969956453,0.005353908095739549,0.0003963038980988196,0.0016939379705618487,0.0007847816435229573,0.00028419420633777487,0.000003771737621805948,33.66659698761421,0.20745509272196982
0000418,4,5781.223232893302,0.9578433036367137,5.04588605025747,1.0425774294191241,4748.238423469863,5.068669236878317,0.9680190229140663,-3.484999416692855,-1.0947742190004317,-1.0259547639998399,0.8497087518405678,0.977657388063504,252.85801401602043,0.02637995128183353,0.12237594710619215,0.4428758801194065,0.3378428006996229,0.0349135307095577,0.012006309282750538,0.012152662101433013,0.0015563019873022926,0.005478824501938507,0.00437281507341023,0.00004022128702860631,0.000004755849523912293,31.427159257150795,0.6853504078283873
0000419,3,6267.722653643233,1.697161830660614,4.342672559278824,2.5618004821383127,7255.54069658969,6.023669921815479,7.529179341704276,-2.1094292063299154,-0.9071079653270111,-1.3942136212356333,0.8114871691406805,0.9341802720758502,413.6652362401829,0.01006782651772189,0.3116448270973456,0.3816922763898983,0.25265247267958874,0.03654075669593783,0.0019614347783294896,0.00013147079304923697,0.0000012481153627633906,0.0014418842694226446,0.003549479412906106,0.00031193228303854606,0.000004390967398956957,34.02628614540461,0.7760618603285916
0000042,5,4184.605921415243,0.738792952733806,1.6658253860146326,0.3946783795719634,7491.945269224431,5.989816726014499,2.644930705690864,-2.715056250604775,0.01552198442354391,-0.6488358195866615,0.6823949385379077,0.9509922591055311,301.8219755136676,0.0973452454105937,0.26893965052924335,0.07143512404585232,0.5129037924168623,0.01246397242995926,0.009776438377089443,0.013573803927760718,0.000055781966318680394,0.000728934276564743,0.012757212557483466,0.000015616519581571277,0.000004427542690379848,31.521820846699004,0.6115136185765322
0000420,4,5642.683609004572,1.0158312209014875,13.772794033647969,0.8941772159879633,4628.730689048689,5.097062246252583,2.7794760909024534,-2.9184976779520273,0.5322745206189241,-0.1755685432897669,0.694334917195795,0.9327233486834521,274.40299510774435,0.06381921466925439,0.11683377660353074,0.5591426354997597,0.2076234286827924,0.01894516531135647,0.01639658048014292,0.0011987172081313344,0.0027929103013343616,0.007012748814988611,0.0060516640277855395,0.00017967925374226925,0.000003479147181347093,31.750675712490843,0.7711620333819875
0000421,3,7170.363383115656,1.4512622915039999,4.840911067567872,1.7928105305137279,7557.81068484611,6.189200769791802,3.186514118817508,-2.055372649653302,-0.0729758770913751,-1.3141444414361168,0.08319894423147689,0.9976156247156257,353.8368115804083,0.016592820299852075,0.08994512068268769,0.053360919250402046,0.7515159084523406,0.06987196356459809,0.003666257908000823,0.0025426233847929353,0.000368174830700145,0.008611056539807397,0.003453006321783727,0.00005933063432063533,0.000012818130713799734,29.001348894066115,0.7079653780179632
0000422,5,4491.23024891879,0.7738307424023965,5.6703642543278265,0.8890719163037728,8407.160586300892,6.6549399423357,3.252452309138826,-2.021137509673963,-0.05025516625973614,-1.4400152126576333,0.9567442012308335,1.0460818347362233,364.20191628893053,0.0029127026841929238,0.35649513611519024,0.3206084252853802,0.30379061029917714,0.005706215262194934,0.0012938010981810423,0.004759160079429988,0.001347488576010839,0.00018803997720219482,0.0028605117332702198,0.0000317472866327,0.0000061616031375066285,34.91951080288042,0.39516320056040843
0000423,3,6716.934589280387,1.790011622131587,14.840829766976194,1.9032528202525092,7453.287111140305,6.097834869979136,3.5812053540763618,-3.430052910406572,-0.7318330230371574,-1.400094745206617,0.3269753877645295,0.983112078333061,325.4731061043171,0.07375241509665578,0.5079379882938749,0.19155833037921155,0.18357045213292797,0.016426118657014713,0.00391834429802785,0.01812663082533048,0.0006303082833183468,0.0019108032211647575,0.002112219156529948,0.00005309526356513838,0.0000032943923784872975,36.089416399712206,0.5524240014340855
0000424,5,4703.375761785096,0.6060168711342101,6.84966244440578,0.3538107177598618,7201.53976660367,5.970378160761193,0.9725408787179075,-3.0156642924266235,-0.3080023621545087,-0.21833157290052885,0.14391967025154273,0.8240233763373784,245.95650043136783,0.03179387986271931,0.5369136817565762,0.3283923540007048,0.06280320638250338,0.014980185534039252,0.006046646099985731,0.0053019763979583025,0.002022344862560098,0.011025309560617678,0.0006627907978265388,0.00004831074977847704,0.000009313994730267988,37.941375410372146,0.5751741613719603
0000425,5,4936.984237731511,0.7557797790934705,10.258722440776628,0.5816961092231762,5159.3907501017375,5.091473377819161,3.355564338642493,-2.4516602484564594,-0.33616521033685376,-1.257094462504202,0.9477978423237899,1.0492011794107152,456.2107558946662,0.017968025433807596,0.3113171859405606,0.17581921506255432,0.422970386664498,0.0559843881870588,0.0009699383470475711,0.0017490328098503263,0.0001542256376511216,0.007469542433945477,0.005262931694819896,0.00033448741303955954,6.403751667594061e-7,33.07442363511836,0.6201786316229138
0000426,5,4662.13597524095,0.6418415078051449,2.7867586078547495,0.7283509822118579,6534.587215861632,5.685947785298733,0.5568903705613064,-3.1638402168366224,-0.7394595900941915,-0.6811348918996756,0.27248196021071136,1.0192234506163405,205.4507412493704,0.04328151346910561,0.2645043254354122,0.13392470533366863,0.48919573202234873,0.03132420737510274,0.007509142115467955,0.013239739482647821,0.0009208211856371546,0.011276260510040062,0.004686218250863182,0.00012965072163237024,0.000007684098073381977,32.46443076077372,0.18715824720104224
0000427,5,4067.2674303137196,0.6546484147146743,12.456927032434635,0.6335847677555921,3685.000728487382,4.8129304586622395,0.889741585975563,-2.2872929543649065,-0.15950318646840733,-0.9298918124348126,0.7762286050052711,0.7401450088812271,197.47220026963774,0.0030706379502992574,0.11326045701869157,0.4136557033620885,0.41525311171696444,0.0405667926889096,0.007220188293997432,0.0005520954258554802,0.00046885949343454877,0.005348728085231757,0.00032912879110456677,0.0002689347011002234,0.000005362472322677049,31.27165912995406,0.6288357474361491
0000428,3,6620.089050914879,1.4597509649686862,5.019517194041651,2.9573021649785325,6683.261324784178,5.750794109897436,1.9932306968871016,-2.6902151847652265,0.3857719989958466,-0.3172451075779903,0.5221356939854733,1.018092569301668,233.6234069364866,0.029666256335692306,0.14706237018764753,0.03496878980414099,0.7192841904231216,0.05472175869363245,0.004006805106620964,0.0029978450493753322,0.0001234385340343941,0.003523135507811062,0.0035501656425798974,0.00008251637794117863,0.000012728337402397592,29.708522068420358,0.5385501810445635
0000429,3,6933.008450469428,1.9345497442485735,4.866439373803513,3.212571447155328,5922.625596030086,5.416588895930518,2.0777955902052323,-3.4295566839204117,-1.4010674816639441,-1.3487103265446336,0.2587006123623655,0.9720175367534084,260.7033488467888,0.0165835129236016,0.17406923639896876,0.40827393329687145,0.3443848758688545,0.03636215584401778,0.006616841675668863,0.004247246504313255,0.0034473780361727064,0.005046375610896894,0.0008455711812624593,0.00011664680990606553,0.0000062258494656981575,32.171532016410346,0.4590132593302598
0000043,5,4467.659775368444,0.8008718492087012,12.532348520602325,0.8323379897576103,9412.509453417752,7.010638292690104,5.802266439215643,-3.1626634257994604,-0.06268161119577553,-1.4845491055320237,0.0374648671056268,0.966053003861018,208.2638838805045,0.050865013960537435,0.48124116317516674,0.36000053271857657,0.03405559728469434,0.04471467730327956,0.012922423023941792,0.00473218667683488,0.0016564944269382206,0.008420018573329142,0.0012268013831624872,0.00015850460693465007,0.000006586866604119984,36.63279876694145,0.4758946457855464
0000430,3,5938.910045650124,1.2661777583625609,5.203420371257226,1.8318590659336007,9132.409787885423,6.91626245040444,2.05679956791509,-3.3208212406232644,0.43271916335318505,-0.5905062299768936,0.5060621965931085,0.8338422989181733,190.9128616206953,0.026586901539518967,0.2672502111093399,0.352228678299719,0.29762193089606365,0.036921411824619214,0.0068271298965534135,0.004926813833711076,0.001973597743757723,0.002586319748465051,0.0027309560539153016,0.00034006112873475637,0.0000059879256021471375,33.19659609894197,0.41316867448790395
0000431,5,4134.866897439256,0.8493201418551204,9.295997847403155,0.7463582255217651,6260.723398436958,5.509783140584267,4.2225705894799646,-2.4678795287236257,-1.2707476506185666,-1.0352911561900466,0.47861668345090125,0.8862695734729888,294.0337298322594,0.033962962005976635,0.4770127073771435,0.3119693373225218,0.1405534603969324,0.013298438381747926,0.009763415825376794,0.004277635359116548,0.00001832455901289359,0.008461937044371504,0.0005507743287327983,0.00012564751996855408,0.000005359879098747197,36.844347882514,0.13247573976938568
0000432,5,4176.379582597693,0.6295019141391203,4.584523216475458,0.5323579151458295,5730.859145516489,5.433243235783855,0.8936827839610224,-3.0716816252374852,-1.257235280961421,-0.9154307669200681,0.5994152763266981,0.9165014832285201,207.3922676847352,0.026489240833342368,0.14000750852585345,0.5278528718755632,0.22886742561919737,0.05516995387381617,0.004930669201541303,0.006572486975308073,0.004293592563084508,0.0017067661491751132,0.0037993629583405837,0.0003014924197604927,0.000008629005017500265,31.616225130657313,0.6442627976935558
0000433,4,5373.569210456567,1.0371797711645305,2.144647919824084,1.3495850674358074,9765.986026644983,7.375484602960445,1.1944622175837594,-3.1057622612751725,0.7335729094433976,-0.7734337868317505,0.642380482919635,1.0397225932360774,223.3648480740437,0.024500468782949574,0.40927803856357825,0.3806623439247954,0.1303821024118608,0.028036140853513036,0.008375862421069474,0.011748420818805684,0.0011240294934653971,0.005426694417572581,0.00018750425263662534,0.0002745890224917268,0.0000038050372614096865,35.84717858826355,0.6514373556885047
0000434,3,6010.971510844894,1.63447189941019,11.731588101426116,2.595968466772025,3441.8324338562284,4.735687455757849,6.722044583716279,-2.097154514034178,0.21575989244716576,-0.3601602636907031,0.9936770940939184,0.8200643148747607,213.45743484230425,0.04170824425819675,0.22650912723586894,0.6316389188146098,0.05496049773858062,0.012216585304204315,0.007680915999399851,0.014270662222669138,0.0018531951674551714,0.004659598428039159,0.004392385268237687,0.00010359273105411661,0.000006276831684554088,33.870749926433554,0.2612953678034814
0000435,5,4203.0446907275855,0.7414857059526483,6.513798901458522,0.47322542035374193,5653.23339584053,5.330346369165501,3.3965368330356203,-2.3611151567484403,-0.045202065240377065,-0.36704237759827696,0.09394264005891162,0.825064794485309,214.94923933916698,0.01849811143871727,0.4000776445962086,0.1956645307642907,0.33027237011732974,0.03862186244498558,0.010371456447950475,0.0024723654348655123,0.001603324444407751,0.0017554882665725582,0.0005505599466037954,0.00010338511615098808,0.000008900981917097549,34.80127110887672,0.32700996804199367
0000436,5,4529.530391202757,0.6794903908976572,12.350515436739965,0.3432242003450121,5132.044405059482,5.233195964441084,1.443028179734289,-2.846516349294588,-0.8060557749287967,-1.1621136445825095,0.914071416540711,0.8010070549352887,300.961466380958,0.03012649325033049,0.5124736226880221,0.04050307338501336,0.337782099731425,0.06162327038195571,0.0034404920981513923,0.011723962451142572,0.0000409558849790117,0.00021730127465494574,0.001977061075032593,0.0000859030870187319,0.000005764692274078517,35.375977266652036,0.786508817060094
0000437,3,6198.401876230529,1.2812846879062487,4.82178286229045,1.3752600423388899,7343.534268983258,5.929706653337657,3.3133446005834974,-2.8268686109768066,0.7614996389301587,-1.1662240566984319,0.32603125586662507,0.9118921671394998,283.42313549177584,0.02308507571190883,0.12820594463226836,0.2807870648234725,0.5017635676240189,0.04955748340332207,0.00019103640191423074,0.008827448480122008,0.0006331335173495942,0.00560620363840455,0.0013068258140402625,0.0000334469236424903,0.0000027690295361728795,30.562844093313796,0.39783059026047807
0000438,5,4347.459841951625,0.723941955206509,10.58389638225452,0.37249503864966893,5990.316307704501,5.46382370420485,2.288146356578112,-3.3558884048877102,-1.2990743517613452,-0.8774632211891007,0.5321041820698085,1.014248782474604,315.59020196596214,0.0719188845883623,0.18543381926813718,0.10246923240256516,0.5780147236571894,0.009243611088722436,0.009831507761872532,0.02003532300911631,0.00018010144239144366,0.018048909792560505,0.004800716248041265,0.000016791256800965078,0.000006379484240398047,31.31752000340303,0.5682831408401149
0000439,3,6841.343219172284,1.945494187524784,6.168894061173573,2.609567498218829,7616.923869950364,6.2012579678939295,0.5377949403917581,-3.3723724473628907,-1.1280668936027318,-1.4180359542940808,0.6255343398621962,0.8794024943591123,225.18001986878915,0.021284530094070244,0.28269211846528325,0.3622445389506072,0.29306722856055833,0.021957519616822848,0.00528245209045019,0.0024559449945810575,0.003255224790454111,0.004678578505241536,0.003021647346148798,0.00005430751268834894,0.0000059090730939204025,33.78875957775875,0.6442462492599318
0000044,3,7145.753667025973,1.543057599650326,14.945101296744731,1.8541910253248548,9796.620355124589,7.152059519924458,7.103717199434423,-2.356797624183162,-0.11986625604560808,-0.13716051071539126,0.6747357883038902,0.9748000760042006,319.1564272976819,0.07384141608220883,0.2383160359152321,0.3072974121836751,0.2908156508213128,0.04555070889518967,0.011071481574072067,0.00824946743272492,0.0006342983540303591,0.019640324387513154,0.004577370179562116,0.000004359642666715663,0.0000014745318121511319,32.61463081538181,0.617656603872689
0000440,4,5598.259305425391,0.9343018523694958,1.5925853993635026,0.8099158607466771,6824.187265835899,5.647930274884393,0.7583591767561106,-3.278200842481938,-0.6751968397494723,-1.253685513132186,0.32349375422949,0.9250552605005428,255.69023188897737,0.09662010276877697,0.6650354356588221,0.12390422213925063,0.002481551649960601,0.07975223748945805,0.01064186505919707,0.018227547320737638,0.0007858679726068964,0.0005777637490230363,0.0017413843560555656,0.00022057443689498283,0.000011447399216695108,37.41310803324481,0.37665882831842545
0000441,5,5109.394105739476,0.7964738637086359,12.219241768846876,0.9208886530541187,5519.076048714894,5.345649803833301,2.077400261072308,-2.320591535967866,0.13831874720133297,-0.322700450148691,0.1116570016555275,1.0561585439975472,238.30238734863025,0.041205991977536646,0.2903850940742592,0.2069145047702897,0.42208767693192456,0.01620565454463595,0.00866657304158288,0.005697525494894873,0.0014116801857868473,0.005406644346833975,0.00192403006341817,0.00009380336149057136,8.212073466326174e-7,33.218052750067315,0.4191360955004104
0000442,4,5396.468479007073,0.8698777356027068,12.000995297866343,0.8479023833253205,9056.663715944876,6.899775347312925,4.273848321670043,-3.4954276749104687,0.4149234226837708,-1.2271113733679326,0.5895535414959138,0.9624764727114918,249.64225736217097,0.019758421978767402,0.25306790228790976,0.4127241441092334,0.18548378362807924,0.07650660026017313,0.012613621405219844,0.01580575218958174,0.003142301945417069,0.01241965995505275,0.007778346675265328,0.000696828866543587,0.000002636698756844787,33.22004998028297,0.46964715141918134
0000443,5,4861.49105978759,0.7400699788400467,9.775212599809338,0.7013290013339177,5791.230577088677,5.300990745445214,5.599505550110824,-3.379513418755119,-0.146164749682969,-0.07570810254514226,0.7760999636042462,1.006828414070127,247.91879691756807,0.026998103653089307,0.4335980921075013,0.44208332905952713,0.0642464188252632,0.00672194996708881,0.007078404586447524,0.008972308714083244,0.004079970516019841,0.004066630962194367,0.0021337769744210976,0.000016148743357555705,0.000004865891006617068,36.67909244265556,0.2189906838570833
0000444,5,4368.096967685971,0.6445923054412361,9.41774763847458,0.5493248800799728,4570.363451588277,5.076442713547578,1.7689801919448418,-2.385095865205307,-1.061701455118489,-0.5806286874268487,0.9089196715516102,0.9041703725407844,261.33855264686986,0.017354613924711992,0.4280502375532772,0.28571906677202213,0.23293570829416116,0.013515385716293814,0.00528365307052006,0.006262843913803021,0.00045965303106454723,0.007119641932460149,0.003232604372321119,0.00006249154752965749,0.000004099871835213222,35.979121938061375,0.4938131925289949
0000445,4,5424.595638678164,0.8196862362501822,7.699460356617505,0.9764011123231122,8253.657630313532,6.605541281957208,2.9078072144760787,-2.9963416889688723,0.8657663213639712,-0.030878890377889157,0.3728777675102727,1.0336140490116266,229.14783593788138,0.004496738280512087,0.4896972112905162,0.36672999027193137,0.11186495686767053,0.004885747864307936,0.0013186815147664922,0.0017975127688271393,0.001551689212764708,0.015226189889069519,0.002418773366681435,0.000006602535763768567,0.0000059061371887035505,37.77950634255645,0.7092477083553999
0000446,5,4287.283347716236,0.6151495341991072,9.568126345877635,0.6490169084394326,9603.54431653711,7.1310501809501865,3.2419083609851977,-2.1796314374440997,-0.013958269208623975,-0.9337067302604862,0.8171739592986438,0.9699584146796437,266.81955294290225,0.01366848504332977,0.013111579756422454,0.2802450909154212,0.639286567573239,0.025550917285697566,0.005310006549470207,0.005404195152640029,0.0021395221923973784,0.012007731443686586,0.00303922605514492,0.00022787946270902006,0.000008798569842007122,29.424875758964063,0.26933481425959166
0000447,3,6341.696274316696,1.4368239247136527,12.205598830294635,2.4370265597971947,4627.131145328681,4.993658929816437,5.0345412899808695,-3.4839356659526457,0.24499917552890182,-0.2148511250422085,0.7336518895941359,1.0116376825491806,244.11243513452467,0.04288266341140182,0.05085904937750618,0.5001355625655464,0.3528433410181075,0.022224351600056272,0.0038973867917753056,0.009393570658287673,0.0033294070479844835,0.009799346308375001,0.004585291099868675,0.00004536003023951187,0.000004670090851542776,30.557415969008286,0.19818347097500055
0000448,5,4630.840119240678,0.6153174595401261,12.626342856345394,0.7118929199308038,6135.14732095383,5.480416866225105,0.36345178325683936,-3.204882735290854,-0.7014675433748735,-0.7952030004469883,0.8685064750827753,1.0080280669148556,194.40202349773156,0.04725880786088868,0.14100885128760818,0.3181999338468049,0.4512976979213442,0.015450260025221452,0.006022876176814779,0.008966663319197014,0.0018949134013951318,0.007361488858679037,0.0025002636067234948,0.000032139460778284884,0.000006104234544830248,31.252186670487337,0.6841590714950299
0000449,4,5615.525719303384,1.1627928280588944,12.911896326956494,1.6892773082112917,4075.7572545243024,4.885469456215404,2.3536703110728214,-2.927180263122076,0.4494573151633203,-0.10478843663898596,0.6275317479827506,1.052605999860222,234.27479083812324,0.024616840833695527,0.2753738921756843,0.2839787155192675,0.3727070488195307,0.032556299338404565,0.0038272287428798165,0.0037366890628011307,0.00001876837044940841,0.00002213178670412975,0.003102395995134932,0.00005758228377418432,0.000002407071673713765,32.942834464252606,0.1316124762371413
0000045,3,6981.37119882782,1.6112183979576329,3.8914655380215413,2.8962398832386778,7560.579709393869,6.032847162796642,1.4839146866412678,-2.1325430555852867,-0.8998784557878335,-1.4855758399049972,0.011987651301413549,0.9259542933351971,319.74552209416515,0.03783651018276391,0.3925070645800442,0.36716896823573036,0.18235597539423798,0.008001322209177333,0.0002567287269334917,0.006123966435043906,0.001076005762226647,0.0005049500892234381,0.004147559167234708,0.000011865309499285073,0.000009083907884792114,35.27996554099695,0.2822869654125879
0000450,5,3911.579149164834,0.6905853284061259,3.9533224665650017,0.6427519093998223,9535.105482657502,7.189553920130666,1.8396065719581582,-2.755251240370599,-0.34891526560793973,-1.3712122139307577,0.5975524569534741,0.8139159460210543,176.87232302094895,0.21239218279231523,0.4468932827139381,0.04713698352229527,0.14817258023675714,0.06996812075011065,0.012815773824538348,0.02184482105232874,0.0002775857337690395,0.029819199459845055,0.010057530757988127,0.0005802414895554846,0.00004169766655882643,33.565594417454726,0.3861777178833231
0000451,4,5847.009562959807,0.9023908151561203,14.882199030774485,1.2184607655893926,7605.473765258941,6.131496185631008,2.82995631022876,-2.438170708709587,-1.4950281149581874,-0.7109224614156315,0.8154545094152452,0.9678987799951853,314.31015547669307,0.03983288978504691,0.25048092580880416,0.47314460099357375,0.15312996057903636,0.04520977782255637,0.013955768247620267,0.005824707771384797,0.000561475585372593,0.011950933981713653,0.00562926247773682,0.00026458873869767454,0.000015108208456544617,33.57034945579499,0.7603879922406687
0000452,3,6791.740033678991,1.9622368258810476,13.481547852514,2.061888451908958,7460.705688452591,6.061009178434303,0.9933948103243042,-3.0992735939432023,-1.2945356832193355,-1.2727579629801276,0.05742934370569175,1.0441278593014016,331.65805028474733,0.059745703552113116,0.20460709273920388,0.34182932415789474,0.3015247757844197,0.07026917518061862,0.011291917369570918,0.000794515890504112,0.0003647305684783574,0.004568441356480126,0.004666138469351602,0.0003343511715339293,0.000003833759830779729,31.511946074772577,0.18306903879846415
0000453,5,3823.22496040593,0.6939729026899537,9.845767164795458,0.41333481891403157,4579.138974010874,4.985644671192578,0.5891808279041135,-3.161481849991228,0.5566837890306178,-0.7380168304975946,0.8530889309500176,1.0443781761087825,246.06954270860226,0.03795072133138307,0.3613950547070094,0.15515200001750107,0.39712859436980524,0.03627787756549613,0.00683471166204091,0.0015911444485427998,0.0006914040348182658,0.0018746636025356606,0.0008362567626012266,0.0002650263600953041,0.0000025451381709630788,33.780921172134825,0.2360115787894664
0000454,3,6186.2982790705,1.4313863716103625,6.344851033003388,2.114800398470198,8281.122077792654,6.61615800470275,1.632305730718718,-3.1197796128590527,0.9288532415223307,-0.6014727210392157,0.1010159569857888,0.817522416075716,177.45186239129168,0.03480204629294295,0.420723984304985,0.0016804305570804739,0.4566670111648639,0.05347699827126131,0.015166950810993115,0.0019394257719738902,0.000012955433822844175,0.007561099030604115,0.007929973298642845,0.000027806030778020955,0.000011319032051544659,34.19081726119418,0.2582094985879213
0000455,4,5563.199248839684,1.2813143917148269,2.5986758405244936,1.1162755913298947,5702.8329620539735,5.365550570156178,1.9774852972781993,-2.637003857259877,-0.5924070233095738,-0.7312527783802518,0.10942980582948358,0.8181755972761158,285.9411142049828,0.048358403014275665,0.551374123572732,0.0328626171114861,0.34038084909079186,0.007427292940140204,0.0000969566833434235,0.010273520954739785,0.00016264749720985798,0.00816078968003081,0.0008607740566354219,0.000040876821412594796,0.000001148577202489487,36.68181455333296,0.1484181871839749
0000456,3,6086.82546899678,1.3509330354711067,7.013512161646055,2.276747749723331,8361.60511419942,6.516373356779265,6.516511820938566,-3.1011499997995178,0.846598464978285,-0.7006097649837022,0.723823417345969,1.0829033628642508,277.0691873975221,0.06631933304605707,0.06391411025538717,0.7026038124681824,0.0813764674732671,0.052190482580919684,0.010665480844530525,0.007656857301472778,0.005274262798623199,0.0009350560700855766,0.008782261378719998,0.00027618051249941086,0.000005695270255079474,30.761769455934743,0.35544572699299504
0000457,5,4296.0547685886,0.7601732420113689,1.614455527383373,0.3575609316902456,6777.247261143346,5.629242141410199,2.6980138142621133,-3.4101821592872272,-0.5557033413646907,-1.448599592837257,0.2726141280370712,0.9893500124135628,311.03430182087254,0.009527610792824508,0.4656119155181765,0.45967691046972736,0.02375639899754697,0.01610596854628587,0.006824009144459101,0.0056577388793865105,0.0006849186170825959,0.009046272321075566,0.003014287578729388,0.0000908996795015527,0.0000030694552041142606,37.42146012156409,0.6931558907944669
0000458,3,6867.837925533187,1.4743842275795462,10.215870498557994,2.653406640753368,7736.939687562605,6.207544501557887,2.4235820003357516,-2.619559525177571,-1.1899135864449406,-0.6099430703940791,0.1734770124006093,0.7558107781054524,243.52916121133748,0.009103240297762402,0.3365621957905062,0.45903060688527975,0.1798638106086995,0.0010885991913783923,0.0012737336850728832,0.0002450025842301668,0.001426576981463768,0.003989604879090974,0.007415122640938506,2.502812551770615e-7,0.0000012561743221042204,35.23387321668418,0.6184706011642934
0000459,4,5694.183856418724,1.0890830751623368,2.5339346647139864,1.5888512281534368,5232.084851096015,5.310786392883244,0.4236782577474235,-2.834919910250135,0.6028416674064392,-1.1268036874144722,0.705162576966213,0.9263012702355523,208.49172319094725,0.09799271192329487,0.3892401821740343,0.04531639133000451,0.23812282041821006,0.18468785798179943,0.00992576975737281,0.02859187227052475,0.00029483370631404787,0.0030506159479422156,0.001740584518803173,0.0010132056172173416,0.0000231543544825915,31.486370470422948,0.7002567335413885
0000046,4,5503.655072128174,1.1046992813122443,5.783694246523807,1.1144723184208636,6850.297680475288,5.862380925090673,3.9235016315058395,-2.3152154606436417,-1.0107718199397,-0.2949090834351171,0.7104222196791309,0.8540878360296184,284.1932007035353,0.023437994464126994,0.41017151294186116,0.12334253554621816,0.3975147065644102,0.02940314962440695,0.0015619269411746217,0.009407830920098958,0.0009611158236552237,0.0002032796185862294,0.0038389522897727124,0.0001484423361965337,0.000008552929492350137,34.48958511088226,0.6875576385285851
0000460,4,5796.892073446328,1.0409624995616977,10.238476450446719,1.074854035542682,4468.598296689655,5.002877956602785,1.8917797788349435,-2.8665172379324577,-0.5778032871245874,-0.6692659622748651,0.7908200653442641,1.0682539728069071,354.35966141323973,0.043148372338136474,0.40700076686456504,0.33859221836192255,0.14698680896105248,0.04588600311800935,0.008562634119779892,0.0012267255308216045,0.0010692344727945007,0.0024018212333373813,0.004731455211519242,0.0003885026390690317,0.000005457148992479327,35.086020252718406,0.7246644417731587
0000461,5,4801.0377676966655,0.8023523532863742,14.502229909580032,0.523307400994167,6701.274250437373,5.755890207374451,3.0909313960992684,-2.9874765116576016,-0.27125807898997545,-0.5096415283027103,0.6648900800839003,0.9908145143334188,317.50620623193123,0.05338809944367214,0.6269549065797579,0.21937512438400744,0.0416835616053166,0.02482749985497676,0.013384860995766195,0.009294748960723137,0.0006961685503981183,0.006943419216714394,0.0032163406121068164,0.00022292988269612612,0.00001233991386452754,38.529321823122054,0.43887999114114573
0000462,3,7158.903221051192,1.4671361037956183,4.596496340035227,3.3793250744384307,4183.645533915095,4.890319846208964,3.636523840512386,-3.266904388954221,0.6589383698905258,-0.46882251377378337,0.20045138166362342,0.8934372068108066,193.68175782083227,0.012763756779452039,0.2719117397202751,0.1457341725999015,0.49248835877938085,0.05573380495258599,0.012885299904583829,0.00047995445147328957,0.0003041049138196241,0.006482505105380675,0.0007847881930115065,0.00042012610068221473,0.000011388499453536151,32.586664006455074,0.590812360447863
0000463,5,4438.423848717478,0.6853784489520777,3.0751363223819483,0.424988932663539,9721.642547408064,7.32313910958752,1.7599869297997999,-2.946825736736052,0.5790371566968875,-0.44953039620162993,0.5086976548868185,0.8421428447588025,222.3291302751654,0.022839258011145676,0.4090301157724941,0.10305378771511647,0.3939185946421125,0.04705237271808244,0.010563575883604138,0.010053616683964234,0.0006129951357736771,0.0016454111197540175,0.0009419561526791215,0.00028613369575688054,0.0000021824695167006087,34.40596939015416,0.6128966535530755
0000464,4,5552.735716158526,1.1097299035409778,5.5842720101863,1.0667566121296577,6178.251825354124,5.4909422857982335,2.464822871254303,-2.519506906396228,0.03534758831947227,-1.1197349005580999,0.8126192197026176,0.7662210368469461,288.52002463101326,0.0066708493189790085,0.5550899029639825,0.08063146465644563,0.3108533879446194,0.018085270047328374,0.011120478791750918,0.010048017468957351,0.0006593775501963871,0.0007292552680096883,0.005994050341552119,0.00011026010804236216,0.000007685540136249372,37.082758387106495,0.6102945686219644
0000465,3,6244.093896868082,1.5495807331345437,8.762204895142881,2.7788539030597947,8593.98154634907,6.593263598925057,1.2222191225617844,-2.120116350297687,-0.3277227494629096,-0.5885326076789299,0.546521096655591,0.8909565132970367,234.8487810272804,0.030655157222175874,0.21977513203151114,0.30587716817479954,0.3914103792371172,0.03217104862511541,0.003411875971687164,0.005211925704857891,0.001196402610854598,0.006370006095614442,0.0036323109768126027,0.00028378180734545556,0.00000481154210867367,32.324916514639355,0.13797822222167014
0000466,5,4360.14962044562,0.7680643849823744,1.6514727241667788,0.5300779154552339,5634.899323641781,5.337554709483902,2.0521697706668203,-2.4500343730880703,-0.41501984615244303,-0.4088854081217064,0.0014106652885567117,0.9582026673777687,280.1515605759426,0.02740868333204767,0.06929082731464577,0.3522695224060608,0.503373740296255,0.009627736762177949,0.008086512728202534,0.015871335904245477,0.002164491252895124,0.004458048153613529,0.007415478965185156,0.000014514479625958289,0.000019108405045046386,30.38871866008525,0.22247560250738252
0000467,4,5855.423304813958,1.2570740509847953,8.053280043847233,2.1908055051198465,8644.438701501424,6.805889737142888,0.3083716174700002,-2.4753829862282615,-0.30842172789480404,-0.698421079353782,0.3847383644083623,0.8651983309028208,184.1492500851046,0.026947211133612245,0.46886403171678176,0.40891006363834403,0.03856930290597543,0.03312524752221792,0.0021762256323040016,0.0004024548118533076,0.0023072414454430286,0.012768061397426336,0.005892328981045536,0.000026359154917026116,0.000011471660079271289,36.9540867223766,0.4447872130176427
0000468,5,4351.486426620708,0.6277506279218066,1.8439080648793333,0.6997012460829255,8967.207933811911,6.991069899408139,2.534103128403966,-2.46062143758271,0.4675234476714647,-1.056960418150664,0.3351523810671726,1.001383307702906,220.2994514615384,0.004718205025602318,0.16151594424427315,0.2527222458412763,0.4564525423817923,0.061809910240250614,0.01810429422915324,0.019487728962607156,0.0008889725666980232,0.01532024489933481,0.008418891013768597,0.0005606814619879974,3.391332554271001e-7,31.584362515165243,0.2317000020190361
0000469,5,4265.111214142343,0.8308072447707934,5.611937503346689,0.8840023176789875,5837.67287856334,5.364737942628621,4.041220630016603,-3.0469191748223126,0.3604842911219519,-0.3986306257940242,0.5939818148819468,1.0064165241076208,212.35715768310345,0.006940141182291494,0.6330818164591029,0.22654729930312462,0.07561878791019917,0.018733722283750594,0.017632405112899516,0.011873093201898326,0.0013705925457061733,0.0066263643053860845,0.001394733213639615,0.00017674586512845647,0.000004298616873028931,39.282914966408434,0.1414235466245873
0000047,5,4237.018085850265,0.623662340799694,7.246303638307011,0.6639969913650011,4533.83106851876,4.991864934476821,1.3035533437847913,-2.5328842183104827,-0.5889046920446437,-1.0039949239100088,0.552104935642306,0.9570416879356204,246.08002844386243,0.013492413992412536,0.054155311260407714,0.354305417654779,0.5458823478007283,0.0027079553387241314,0.005700224692695673,0.009397696073931013,0.0021436950159172117,0.008483097927568461,0.0037005072397743115,0.000025178555138297522,0.000006154447923285395,30.523736247432687,0.7576762629007596
0000470,4,5581.228020346149,1.1223944885991,4.821053051419349,1.8255476431481246,4440.975300596776,4.9621020170509045,0.39656524417200656,-3.4124911626203156,-1.210684242022227,-0.7671864516119323,0.8448849555940471,1.04661081290767,205.23498479227564,0.0354102158038925,0.28386281016287784,0.27732303289321897,0.3823363134016791,0.010482077594937885,0.0025650235786296195,0.003364765079699084,0.0005120388540200906,0.0037052058785292763,0.0003433679113263392,0.00009310654615153926,0.000002042295037484344,33.36122954588231,0.1583243143311852
0000471,3,6334.7413430179395,1.1359050197004883,6.18125561168261,1.9622616321578883,4271.702257118351,4.991438203052654,3.117585725692587,-2.8478039298206164,-0.5699014383095663,-0.08394300965442958,0.24408899917852944,0.994721556826753,273.1977310683207,0.04384645230504576,0.014909111857301482,0.7113285576492543,0.10598139717364413,0.07882769312238927,0.008986885538917782,0.004789842633821268,0.005668023631680992,0.017818282068420295,0.007307446985023664,0.0005306296593776294,0.000005677375123464075,30.52417440915905,0.2601976650856713
0000472,3,6287.921247266979,1.155389324395216,9.630258072718904,1.1741587862971077,8808.931306053848,6.68227906720689,0.7908668612753083,-2.955896698199524,0.9913586111935371,-0.9670369597815077,0.08127921784346148,1.0868013936888188,285.8219336219341,0.02910863919037967,0.24170954514113188,0.3051758184772843,0.3713119582220811,0.03713079659686298,0.0007273716454416455,0.0023413359345699093,0.002957891552619665,0.009127442839744693,0.00033011577475641746,0.00007458063085974279,0.0000045039942680971805,32.75702612226572,0.4850269205730946
0000473,3,7128.622361526734,1.783538356459967,7.179695931875171,4.1590841628948105,4780.355204945837,5.1725515902690775,3.360250162874439,-3.3675427595582432,-0.008214449190200979,-0.6473133823094757,0.3096521114172236,1.0061563601625358,236.21820516571614,0.017294339037484265,0.40333215186397187,0.20231220041068407,0.3495713131583958,0.001217626201138327,0.002275475213369516,0.00994870723975085,0.001309332358460388,0.007656696161017061,0.00506833387972476,0.000005791385191953227,0.000008033090811259041,35.36720710968822,0.28835572786886354
0000474,5,4232.691748046989,0.6100455899215687,2.932139230743636,0.4865541270436999,7670.528991066462,6.3071079716973815,3.650614764771187,-2.4038134574410495,0.1096425006620978,-1.2820869243468447,0.2728490956388431,1.0527157522458808,292.86420923966887,0.03230946139688524,0.045384509266727185,0.4427382339009598,0.41663324250383305,0.04021918723759039,0.007825926362755045,0.0017148601928877966,0.0011311497662113885,0.008086534202711318,0.0039008258308841884,0.00005208417250591713,0.000003985166048649641,30.096061152168424,0.35921879538519996
0000475,4,5700.112223528842,1.0350710890611834,14.58389531036576,1.2603829467285483,4771.782865066445,5.049297655223964,1.6568666595036001,-2.1851333543416946,1.0488714659810996,-1.0375822624866995,0.7349041158938603,0.8563677824299787,300.70457435731566,0.01786645950004397,0.01427256102371049,0.4741134884164514,0.42013080115098134,0.052113851325346676,0.010853037406621326,0.0004719020285010955,0.000519511795426018,0.004565569916289805,0.004685556981146758,0.00039789667056018655,0.000009363784920782586,29.62614549188792,0.34998025627580065
0000476,3,6394.994631263073,1.9857804555741763,9.003213878664528,2.3478377720808243,9795.625247217473,7.403471389276006,3.7937215108004354,-2.5083006278746502,0.5252352085387937,-1.2459607817090443,0.9264551602448143,0.95247919983848,371.67340547372606,0.06785535121407021,0.704325661785945,0.11038346775203679,0.06422346792353567,0.03047885194852786,0.002741602426920886,0.01405301898410262,0.0009667174158237297,0.0024959671802399696,0.002405090280573905,0.00006778929550298647,0.0000030137927205804133,38.80392642994614,0.3698792634397272
0000477,5,3912.770315703515,0.8400973634696185,7.3041740576737695,0.48498573902718445,4583.579181592144,5.09758495847211,3.6297846719198588,-2.9296085505661136,-0.20797908749270655,-0.83148511959983,0.7169238551383283,1.0088314643595186,315.2988431462838,0.055019430999542124,0.25706683738710917,0.5272374015824527,0.09767498663510792,0.030047671118059203,0.0069950669028724915,0.011283290668433575,0.0023983420624422848,0.009616185919344766,0.002367981659830167,0.000285969152389711,0.000006835912415568544,33.797886683085395,0.23623237051711296
0000478,5,3946.2042070130756,0.8270376843292806,2.3657681945497604,0.7734793611712536,5760.140769120078,5.241377918113246,4.951053192069201,-2.8215084632953524,0.7793285570674127,-0.23970347562651195,0.6539535623194015,0.7341694816813705,147.79392064154962,0.046663913531837395,0.5231937878407557,0.2779644306748128,0.11951193480236913,0.01162232221277725,0.0038580942872220815,0.009130973305136729,0.0021216401226737797,0.0029555930445004487,0.002921785010822589,0.00004429401104541428,0.000011231156046810517,37.06379479164085,0.42585213937496935
0000479,3,6604.994222072168,1.8446978281832889,10.980863949886217,2.5218565680681055,4252.1211983277235,4.885310804062326,0.8975764576746762,-3.3460376943423427,-0.860723981965,-0.9527435308343658,0.30005884626692625,0.9823059314175671,269.469281674152,0.02287581680955369,0.19594851520572856,0.6863162522038264,0.04468895763010015,0.02071606447574381,0.008576769114042218,0.010205393533725453,0.001023396340987086,0.00856181321333638,0.0009957641885545202,0.00008019769888380535,0.000011059585518000413,33.862099935206466,0.570290290230273
0000048,5,4452.536652918691,0.7453765282301951,7.506191293308387,0.7861491760423813,8176.041243997202,6.373533922747194,1.701862816936258,-3.2351190925985933,0.7804325843529547,-0.5814783633361229,0.205482299482332,0.9737505896940195,184.7209868003145,0.12174437597188269,0.07930921666212905,0.19156834197507208,0.4853478295447479,0.044596085838095705,0.019521716155951784,0.024789582306097634,0.0009618974658205161,0.018797243873410783,0.013017478745150718,0.00033867631859753274,0.000007555143043608063,29.161203052130546,0.5637161342188509
0000480,4,5322.185066417635,1.0697705576581975,3.5435716804970614,1.246026380305541,4322.273417717632,4.996798095035513,4.774367304206967,-2.5175276712849493,-0.40706159960376387,-0.9684607213920734,0.3804519745297045,0.9464991674257839,296.06284812991385,0.06944176567124123,0.15620950092899064,0.14724321338667185,0.3620616352413351,0.16713226116639712,0.02777264696650236,0.02598506933273002,0.0006685370506407588,0.02859367793254248,0.013453500605487926,0.0014325456041536025,0.000005646113306989494,29.74505314285896,0.46722717675586445
0000481,3,6803.770923564474,1.452430679559009,7.460021847033247,2.08990597961182,8895.439017390838,6.87717113223564,1.3702477580602275,-2.8654374816996073,-0.11136923771507923,-0.30144381565101397,0.4517597007752824,1.012817010762683,280.9327035049607,0.04582646923061382,0.35529907505215225,0.10308414454637925,0.44143208924006117,0.026651676771671816,0.0041744732263189884,0.008484740759657026,0.0006510472428815059,0.009445250791115817,0.004699544922580076,0.00024242321131888933,0.000009065005249410685,33.699572892787266,0.11679648893451897
0000482,4,5874.6070384336945,1.1135338655736562,5.115217444747469,1.458445347898575,7050.834288505958,5.904002887649238,0.2870147476015785,-2.156538829631911,-1.1639658006486442,-0.675091562157158,0.8149567974243856,0.9238729254491472,254.44903317146566,0.004543949429873314,0.5066229511773371,0.23728453059062257,0.1729897148773015,0.05217906304568888,0.005817640410666855,0.005778661020578766,0.0013178307287355746,0.009573004802590263,0.0034816461418396283,0.00040062843594137673,0.000010379338824156281,36.81970763453836,0.448262250443625
0000483,4,5438.49313912116,0.8314165025244996,2.476565387904765,1.2682047807275298,6474.446031770123,5.6416201959690255,0.7587123335126524,-2.774179431696174,-0.11154702804945948,-0.3904273508939877,0.5641969634056089,0.89433164338934,195.4680991782901,0.02082438273267601,0.30573472725828926,0.4029346453913075,0.2443444939591117,0.0045998295589264,0.0058176305479161845,0.005851821024778884,0.003530805915729621,0.00610134431660777,0.00022876709971324385,0.000022816145923402647,0.0000087360490202044,34.6280069536446,0.2613076978748883
0000484,5,4241.725303187376,0.7654870114855816,5.983007679561891,0.7622215128780656,3352.038921557334,4.670094158154685,2.9742452767910574,-2.0119208044983274,-0.5672936579176054,-0.10369009521676453,0.10307976270309238,0.9741851245707767,243.77896738899182,0.05224659958367649,0.07562318449580385,0.2814337442529379,0.5193602090834992,0.0525543650558124,0.001085089871030556,0.0044628826178920245,0.0023707909883624386,0.008654523271646347,0.0019973625322883973,0.00020542302652297697,0.000005825220527344208,29.5483722000102,0.40941120362123606
0000485,4,5460.164454716971,0.9735008952960102,9.52032197828677,1.520169956212825,9425.325275032928,7.0277219759795795,4.287955208198524,-2.9676015255873183,0.9066323210155036,-0.13310766623756254,0.7968144353935054,0.8667583056986421,183.44146230623218,0.012022414435547154,0.3827774478939201,0.48086120786341663,0.0785854198085028,0.01914276742751787,0.009596959506543476,0.006751709585030415,0.004360194689925571,0.005435181596017298,0.0003935481489634144,0.00006524124360401441,0.000007907801011427112,36.13607670765664,0.19709673955353801
0000486,3,6267.105809532711,1.6303162930082529,9.389486852247188,1.450306291583654,8058.9042819335145,6.486630118004098,0.4170724701861964,-2.7828178640627312,-0.46207258117203276,-0.87067674613384,0.041370159337992596,0.9876086160861284,309.21202120821664,0.03437478069309646,0.20459152617564805,0.4200701555636809,0.27662054242783785,0.03009071909942035,0.009027664084966126,0.009404860726721661,0.0023455569086093943,0.009656025162870997,0.0036922833398423975,0.00011708166862466682,0.000008804148681397327,32.75552780682294,0.7954574705879197
0000487,4,5602.016573288805,0.9803633452189071,5.218498402069092,1.5014759512872198,3657.200047087373,4.737491861874596,4.824490197020837,-2.5337815534005976,-0.9660212942143588,-1.1678284123915008,0.13531332421615472,1.0121295781536601,335.85172646258457,0.016047890171518173,0.14781120122796432,0.49517675325042143,0.29682859577728044,0.01284359901386053,0.011394573577318056,0.0077917605308420205,0.0045339370349106465,0.001887056321356409,0.005659623225195129,0.000013265138769566106,0.000011744730563336453,32.31615218824257,0.7306492395489437
0000488,5,4432.836015142606,0.7931363059218374,3.8475542875587934,0.651875578459848,4916.724753300483,5.121446212905132,4.01558675130156,-2.490891121731722,-0.39929307013716375,-0.8136587969662659,0.94913103875861,0.958658078794315,310.65275183350667,0.07824312603248046,0.5405820991523701,0.2378145534185706,0.04709414459893595,0.0674885335122282,0.007376623875282701,0.009811805949388172,0.0006965952961268103,0.0016633109256529428,0.008557025079446157,0.0006607345841686533,0.000011447575349378418,36.11691884553356,0.514245501283707
0000489,4,5425.517767451294,0.910124694311152,12.90912669160899,0.9186215578355172,4331.35335677059,4.973771260258475,1.9571031006973258,-3.2888724201777015,1.0954381514609115,-1.1069049087394243,0.2681557273162708,0.9524748372591204,237.09329387940826,0.05754376466852457,0.5103911984784009,0.055336502113128835,0.3427597743456361,0.010863472528200661,0.004592010602356218,0.010385121666063047,0.0003438728670367461,0.0033642808554362443,0.0043163741256841675,0.00009336939250137882,0.000010258357031405238,35.84768878762687,0.1822691049517539
0000049,3,6189.801051937741,1.4426243514691162,14.40021952232313,2.676703733148156,4236.127601582214,4.9827122099520125,1.3641720674729139,-2.220516814537161,0.8031188443418564,-1.4469908264268212,0.9844052741790078,1.0738149362118463,388.4416106546271,0.06877809738884909,0.21405447979515727,0.613942674346097,0.05256067531775914,0.032977279607887745,0.007243107705248265,0.0026993506156048896,0.0034462978034470407,0.00042414367756869476,0.003802383619203484,0.0000653010342419743,0.0000062090889354121025,32.96062790822372,0.29144964127071826
0000490,3,6209.180943152593,1.5341474767595393,8.83904975473485,1.3480997768805199,8345.141781045912,6.65607672691615,0.9213990049505102,-3.384989200659727,-0.5995364622457594,-0.31647871122793614,0.62212762845091,0.9367338548372284,283.8086525663998,0.03006985997905914,0.31471306135124527,0.18138098489088905,0.37839554184365143,0.09067206646629909,0.0011892981183913263,0.0002774948064370894,0.0011489619134656666,0.0012119132820157853,0.00009452392547529464,0.0008437378238251496,0.0000025555992457388836,32.46944593908661,0.7167936278728202
0000491,3,7129.56535614368,1.8720880909824722,9.964538726421756,2.092894753878258,8244.688574230206,6.55095721168748,0.21076923495379551,-3.0322753846609185,-0.7648615965109241,-0.3368040671392527,0.10681626195584948,0.9768928814833332,288.8721733492152,0.03211166151246029,0.23254685582784052,0.26453450193277467,0.4061643191412507,0.03994105725535109,0.002018800028621725,0.00841379307731414,0.0017848769895339497,0.009218010037175529,0.0030337232165473906,0.0002319142686891093,4.86712441011413e-7,32.35551381336843,0.7544835482087932
0000492,3,6676.091913805638,1.925149377870044,12.12333678163942,2.2374610571400946,9636.027965926853,7.0821172396573555,3.3794641426266288,-3.206126787507876,0.6695097612597984,-0.34703334910983763,0.7931391428762721,0.9249295471628595,277.7897677209488,0.028612262831413854,0.3731253565153443,0.2577156670534336,0.28548178920971756,0.021453734888740254,0.013641711931555476,0.013777001026250896,0.0007349176353141794,0.0029016176495418036,0.0023511832989435845,0.00020273535287869865,0.0000020226068658119032,34.77819918975511,0.3510021063604869
0000493,5,5297.468868677035,0.8422670862702749,11.976132149862488,1.2980256246685493,8882.21406583737,6.923238648225515,3.0911239698439874,-2.536273255545294,0.7610074138171514,-0.07642375707825844,0.6369453991455757,1.0130683665791085,203.6020290934504,0.002959578504329909,0.10725254323577932,0.5061935927980012,0.3535785138398356,0.007447365625154447,0.011790334685166102,0.002227068013569695,0.0029940622758566175,0.00518530107474337,0.0002998202330769177,0.00006414811952428592,0.000007671594962780477,32.059963017277184,0.7325096610632718
0000494,5,4962.17897632176,0.6129904402372331,12.907618793526357,0.7851081202105554,9686.585974840922,7.343205881802249,3.37883537025029,-2.5663696788078276,0.880692887593205,-0.5009605833392894,0.7769537184689986,0.8158554805336786,193.26600149871607,0.002652426543356659,0.17582920370939834,0.4563643039326371,0.30132981744315995,0.041167430334796015,0.009015087291184264,0.002481840753690957,0.0008944878645637503,0.006971576122748623,0.0030658883800320606,0.0002195453521105837,0.000008392272321512334,32.50543029434919,0.4537237193591235
0000495,5,4503.96309300731,0.6804752593279504,9.607500058410585,0.7687607991730216,6170.943656974356,5.45014025346832,2.9952842421919783,-2.423427808783715,-0.409184091532127,-0.6285458240636788,0.7332461626736226,0.8976636265222638,227.27153883012608,0.022236292341398848,0.17576947934209264,0.5280716170188529,0.18701774143010091,0.057635607839567164,0.009749666460386785,0.007392868278588513,0.00009415668564899934,0.007237655701432535,0.0042683814211248805,0.0005196330447226398,0.0000069004360830206,32.38951996365687,0.17596828533891
0000496,4,5459.953743365324,0.8563828355033487,1.5394931746169638,1.0429811388696737,7424.6084240539,6.0333750193629525,2.1424789222460907,-2.293905524412179,-0.799658308631051,-0.6741181699679659,0.7309550072952532,0.8875250625579941,273.5660420886279,0.080763654791097,0.13497078823863554,0.10637787425577512,0.5558313473116097,0.07330889902623337,0.008782830362399983,0.016659647429995362,0.0003987065614269408,0.016527581320091314,0.0057241377045278785,0.0006384782735957046,0.00001605472461226416,29.593389123051427,0.3515535575091383
0000497,4,5784.114593391007,1.242034053822639,13.656831045447877,1.3054248797754884,10120.73010740987,7.550887670919636,3.8715046714487302,-2.831900922161269,-0.019628347809311553,-1.416866894958679,0.36593382754117076,0.8664121214963431,260.6899127456817,0.10927417201842059,0.21985946092330716,0.01949904229146279,0.585110706661664,0.009428018911964622,0.02211688808029886,0.004411251578278906,0.0001375098611972757,0.02391647786972619,0.006210350891691675,0.00003068220701597771,0.000005438704972077459,31.553770338998007,0.41727679612047786
0000498,3,6287.6123161198275,1.3667407419261126,1.5448027338834651,1.9573968682081686,7580.11286234544,6.260490302583113,3.248006444477205,-2.2469352724472023,-0.9088935947280995,-0.4135220113427587,0.9894829556125285,0.7748497694411616,227.9573716741503,0.017660474295098937,0.37677737174961534,0.4283064946225167,0.07056996183604264,0.07726017699492324,0.008901241568073766,0.001603771119617963,0.0008868772428493409,0.01549923245665417,0.002031055000304263,0.0004951111700461197,0.000008231944257471225,35.3428752082319,0.29983476689017186
0000499,3,5943.44868184162,1.760605952014973,2.4457596193979554,1.4513282731910406,7406.329338035306,6.09442828604095,3.4185520259704925,-3.1220899588706494,-0.33248465085271905,-0.38416425036119883,0.938845072795025,1.0304261740622473,351.5676729102009,0.06042564763897285,0.3202216788668668,0.24704700017204906,0.29958239096548417,0.04474903597967908,0.012082039552852766,0.010242317209572041,0.0020145384048542146,0.00025926473037095755,0.0031475704568894197,0.00021638003647688042,0.000012135985931858675,33.189430040265954,0.7813227631462318
0000005,4,5695.687160485009,1.2014694929939749,8.130345335809466,1.939610544462303,7537.193307897784,6.15253459055396,3.1857118394322725,-3.0649558732237026,0.757758314097198,-1.4834413776047843,0.1454037640741107,0.8613788333455472,175.69039889942331,0.048771897769929747,0.6722602155388697,0.09015722230717854,0.11839843488300769,0.044486893841813493,0.011719466224279104,0.008647015277577478,0.000054400090368600814,6.455044989962951e-7,0.005052676675478875,0.0004381937028753203,0.000012938184122434869,38.23996653893568,0.38679944462045057
0000050,3,6915.529281385123,1.4580069851495683,13.93591188976908,2.7819066730414965,5995.143418833642,5.509079005764785,2.4344121071490856,-3.017170627036884,-0.6743510942936854,-1.0104829514750262,0.4309796001354489,0.9095848422241106,257.83750527102563,0.06351446830505383,0.1799922725958909,0.6114644953412591,0.10342099194878407,0.0012129627404522264,0.007721114797396218,0.008550703124775344,0.00482470066149211,0.013257133968214797,0.006030507287158743,0.000006076611130894517,0.0000045726183918850355,33.311945110156366,0.32123009956152215
0000051,4,5861.940808299427,1.0557673257686222,11.288823502585176,0.9806217707614242,7846.9999289697835,6.197156123502756,2.17233798371998,-2.6116052509398786,0.034490947249661286,-0.41564362026949353,0.5533552313961464,0.9294045799458255,292.9879816335274,0.04093481504924492,0.4509204187089515,0.1311675079726997,0.3364482961425251,0.023210986023544933,0.0017713104843261281,0.0025884786807504655,0.0009237627400809746,0.00730026044798786,0.0045352816841573015,0.0001909715154070187,0.000007910550324278781,35.322661583684045,0.5935964477998927
0000052,3,7008.111164010936,1.8979357353183035,12.728986875849847,3.6011693613406606,8483.37657647236,6.6658375347693,2.860414379479055,-2.5973167332550444,-0.6344692617393622,-0.4169768811088479,0.6108086225571112,1.0548151449467393,302.50532943749437,0.030064187307757947,0.3867091030096299,0.30909368407363935,0.25393172657051855,0.009490628047756492,0.0010139009862952719,0.000821820528996703,0.0028389402640821727,0.0011145428321110598,0.004909100687722918,0.0000056167992769008455,0.000006748892212762953,35.076527270209354,0.6518714278643103
0000053,3,6672.543874746003,1.5085691917107311,7.186704853984417,2.1575482955443293,8319.527521056943,6.421802003724656,1.224083319220232,-2.2636622227745242,0.9171790641171915,-1.1239507191084042,0.6252983681919079,0.9444463390840121,306.44395622934485,0.0014243940696001733,0.23461814814226112,0.34752370297205104,0.3936431138426651,0.0033617417646773762,0.009492633511209764,0.00003355474661960813,0.001977487338924056,0.007158740033119306,0.0007516505347066647,0.00000615608693750752,0.000008676957228241141,33.538376638634816,0.39736092820268576
0000054,4,5312.073052174659,0.9390233126027638,12.641102546917708,1.3768559055598133,6663.597866015898,5.586089919318603,2.402110534681419,-2.3073396740257945,-0.7962312354661171,-0.547435120496355,0.8758949968786274,0.854339415399963,224.25501406861054,0.00017541151894856518,0.5167706570618501,0.07589666685402162,0.3193055101126266,0.060758453897094326,0.013651984073743854,0.011268136051337729,0.0004254355465394073,0.0008930631497053003,0.0007381822941676143,0.00010407603150359972,0.000012423408461179577,36.10460160420507,0.5230089810603735
0000055,4,5742.435247777147,0.9799167301317577,12.401825108805454,1.7018558441527984,8970.9082979496,6.937563042350829,5.969075784182985,-2.2007705047368464,0.27634591676863685,-1.2195028363004248,0.38978468531803856,0.8996962934471305,255.2613320487196,0.004976065921016668,0.5450032145643824,0.38040150832735453,0.006807319832963674,0.031174736137665186,0.0049584929757182285,0.00921968314348999,0.0021836521201535086,0.01140793105257683,0.0036928603244163315,0.00017069312695108628,0.000003842473311893155,38.31839532420812,0.502187561212055
0000056,3,6849.63839745337,1.4491993570253487,4.549633423360823,3.0179386793700766,4948.060301686754,5.094197702692224,1.579707950514139,-2.149020024146041,-0.4592962374670191,-0.19199508382779085,0.25133965755427423,0.8653997731397873,228.53052515609525,0.0770864218622964,0.0687001726881027,0.38877259164820477,0.4136314998773226,0.021235974534214566,0.004386679233188637,0.009385406230747016,0.0005002115540057758,0.014462567625375303,0.0017685006912826276,0.00006994277862343229,3.127663657682171e-8,30.219271704584166,0.5639989668322658
0000057,5,3925.148930648879,0.7679003349364021,7.30370957133008,0.700035922319079,7374.590021006143,6.132560925966367,1.0527240787140333,-2.006130358065432,-1.4347371654326233,-0.32502586180125426,0.7088020077982294,0.7557543016487716,190.88777399572706,0.019477892239120463,0.068335807992147,0.22107575092997087,0.653125760828384,0.004522938486606418,0.01364851228239572,0.012260612328605274,0.0005369296845012164,0.005133034879805551,0.0018333380353467168,0.00003809114136512455,0.00001133117175169877,30.13297487178937,0.12973068860981823
0000058,5,4084.4483131215334,0.6010769864347216,6.094848996977713,0.5256291078257223,6126.589595834832,5.488670506848155,5.478493932284346,-2.653295874302572,-1.4515102249630307,-1.187150131624553,0.1231116170264126,1.0670016725782063,366.15995669867766,0.00046593672017324826,0.37400943188848573,0.4479739637994978,0.14320929844003763,0.01452998080017473,0.007376019135213304,0.0021978202088658518,0.0002935832047915116,0.005287332900267445,0.00462078053892618,0.00003318215948157651,0.00000267020408487354,35.86676550557791,0.7264993860518308
0000059,3,6935.906568863888,1.4399059489211463,11.215346613479609,1.8188079153599368,6333.60085967067,5.551926317479905,3.8909848149932538,-2.7975697443874994,0.45265889602821563,-0.244200272244824,0.6839647869465125,0.9896754582940749,304.97589193016955,0.0018842586038598892,0.30711587749583524,0.39955038196945186,0.25791374217493956,0.01634651170443359,0.0014540879837743944,0.0018369668068390264,0.003896165707199731,0.008056324823037203,0.0019029166403373833,0.00003675442472037825,0.000006011665571863964,34.674790337461616,0.5104606119305088
0000006,5,4957.857235459244,0.6263149376443575,1.5264375384124025,0.41768258607872594,5650.671895971124,5.396911263836411,0.6558879595478015,-2.6056405895325443,-0.7659576019623925,-0.3371712720511213,0.2387807167943543,0.9828781092919234,320.9612898074898,0.03344895710834809,0.18437435998768198,0.2551727664929528,0.4574941805775472,0.05264116355937734,0.0015673591248187505,0.005351625518721675,0.0009544729552549029,0.004590727684851838,0.004221923061385987,0.00017293744887455492,0.000009526480184741934,31.178707440172516,0.433509205184201
0000060,4,5420.041975713922,1.0595104730637046,13.21268623276016,1.0408679979843387,7171.474483956335,5.882852379984133,1.5384117991607267,-2.8223842506078407,0.3628321564384964,-0.13703823567304996,0.6494897333904609,0.7732727495987837,202.55416072022788,0.0661563269183254,0.32327139703998764,0.33281015169523215,0.20480039018253798,0.036638980752402156,0.0060040214249215485,0.006352502129639018,0.0031351211272988007,0.011770358009999217,0.00883004132463971,0.00022928882724309373,0.0000014205677732276855,33.897258914411026,0.4880593808273965
0000061,3,6918.025434427843,1.575978912324582,14.303858925991047,3.145986070156554,6775.915221965472,5.707189456721578,5.589646353892412,-2.2874036577612045,-0.5833385315913856,-1.4336569887302635,0.7297593338900291,0.9014251913806888,361.3577536411818,0.029056155407987595,0.48298822242327905,0.1193692512481619,0.33292932159865923,0.010940636379779014,0.0006716204793511009,0.012789548117588733,0.00039173140217632223,0.008067430080986883,0.0026907030163777984,0.0000954286340142567,0.000009951211638139256,36.07391958155181,0.19435758837966197
0000062,3,6605.011285215621,1.8746057158937082,14.592112538242366,3.516633957942915,6582.197946423488,5.522121749847429,3.9840387895183356,-2.718094988805225,-1.1729649472507593,-0.4287290518231761,0.876050932024172,1.0719881886806633,300.5322481931773,0.01182990211067962,0.5101842523609701,0.003119381131054315,0.426380030063511,0.023549328746829534,0.005596421528029094,0.0032493112908233163,0.000029852837540296782,0.009998120447538303,0.006051563076062696,0.0000031428566932017755,0.000008693550268376209,36.17108639410133,0.22298620257830493
0000063,4,5645.519024551953,1.1960366319591058,13.572978177647524,0.8901466747424417,8140.8115472666195,6.4624848000044155,2.0458696232709976,-3.0298312795903035,0.42102635636919095,-0.9618608310101566,0.1677938534761867,1.0443839736791896,312.8801510456647,0.027853459540750927,0.1587253994622726,0.42676842996701647,0.37337434905620054,0.00355600199439693,0.0024623180583671477,0.002987056771421489,0.00015021588362559336,0.003944081226000827,0.00014938664274140504,0.000025484774486692124,0.000003816622719517442,32.11538108940199,0.6413622714679524
0000064,5,4940.963391655554,0.6577391442079494,9.705281904772946,0.7380349166616775,6574.761464914484,5.533668069562135,3.08400310073281,-2.6979390707469886,1.0399916770597377,-0.501328974170881,0.4765391949171972,0.8661111383600543,204.73893169953033,0.01217843434036664,0.811510201126951,0.03808505684506927,0.050682095564311185,0.05431784839082448,0.012701558277514343,0.011026512751330519,0.00008378479460547588,0.006889266895504992,0.0021050493338435824,0.00040601157189826373,0.000014180107780072576,40.80500871324532,0.13771937066958734
0000065,3,6290.019103238624,1.7396756764492367,2.816403416537573,3.2824315276357154,9468.799303995176,7.043836195825507,0.19540583975367554,-3.032695916163629,-1.0056075398991384,-0.3472948374263376,0.6901640423904876,0.9886866582242967,200.8246771729692,0.008752336291734338,0.40377804108138526,0.18132328615807355,0.3725465084513726,0.023417777659964337,0.0012766721409153917,0.003925566016162093,0.0005088080060614305,0.0011041912783775845,0.0032097450796745464,0.00015057481711743746,0.000006493019161490228,34.86255968398814,0.33172357555259085
0000066,3,6481.596993789364,1.7101500077131662,13.490602506132902,2.6539673111285498,6938.002909750325,5.750514355736496,1.211268748507335,-2.254254631300435,0.49320571888968767,-1.3748514853609903,0.7623009384182419,1.0430578943203734,353.3306134560771,0.033164414979508706,0.32989805656191706,0.4527514080287357,0.09225083344620111,0.045047048461424787,0.016081994320433023,0.004591709096211534,0.0030551765018027913,0.015734537316147424,0.007397337469793878,0.00002658850391804274,8.953139057782413e-7,35.02860896093889,0.2861028715755499
0000067,4,5433.419287243471,0.9888086510654652,10.105032887301524,1.0009701667972855,7659.956936225838,6.135456546783052,0.2766008460460786,-3.2421838706049466,0.5828106638125528,-0.7910109502641662,0.3960978101973498,1.0003856592935945,260.87934171108145,0.01248250208847139,0.42100408548594925,0.34383824931563683,0.21058928058260573,0.0007849092322650911,0.001301989639077657,0.004107251457740865,0.0009890374447909613,0.0021904511301761038,0.00270332197646018,0.000004066815173366206,0.0000048548316526823356,36.07414268596231,0.39394803908452924
0000068,5,4661.549880060097,0.8292905940073625,1.9382152063660185,0.9365764316320975,7489.811265562727,6.066833465066302,2.593607777176145,-3.390802789715934,-0.9157075831624796,-1.0113533206802594,0.45515151618330807,0.9470883655636845,205.74429448436734,0.014954360375014693,0.23709086162643536,0.3723168132324793,0.34941408853624134,0.00142250807202649,0.00641340799808769,0.006762986928794241,0.001432859960629442,0.006671959095484115,0.0035159617688158068,0.0000033764517656977654,8.159542259113664e-7,33.45650094449001,0.4137322377201683
0000069,5,4849.862471213386,0.7902306083796089,10.089409695196327,0.8675690742480486,5428.918162580875,5.1919229561318305,3.0038882256773274,-2.959617857472294,-0.7638541671167961,-0.8369092975051491,0.03389218001771721,0.9701182397861193,268.15345590927075,0.04516202358834216,0.38345579629473475,0.06156253322414233,0.4672054467888719,0.017027887168151398,0.008293753460909126,0.007405091872029164,0.0005688547658910211,0.004363098966790216,0.00478955108235676,0.0001577435101077921,0.000008219277673363847,33.98640991226739,0.41686234987291004
0000007,3,6043.568735053976,1.6160732017191426,10.2267005942983,2.5891189284339147,7754.951176825303,6.276168420831797,1.2515987949823069,-2.097407115565553,-1.2164663470718688,-1.1879938433081119,0.30492340299236376,1.0352744465965238,343.89166232681464,0.12658938584439655,0.11889853813175423,0.24785733486024195,0.39975559284359496,0.049127034225049965,0.016333399258300595,0.018150590494516873,0.0016003335389742012,0.011381716886706488,0.010065773910586221,0.00023542336498785324,0.000004876640890089188,29.64303215196983,0.3894744292111091
0000070,5,4197.823336571817,0.6369370900161337,2.936492838536439,0.6522673969141011,4864.688557888009,5.07221380799088,4.404994962256857,-3.304340527868214,-1.3832726577227825,-1.2456114843904644,0.34832772338652906,1.017289496067602,258.28913232305564,0.0023845473855676246,0.2975552692374577,0.285806919073029,0.37082787289797475,0.030480891984130103,0.000044958888087034304,0.005661091677013246,0.001919731107663298,0.004495069719236673,0.0005391811647676273,0.00027522421195937905,0.000009242653113632469,33.71898101967775,0.4796205255144904
0000071,3,6886.376691578226,1.9459500522050073,1.6200421650652608,3.3701778915574154,8899.291057886681,6.822598524477233,0.37401224019908785,-2.5611880369105355,-0.45178915835848077,-0.15920277936579352,0.7652894971643356,0.8523314664735523,212.78437454590676,0.041407895032663095,0.4004670783391175,0.21391829601732087,0.2908880328014587,0.02473901376398732,0.009655166330940377,0.007847398370791354,0.0005219224125966991,0.005727508811658951,0.004571463681414393,0.0002473404844421152,0.000008883953608646386,34.88338065378485,0.3923892966282424
0000072,4,5654.640061750021,1.1365531521398036,5.5998284763694945,1.7827831984789952,9255.118200740328,7.060194310504265,3.0842597623581973,-2.3120251123686995,0.717011725526798,-0.865050391193602,0.8891530613816084,0.7264621834848901,209.12901398982896,0.031733386984541694,0.36645283797624933,0.2407843863111508,0.31399314421937924,0.031535027765510364,0.002803841484337976,0.003215272595698456,0.000078764824424603,0.005314536237181954,0.004010881676638582,0.00007032104855203156,0.000007598876334790627,34.33445397318505,0.12228301894448923
0000073,4,5537.111951405808,1.2371111604449156,1.714240571980748,1.5431886981761944,6813.084602624328,5.738905776755244,6.4126617554480925,-2.3247119139189136,0.39892608577774613,-0.5158907282754592,0.2718938706603856,0.9551435268999353,233.37556340162112,0.04248964120827194,0.22021309001071512,0.21788571024724165,0.4613736919055368,0.039151876839143736,0.000131053973240631,0.010262996449464108,0.0015046632139471049,0.0034615592820664313,0.0032826062713948905,0.0002381517421317479,0.0000049588568457838436,31.632073466377957,0.29558889852247094
0000074,5,4627.728817100542,0.8493751587579986,2.092573552419308,0.7451949647334775,7360.400683022528,6.031174168712389,2.5708053249662552,-3.2505770034496195,0.3881957373860989,-0.78049031359121,0.5168694719384735,1.0662463594165121,254.6041736102259,0.03457559687904535,0.09087715464895475,0.44538205269892994,0.35966906056657,0.04360675607871586,0.008293785823070617,0.007461230008920691,0.00034586907717489864,0.007745416048925736,0.0019926409931954243,0.000046141773616820226,0.000004295402880063448,30.771593432692253,0.6344688502603174
0000075,3,6681.777865382614,1.8317912500512927,5.066848657278497,3.6490729715103933,8035.505740646444,6.494804768977769,3.9160077453986966,-2.555278828767457,0.09397552180844349,-1.0587249517332524,0.27482293097034305,0.9069621058463281,237.50466870650592,0.03831794924915932,0.26689642757991905,0.28381957228726024,0.35327198617797145,0.031030220554193317,0.004936611068105761,0.008551538677719576,0.0025412405016119457,0.006171622622026859,0.004233607609384881,0.00022833766611354362,8.86006534225464e-7,32.96529669274196,0.6999922079382227
0000076,3,6757.046518799516,1.746614872835612,6.594827506391595,3.351760524273852,6031.970444906937,5.3186046362604245,2.464894481126663,-2.436559994304866,0.7566140028961814,-0.8083177929768304,0.7319251621970881,0.8749325613220631,260.8319252140583,0.025159168804684478,0.4664337659235528,0.3687478791367016,0.11051633642300546,0.004632192058558047,0.0036095071375527098,0.0071193763204162736,0.00012391605058477962,0.013575425724051071,0.00003698637923155185,0.00004284603132144866,0.0000026000103395145137,37.18668702738686,0.12447519528985046
0000077,5,4458.037230165679,0.7659056023196336,6.992209314418791,0.6168806641446576,4805.67532130558,5.044255819924135,0.4675962805323911,-2.306367497542573,-0.7972915857037318,-1.3020844621929144,0.45622943243986713,0.9104391987085529,272.2770579114032,0.04648199739093435,0.24153782318106384,0.32588089709095364,0.2872625880137105,0.06423539261859298,0.011511823328689259,0.0027598135897753183,0.00023562761081421092,0.012813896663469097,0.007070054458911273,0.00021004561505185603,4.0438033785475736e-8,32.51558188757996,0.5271561260035645
0000078,5,4098.191148775728,0.8422141461909594,14.338713714403028,0.8039588786362153,5081.178223623833,5.202105093842763,0.265402035363026,-2.9287172498408873,-1.3692373279236179,-1.3692450090288482,0.9923919883405101,0.9426050290867084,182.06047282575312,0.035274537310459056,0.2970326171181272,0.30289317851638625,0.3181251416203863,0.03231910976577829,0.004482444575834036,0.002323827021172507,0.0013988425347022213,0.0038927652720744444,0.002096981770114183,0.00015583509107080688,0.000004719403894717164,33.44970286433802,0.6313504576336608
0000079,3,6034.1205643519115,1.1849256213853803,12.722050824016563,1.501999408460829,7086.857130899757,5.783445524171982,0.18099870534165152,-2.1244538444559824,0.5904609284332443,-1.4794508191959925,0.8216707154393617,0.7935030661398975,216.35256176958453,0.016904951656176267,0.38511077575112257,0.29225149563819874,0.26987898218963957,0.024228039864219637,0.00190467727326351,0.0006233852036486503,0.0005236332871364441,0.0062774787521561095,0.002077871267148674,0.0002110968564031064,0.000007612260886831485,35.12416563629557,0.24484582745525094
0000008,4,5620.208027377634,1.191618594923622,8.40163807487634,0.8804327861112669,9124.046958929077,6.9316296224033795,1.8968760079676397,-3.386827755860613,-1.3098642437024934,-1.433292025942308,0.2360926280033363,0.7183687534464391,217.13761875863634,0.010118284585943863,0.09586899164521237,0.3463506198437121,0.45569568261419074,0.06004260974826673,0.008720326634935754,0.0076787718966746625,0.0025203229185353677,0.006159607472876287,0.006728112671487844,0.00010472540441590109,0.000011944563748396743,30.445631319162906,0.1217082554138971
0000080,3,6829.0425580538995,1.7578457101081255,8.937587155196521,3.6343268844563523,7911.351349179818,6.256085237362147,1.4225122676845807,-2.781681112083138,-1.2600248916327788,-0.3291441085583968,0.48135440335482327,1.086719996716322,274.55147681109645,0.019629971056933957,0.17359776176960134,0.30052625957995066,0.45976208023032045,0.03307035186643768,0.0028018036177511877,0.0027314403244299993,0.0012398702873576094,0.0063934320602598545,0.0001370274178684221,0.00010656534808977132,0.000003436440999153899,31.6946761315313,0.6194154124800788
0000081,4,5880.949687766879,1.2943822129608398,4.387894702690293,2.169652245825172,5134.935014771592,5.266620172398632,1.328091548300316,-2.9862440525278577,0.36482503757224505,-0.9844660214744396,0.5312195036498956,0.9597647305823234,221.39545897734502,0.10625842824175266,0.15949817758947274,0.09809622714790794,0.5560586451864237,0.04449834898256122,0.015152419217390004,0.005363773255740059,0.0006275272659649608,0.007116948311472028,0.007065391447400385,0.0002611431427638131,0.0000029702111505760078,29.79512800554672,0.4848790573846622
0000082,4,5314.137010978548,0.9584857344272423,7.215015851454758,1.1929709921528264,5482.254530315956,5.337897991718015,0.7383074334013076,-3.1478905985487597,-0.322751243496763,-0.3021790298175595,0.03370106227598413,1.0441444565620412,238.77344994536378,0.005122280879547568,0.10967835531474243,0.27508122771837235,0.530056213562505,0.03950290572359476,0.009878861648698587,0.012005642906680599,0.00012194768674991201,0.013109654754297593,0.0051854189301892666,0.0002554749528799305,0.0000020159217417763858,30.91619973384135,0.784063663052511
0000083,3,6568.762792685517,1.5148986333050405,12.168975296489414,2.222238201567781,7480.22367311225,6.097747545815845,1.6367761877707583,-3.010596823561142,0.47833797176469606,-0.7674792726521956,0.8876656888463434,0.9936059060597011,274.93976507927664,0.03293113743560967,0.4309356476965419,0.3629346554141872,0.11247767062655187,0.03999276892262041,0.004808379491768161,0.004905325020135109,0.0006704373311500637,0.006335903795828868,0.0036869884226697087,0.0003117942492628781,0.00000929159367427776,35.823874123487414,0.6097097737722414
0000084,5,4009.8865792610563,0.6665854399875586,13.68734969940301,0.3801354140650872,9097.672182679164,6.916909455190116,1.089038111441789,-2.1515454429585033,-1.319043814439149,-0.32387056317100305,0.7007015390970648,0.9415916080938185,287.1925544014441,0.010859759793462542,0.23436273377986871,0.3611250897966325,0.3487565467066426,0.016123365591394392,0.001019841420208101,0.011099722488713359,0.0012437077991574537,0.010218478558039045,0.005074577829980594,0.00011035821429910635,0.00000581802160137656,33.25391446221035,0.7748433696532577
0000085,3,5909.619206222726,1.1939183093888837,10.47471984921063,1.5864402159698328,6604.543212809269,5.709363799239764,1.379638441571203,-2.022974675215318,0.9541325701179315,-1.3905730342035711,0.14886545198779533,0.9864613331070242,268.83669227019,0.042429871045519436,0.3483692735832423,0.34305029025752004,0.20691110338342583,0.0392933545074626,0.002491921687606803,0.007373781771937719,0.0014276237037369312,0.004158146709592798,0.004474357734906653,0.00001843897891247908,0.0000018366361365421088,34.22805561298481,0.38390757652024154
0000086,5,4837.049465926884,0.7420235876610235,9.100611475266145,0.9780133443573114,6072.073103013322,5.4131470027292545,2.1351921389559734,-2.90765690706541,-1.4605435237665265,-0.06642939853814878,0.6646901619782333,0.9633485883955557,218.03343422951613,0.02671574761274282,0.39226449780195527,0.5289662238315425,0.0031201315075257657,0.01520651684629478,0.005581548524469679,0.010068607104215558,0.005246409347796731,0.009424515243518393,0.003313278057769095,0.00008768778976303759,0.000004836332406306139,36.44494454924007,0.6427579111936275
0000087,3,7173.462084116934,1.8160108782117774,14.99918577522409,2.2014017880745276,7192.7131390147215,5.830764985749577,0.2623421503207509,-2.0935063102986273,-0.9065897165630455,-0.5888243810080804,0.1185597425428222,0.9407690084555974,333.83092982037243,0.011077705001855922,0.2097151077662295,0.44681565556815006,0.27869408012363484,0.04622531436654034,0.0022824499069606613,0.0029072700890601546,0.001429648112706121,0.0005766189977864071,0.00015602578229802823,0.00011324302347176484,0.000006881261306183121,32.569108473658865,0.1667848239147462
0000088,5,3899.29728286041,0.6366856288315526,6.572502717563556,0.31983252585136857,9152.892786301218,6.852413638996107,2.2402722385962246,-3.330337075265119,-0.3110729436265487,-0.9351402940200069,0.7323243862422248,0.8867871320328504,233.1932503626548,0.030919912452758793,0.3555567288702559,0.18324612724661038,0.35000095693061667,0.05484675428920538,0.003264080547523609,0.006884172337298888,0.001103639969548181,0.009767784281777304,0.004157479798554808,0.00025129663117431564,0.0000010666446756640423,33.8465574714841,0.549497173397448
0000089,5,4447.710968872474,0.7397407499832589,7.474037917245121,0.3627364516063131,6517.088632766091,5.533485011496384,4.583892399612401,-2.5883992674825524,-1.3496032840588408,-1.2754938031480814,0.6007746598334345,0.8351951894095059,402.12604590944244,0.005857970590215558,0.32427362237862245,0.34146885996292864,0.30274592745531265,0.012118368540960458,0.0065544027432022055,0.005529918097963977,0.0005220457094458875,0.0003189762408878609,0.0005903127817373537,0.000019437751816730254,1.5774690623329545e-7,34.47826209922071,0.6199088656747299
0000009,4,5850.730067258239,0.9608490364551684,2.846289029316747,1.4874360596900753,7481.534741888685,6.096788494519942,3.235236945212072,-2.9467947136493167,-0.7045648822799546,-0.8949366680428161,0.790327739927733,1.0203300385827005,277.6366883425155,0.04271312931314403,0.10653357211052927,0.40739852269918286,0.3990631267721054,0.00800533269432689,0.013169035208693076,0.007938204736032534,0.0004101212209798191,0.013624701153670721,0.0010998214953521245,0.000035496874950532924,0.000008935721032530738,31.516616390163815,0.13580477687605202
0000090,3,6312.544859292746,1.7283547768100531,6.509406156963532,3.0639053824474884,5691.1900833088885,5.228438175566957,5.680617891256721,-3.4094953380446165,0.996396848412715,-1.4864061493666694,0.02142630384716271,0.9734683395654095,194.9721807193029,0.0529512872675078,0.3284032218180656,0.13065397848365612,0.4318659745548653,0.03304866733800128,0.0030492874607894365,0.0027970901405616616,0.0004889805872368431,0.011066246326711889,0.0056181225743326705,0.00004951166555968697,0.00000763178271178552,33.25850434044318,0.5822597180431482
0000091,5,4420.4872233470005,0.8353066133453172,10.013345752041365,0.4187448419010451,9379.07933763772,7.0820904461813425,0.20180799483908307,-3.376113117194847,-0.4002967826302106,-1.1529537716496898,0.566255545427765,1.0182962698859743,273.42633631933734,0.020877323119291583,0.2763913502360725,0.1858088945056925,0.47768021106419084,0.029341312572410065,0.00024649732591982046,0.00016778638575091904,0.0016887680061849785,0.0027591897833216922,0.004769871470003717,0.0002605195364594216,0.00000827599470203164,32.70025550446156,0.7025011435724701
0000092,3,6142.67391618794,1.1294393424533729,2.6198323208648984,1.0330462019182498,8635.659059411626,6.7224634326885155,2.780361137827895,-2.0386784614441607,-0.15145994006868135,-0.0807904939912032,0.523196141466463,0.8904201620939889,285.7666951747094,0.042033212558327544,0.279553830093241,0.4158447538937705,0.2190596160440127,0.00892263735988363,0.016831835748686547,0.0076412670910154705,0.0016910597254460712,0.003213157271021818,0.005128661548800056,0.00007475781897609994,0.000005210846818415742,33.97837414562569,0.32334845581785554
0000093,4,5890.555491387115,1.1294705523647046,2.0362420423401533,1.6378975212451135,6281.227912939045,5.434833400513404,0.8681057353411938,-2.579791844344607,-0.5102870957755011,-0.8469152717520732,0.5082347799125279,0.9012780593065594,243.73679841307845,0.00869861620361927,0.38485990216173716,0.3600524859495154,0.19558515667127852,0.036710604256010394,0.005769768603822588,0.0002918037637013316,0.0006760513482817168,0.00442393795492732,0.0026878118184615533,0.00023981786732321363,0.0000040434013217154186,35.31425888332369,0.796801087007923
0000094,3,6039.865637232774,1.4553576889811521,4.739967732214638,2.0665608519442937,6731.668107894629,5.715750821687637,1.3177873430142892,-2.548490393670315,0.6886496816541543,-1.2474237283016074,0.704402356243121,0.9820453169955136,288.3281955991571,0.03820070720349852,0.5171288880631383,0.05281884440135195,0.3668203364979153,0.005812831663471288,0.00035002027871072235,0.004144966778863283,0.00022312837448982813,0.01019114240851305,0.004278216315330726,0.000015874742947619537,0.0000150432717692768,36.375515825367245,0.4099854347272086
0000095,4,5435.209963552579,0.9181318860523521,8.159409788418236,0.7367292754153227,7461.844394804805,6.063183128232435,5.700895079729666,-2.8889727005396777,-0.9093230510668837,-1.2551789394922954,0.031055951825208594,0.8297428738354945,321.7922875657347,0.09343365940582538,0.42197314031897326,0.3167271183627722,0.012834574232295361,0.10296650231692614,0.003015363266971128,0.018174115393460203,0.00045415916116926173,0.01976847701952648,0.010521457307070228,0.00012707742381305265,0.000004355791197393505,34.513829635967404,0.34720504512287276
0000096,5,4797.2309955586625,0.6004738907602765,9.149403513148563,0.3248687931547187,8654.759675902676,6.826446412643611,5.572071565669006,-3.463837717040537,0.911834834682459,-0.14770838945257792,0.27374745492026764,0.958158667203567,274.9891637278,0.019724556128130476,0.4858919396654063,0.1500632991872491,0.2881285838590057,0.03267743329877247,0.010627513792687077,0.0046443932007242785,0.0011635741399607623,0.004149332838031878,0.0026420283293881173,0.000282231241336205,0.000005114319307519326,36.10970914860422,0.5618429891337047
0000097,5,4160.730166589464,0.6831534472578524,10.395027012678472,0.5388297928901615,4760.2643773784175,5.034399955645748,0.4948645875420846,-2.753358469673986,0.2929303855925929,-0.7960699119056911,0.23170562322559696,1.056184098223661,232.47615870522878,0.005891561450942454,0.45684528340644426,0.19251638167827415,0.22830549228719982,0.08165895037005723,0.004948841028369317,0.00924156820754215,0.0015458920032830714,0.01677193675182685,0.0016312276804267933,0.0006331162493333836,0.000009748886300773415,35.74914748077749,0.17095188833267994
0000098,3,6266.022756069381,1.5468148483491435,5.087927333517243,1.4740962767370296,7899.533057053623,6.220553316197096,1.1985895586405364,-2.182977803041893,0.5699376245713772,-0.9199692968281201,0.670490960194364,0.9101310886019645,345.60033997039426,0.008766355162241952,0.4387444050102046,0.1425291414723143,0.3827947270156597,0.004917113083248178,0.01024273879255263,0.006876563554574494,0.0010957777085927151,0.0031907473662626208,0.0008245606374554855,0.000012700363045703052,0.00000516983384762984,35.74519513460966,0.35227011829528887
0000099,5,4750.87925651133,0.7565486304411501,1.6779207833961576,0.40086670088046245,10011.424242180563,7.383156979720869,1.5189931796003084,-2.699619950616892,-1.0814842651140981,-1.0877347107433422,0.3605194814140408,0.7039502158476179,245.76361984201827,0.044301499516559,0.10394813371514558,0.5713953733573216,0.18814248329935257,0.05631321344961299,0.013491560543134,0.009749789292627474,0.005399524632903642,0.0008078010963894597,0.005971236888003092,0.0004677346760667811,0.000011649532883739801,31.12408605981657,0.6086943391648408
