PlanetIndex,star_class,star_temperature_in_Kelvin,star_radius_in_Solar_radii,distance_from_Earth_to_the_system_in_parsecs,semimajor_axis_of_the_planet_in_AU,planet_radius_in_km,planet_density,planet_surface_pressure_bars,kappa,gamma1,gamma2,alpha,beta,planet_surface_temperature_Kelvin,H2O,CO2,O2,N2,CH4,N2O,CO,O3,SO2,NH3,C2H6,NO2,planet_atmospheres_avg_mol_wgt,planets_mean_surface_albedo
0000500,3,6585.434257904564,1.6849890177776097,1.4440185259015172,2.965402522717085,7412.321832774676,6.046008317615268,1.4972581664461369,-2.8469178013327237,-0.43857013693406355,-0.0584591656183604,0.8145916121832054,0.9727021739507181,237.52424802035097,0.029926152483381464,0.2909333601339526,0.4519022707635693,0.16844691950124077,0.03433904200158135,0.009673994107654951,0.007061766610082515,0.0015924103743217455,0.005694042544247488,0.00010038400194862916,0.0003192526130752927,0.000010404864943912343,34.149172792773044,0.6773112443745372
0000501,4,5453.943553491455,1.0296839390560455,11.079245650825712,1.1091765585726048,5045.42586832689,5.243282329704647,3.7514393992524138,-3.084315315395212,-0.5007969882729514,-0.7901113208766414,0.7999526525370507,0.9828913182460017,306.08359089119773,0.004595332052087382,0.07433491305243889,0.47415144306640034,0.4090425564073043,0.015626557934832575,0.005997134525947585,0.004755682129955269,0.0022942746761493993,0.005471780639502037,0.003705126591975777,0.00001854608118849696,0.000006652842217882708,31.15762791922893,0.6738842817717445
0000510,4,5605.898316284599,1.1014918389846489,12.210075860545924,1.6310370242417542,9103.297618138806,7.054101151710082,0.5909588524602538,-2.412515962759021,-0.00779071430590883,-0.2946551728713467,0.15677153993556614,0.8663378868360136,192.11083530524658,0.06504532916538744,0.1397183358912586,0.6569891469973391,0.08321242049477123,0.01990807114850794,0.003010694987773487,0.012790947813221707,0.00196492119482806,0.010559824034761928,0.006664669209794564,0.00012400891043021543,0.000011630151925666167,32.37345086050869,0.6259153376733995
0000600,4,5797.2594457042,1.2894314844924772,10.78233331552505,1.8519797634693846,3533.16171864758,4.607393359194808,3.1674098703718157,-2.396274925415014,-0.7728993951531522,-0.14894615386488264,0.4762074620469149,0.8575455837523518,248.52902131338453,0.032390398473142575,0.44401510005132155,0.12745478403990496,0.3395397270982785,0.0421910913231151,0.0004596601002392497,0.001134390425572831,0.00010332380690628375,0.009578671594054141,0.0027333009558847417,0.00039908744066356365,4.646909163201353e-7,35.12002557839172,0.28272279429255
0000601,4,5553.909761433302,1.2553531148382893,8.623148778977626,2.046334649635897,7867.132728278174,6.309777360303928,2.6468849669311796,-2.613525962954629,0.910718756103702,-0.5229360952990436,0.628940456172516,0.9407514286595028,215.18532191561113,0.016723966470716084,0.4923207912198666,0.2969095467568963,0.14756586529628196,0.0221135861285461,0.006533879482601947,0.009799582869936825,0.002113626202904487,0.0055800390603645165,0.00028477421717190845,0.000045589631997977836,0.000008752662715401104,36.98525017841422,0.18294899748097757
0000602,5,4663.725552340194,0.8385223475021784,14.12445609282304,0.9081903781863804,9554.713622571184,7.212654572363287,1.3317771391729174,-3.4125907505621518,-0.6347069891931654,-1.0073935634054212,0.5052162288632148,0.8937711273028455,180.34985323861594,0.03016806267746112,0.23721715169414537,0.2667035796521854,0.41160498692108394,0.031762066471635236,0.007101470903872402,0.0018223892621944129,0.00254028360977749,0.006904953345336803,0.003935397178421623,0.0002317272778513028,0.000007931006034918107,32.55947292163951,0.20357644271458314
0000603,3,7170.151896441798,1.7434490024256668,14.539972607290354,3.1791054496749425,5842.3649364588055,5.327885916630814,3.9381830841926497,-3.050795913259286,0.37329452245879224,-1.0278165481938748,0.9405412117972597,0.9827496161052472,319.8688007880928,0.005868292493936705,0.24470220809562873,0.28309233934540917,0.43277449867298956,0.013680020702491264,0.005032351208732309,0.004332925026460596,0.0023852353902833667,0.006639579339024871,0.0014516590020240859,0.00003309160283186849,0.000007799120187458289,33.18533034601577,0.19522490405010262
0000604,4,5742.056950670987,1.1349580253392701,14.40432209426249,1.0032171939398091,6131.295828942132,5.401902414963612,2.66977966673383,-3.2613678321577972,1.0373661447949702,-0.7799525690919732,0.3327131668799267,0.7694013610916097,218.16931396995727,0.005365544388616502,0.1072790712853717,0.375198701698543,0.44217694859934825,0.04062799932119599,0.007589043355267788,0.006569697373589481,0.00291006360791706,0.008283205056711793,0.0036615302274698096,0.0003373399144251482,8.551715431305154e-7,31.12278265704471,0.4563993278607541
0000605,5,4954.97684789805,0.6236638039095381,2.9725236180242294,0.8442636815834788,8747.70573057009,6.625633072986685,3.155375777554091,-2.112134387445155,0.17983248785594097,-0.6180406337509076,0.20005387625412985,1.0187478974613304,217.8125093025293,0.005127996151500683,0.2119072574518381,0.37842046477826746,0.3797766427098008,0.005749204021353433,0.004210187215272556,0.007010443636143873,0.00022027992505092367,0.007530345155391645,0.00003812127353452772,0.00000850650550344059,5.511763425541569e-7,33.13406734424653,0.7559064698877396
0000606,4,5711.712906506713,0.9340829875366301,11.488960960882693,1.2861135497143337,7740.482520852684,6.20186147601377,1.9143047361137944,-3.2984559083054767,-0.414277505403297,-0.49170887299200894,0.03346903928405931,1.038184532287918,244.89194387573906,0.04019243559057791,0.38541055487308035,0.3006850674008117,0.2097205262627713,0.0407858580168034,0.006981674769856835,0.0031718053292273812,0.00234792218468143,0.006819373765094755,0.003548650641802004,0.00033513773021060823,9.934350823878616e-7,34.85257894849323,0.6992873283010443
0000607,5,4940.387755282016,0.7200943732036663,12.558497851695552,0.862791152288382,5539.323058602436,5.304544578634704,1.1218078642714429,-2.6709420099705845,-1.490478644518365,-1.4735111684224274,0.8279540414696758,0.9439340085851274,258.5676460341783,0.04844175862027627,0.13737010854681128,0.4700228571466639,0.29015939281736836,0.02213419888092128,0.008502635216499565,0.007680633730179817,0.002762268528013184,0.00991989265575056,0.0028480265439953523,0.00014884100195508627,0.00000938631156526293,31.852697083519075,0.7438120127830105
0000608,3,7119.463342406178,1.5204355374841036,13.334162628732024,2.2122080720555064,6766.67638352455,5.71498855032482,3.744747207164097,-3.3180460145897097,0.1216395009418374,-0.5547819168339709,0.0357350362495954,0.7904120083911574,218.73492054823754,0.03898520649636705,0.5176181450047919,0.30893434742199244,0.07326507752766859,0.0467693854669635,0.0029356700198804263,0.0019138606064349698,0.0016757121853799674,0.004394585110124059,0.0034477552451298685,0.00004616088609924843,0.000014094029167769392,36.7765303125187,0.27735616101997546
0000609,5,4284.984859015935,0.7051575829456442,9.600340555427904,0.6295905774873614,5296.260528214007,5.228984631282077,0.14571914227565774,-2.193610032433521,-0.6811567913549146,-1.3187209151915908,0.2907466154880478,0.8817239625177182,206.23857813207977,0.00919988925841137,0.2823237429908614,0.36346777992542545,0.32488423473049777,0.0033497844515404233,0.0022773425696978418,0.007753542475906727,0.002260441558325719,0.0013779371734553274,0.003073783380620364,0.000025141743716813833,0.0000063797415407972134,33.94373435120715,0.19105158077435153
0000511,4,5791.525690173019,1.2116579490727453,8.648256197415142,0.9208698433443924,5598.465872156514,5.31482914860209,6.185428955239491,-2.788401949885828,-0.6544119389033148,-1.2642152677016658,0.668424066797435,0.8009557142158357,381.81653809442867,0.05923616073700837,0.21183923353087628,0.14846323047083806,0.5397830093508683,0.010407944757549732,0.013208860052343053,0.005413152359746551,0.0004897636905781909,0.00446497877628379,0.006616067547991169,0.00007695825527443941,6.40470641798148e-7,31.586574715421104,0.1913561523122785
0000610,3,5963.706492863807,1.1975961530526167,6.684926624119329,1.9551668188994378,5622.583668847418,5.267863577784689,4.089676008560275,-2.021942526688518,-0.39865281511127804,-1.0589403094304353,0.3391742903630257,0.919395361687495,277.98815727281357,0.014060921783286566,0.7310666807979969,0.007525168607447145,0.17469753930900372,0.03372238522794698,0.014635973357181082,0.010631470023213194,0.00005672382885552466,0.011009144674072775,0.0024326068960478973,0.00014714533903109066,0.000014240155917016959,39.79942423355338,0.586420241711581
0000611,5,3831.268875359981,0.8405034266653455,10.197966153868293,0.4229560741858495,4367.07024607146,4.965740536493344,4.713411112933731,-3.3534129652389613,-1.4306599123116814,-1.3809132753908424,0.7200109537575236,0.8825296786748749,297.1204389850742,0.047839359360772826,0.35820429285486166,0.14600950010686276,0.4177332354163386,0.0019480605003604982,0.009769466349827734,0.004689027750616976,0.000758628999767843,0.010400627429761439,0.002646039212590068,0.0000013482917967944885,4.137264429190212e-7,34.34124311519633,0.7710816892068897
0000612,5,4442.645357239698,0.7867025276815216,7.7134727772025595,0.7710933102201927,6659.9222977264535,5.719395468062647,0.10131971768749026,-2.768471216062431,-0.5196039572847102,-1.2749765581646997,0.2648578091790279,0.9016144007054356,179.47794248227365,0.002373205988775259,0.06320005799111576,0.5337943249776617,0.38288959421875995,0.007105666386357702,0.00039063257654910693,0.00027473805241467537,0.0031580484075638096,0.001860382089483767,0.004939494244785069,0.000011652491277795407,0.00000220257525556928,31.125156193025003,0.60501983705513
0000613,4,5825.7365577215905,0.91033760404377,6.272035864080066,1.4796917258166737,6330.61991465043,5.495511746966207,0.7798472827833183,-2.4941690257087554,-0.24716926311311482,-0.941930270247668,0.3492058425661795,0.9745729223425469,239.19986787975034,0.005136048417913137,0.4671797895345151,0.041206979717456745,0.38220047567270843,0.07276554799260179,0.012483497147260061,0.0007422592929817985,0.00012798339399356737,0.010216299793647009,0.007249182624269628,0.0006815841264683913,0.000010352286184421928,35.21962300598148,0.5856522106733519
0000614,3,6820.274853822059,1.9624158985270128,12.92040893881001,2.302571228970536,7808.102421896722,6.252146685119916,2.8607798996701885,-2.3180827778342312,0.5470778775441096,-0.9345030919297566,0.18199506980783742,0.835237705863017,267.45679517621403,0.05224892680959774,0.0749143130199424,0.26826272256820344,0.5400322939845457,0.046070402920519185,0.006981130410746359,0.006251944902345082,0.002176191550579447,0.0006565213971935564,0.0020970768649556065,0.0003050829937794289,0.0000033925775920995996,29.36313715001478,0.7730357438205049
0000615,4,5324.368763239198,0.9564800692990016,4.6229878891649205,1.4617099765813073,3600.352501156757,4.656784898449533,3.858999090884634,-3.247794278931887,-0.04715926633882872,-0.4030926668106487,0.12426375256132483,0.950034066863387,203.44025793727533,0.06725494509814128,0.13316047102198195,0.3539817912612872,0.3538020369539022,0.06551084469703645,0.0044501788420169336,0.010445000161363594,0.0015061546152286649,0.007688526218280781,0.0018790067478786315,0.0003160882000337006,0.000004956182848614098,30.45584244622495,0.1880728311639233
0000616,4,5332.675383889854,1.0693598830575497,11.651686076950467,1.0404416356466881,8984.870410802416,6.9576161144466555,0.5167336569942367,-2.616455993817817,0.7124888670747627,-1.3895175967679307,0.08996707669236015,1.0243368407821167,239.46902705556656,0.045593160277998555,0.2785256895241866,0.3168782004901786,0.253270688575716,0.07979131147821479,0.008341023650507831,0.005355466857210624,0.0026522014129497008,0.0008539822410384814,0.008285482137437792,0.0004383967827678016,0.000014396571793328645,32.447401802472356,0.22436844896415387
0000617,3,6473.016516205376,1.443066575909313,8.823310505400894,2.7371391983353552,6292.918393387098,5.483286038724156,1.5607402336372427,-2.2072880588894956,0.5184138050109621,-0.7523407260740685,0.6677753213021268,1.0182562091184344,282.80334386886085,0.09678262472361897,0.32838075323732835,0.3124603396253196,0.16728337645927968,0.041529475008298365,0.014638031656512184,0.004544646297118706,0.0021661293807780668,0.025694524487708457,0.006233953588968418,0.00026069183127463606,0.000025453703794736775,34.182959466508905,0.5372954550204484
0000618,5,4869.1207457668925,0.6876741278509728,6.8045580239255585,0.5759235137993859,4020.1739812636456,4.908553276227532,5.206946468120788,-2.202987660404771,-0.13801641306640566,-0.8844356033532551,0.5287141215730207,1.0167997413288976,338.9380814261214,0.0250773322011528,0.49963009544857556,0.013405919748514971,0.3942641737902294,0.046721077033290356,0.0036828053280095305,0.009206145288880072,0.00010595059317839605,0.005942545746215606,0.0016549230966597932,0.0003005870768118901,0.000008444648481742964,35.50652991925355,0.6073868468281427
0000619,5,5270.187309021894,0.8242722912732174,1.3433384486021507,0.8957675419766,9337.49601565489,7.157078372407114,4.5618175147075775,-2.4818039998289247,0.168085272900119,-0.5533770719279117,0.7793551178335184,0.7748541256937479,221.59388908625303,0.010222429239434786,0.22995299050223914,0.4855057149678526,0.23934096144627237,0.007977116885930136,0.004300597086822722,0.010079314398878924,0.002678855424773938,0.008251584540454715,0.001681612442090546,0.0000056479665816732885,0.000003175098668476381,33.83048613936941,0.10811269501578129
0000512,3,6995.923711058744,1.8452268840194512,11.537071432982529,2.339612996163644,6178.928925260536,5.400683476906637,5.031740565523253,-2.959628596971661,0.5824648506152217,-0.8497655233013022,0.523709058565327,1.0258005887355668,357.5447863802832,0.0003578034546612024,0.2945853036851812,0.3470071731934591,0.30537562466884344,0.034956409870138594,0.0046694324116037305,0.003621648355838479,0.002752852349653951,0.0053100848632991835,0.0012300716201684727,0.00013258009393622168,0.000001015433216531798,33.99433374503746,0.5731900621676784
0000620,5,4065.0591197212675,0.7803572769456377,13.741654167363427,0.42017993432361134,5992.407663087773,5.373610151535925,1.003059485287831,-2.410750180874514,-1.441486205324133,-0.4414049844670862,0.7406348212749343,0.9907980867812286,319.996902757944,0.02753366123734645,0.2457056070642473,0.6214004100203038,0.062205117136957214,0.007850008064800983,0.004308233136721637,0.010938979859451343,0.00017855665222173424,0.013920569512430658,0.005913015159084374,0.00003697041774418428,0.000008871738690574623,34.560679052389176,0.6532445911348216
0000621,5,4374.127257023855,0.6051754460112879,6.153035528563317,0.6133759158543697,7420.459330650201,6.038339865042787,3.4545163307153173,-3.2120451427954717,-0.23536306707278398,-0.1474545126759952,0.9407064117826799,0.9549931936142679,205.18577948504552,0.047793654156222186,0.5003883407975235,0.2398118439735186,0.18137538385295893,0.009387157826827362,0.005603936963651182,0.009423856911271719,0.0015171229288736968,0.0020528735116040826,0.002601897481170339,0.00004348885119807907,4.4274518034459746e-7,36.5490313135115,0.3089173080889758
0000622,3,7123.484442180577,1.4745682599850356,4.720669979763505,2.392896481915111,4467.703565996647,5.007323913495378,4.59253238382712,-2.325972184893641,0.9466600507750758,-0.1370739959740661,0.9660916392527811,0.7867770931099717,220.3725659716879,0.04890839033940822,0.26677362035900065,0.46968746842376363,0.14041456990458331,0.04659146482922295,0.011765610772037886,0.007652127035686945,0.0010789184039991882,0.0026831815757320694,0.0041247283603728846,0.00031169129059716564,0.000008228705595208234,33.3676064510473,0.1768126739746183
0000623,4,5453.333694913493,1.0339002265240318,10.388590219465227,1.121107448103877,7981.925791474605,6.369490576330693,5.5400354083896985,-3.49529896635126,0.9614371315606136,-1.1163253585367114,0.29586292739497244,0.8010857809888181,191.31642917745228,0.02885966330740913,0.3715750962816193,0.37774113651051194,0.18349002629200897,0.027530785185682735,0.00029899278864327654,0.0035096413860995794,0.002769007642345236,0.0016123202854728892,0.0024948944001161586,0.00011574838980488123,0.0000026875302860375605,34.93568377536447,0.3867551373821586
0000624,3,6761.878150272043,1.502800088157065,4.775838161472982,3.2850429868002413,5871.037551418017,5.3149092608489354,5.03129287739183,-2.018137465036243,-0.05786927491259841,-0.8584465112552868,0.31514233576257566,0.9931795964185693,261.3987359927621,0.01875679665231155,0.23551564771315217,0.5815460410962094,0.12092170450530142,0.012793360077163689,0.007014416129647176,0.008731746823244686,0.0005698527572874745,0.009083758534949535,0.0050384722247208465,0.000020539938583848616,0.000007663547428204105,34.153739873713064,0.22627753286669086
0000625,4,5346.643978858811,0.902393287474036,3.15339675689372,1.3338859228284652,6266.687598299069,5.420639723757385,2.7510784505832615,-2.517331980442152,0.04579789803258616,-0.7997200788370158,0.9976216190325147,1.0666585945497777,301.5614945465277,0.000768591570847217,0.5015610430448565,0.29246424470071275,0.16606329173775927,0.019750509464941,0.009470998135132929,0.002257850648066355,0.002646641019808868,0.003811245571332043,0.0010949198854428759,0.00010913920994226263,0.000001525011157818925,37.287951850535414,0.1213316908795632
0000626,4,5328.107502775927,0.8247415447634249,10.907318299781972,0.7348561752269276,9295.470786574737,7.026725177304329,3.354488500126629,-3.4258661941237625,-0.4962833286313739,-0.7837507407542529,0.38810566533956925,0.9289146773011079,253.96529612261284,0.030004582200388426,0.12456032207297472,0.018537251729798962,0.7761647022902551,0.011299453320962135,0.011182529225567825,0.011016630013711748,0.00010208695120782636,0.012755822455766825,0.004308397562283548,0.000060398360794633244,0.00000782381628827393,30.238226034330236,0.7052695648620443
0000627,5,3874.7244933250786,0.6179754201567945,14.7845569867444,0.25342286174054,7318.355875999239,5.8917721156357885,0.7351289768658119,-3.4835751041176475,-0.39703582804771886,-1.2940018467640022,0.4267653053792476,1.022449869511088,276.7803135387949,0.02782283307057084,0.36973008730093554,0.05172367838228513,0.47786812852781024,0.04889620097555581,0.00981275932599842,0.00577611658547697,0.00019852841993939557,0.0019112447489091986,0.006081009051085551,0.00017864580274097524,7.678086918574512e-7,33.43362921366219,0.5716797632195371
0000628,4,5781.696297888368,1.0431249072503477,2.924469569522731,1.668190298751366,4924.850701586871,5.124266886979853,2.1234004923889396,-2.5241300078699838,0.9081967793015413,-0.9766140221289081,0.2536192223421163,0.9370809269012974,225.4878638587492,0.04144513587034374,0.3828145985797112,0.4698541333609654,0.04732638250918965,0.03608797204968134,0.0008280712289673066,0.008707074132346854,0.00408220077000044,0.005894930306642197,0.0026820891245619128,0.00027444611413347716,0.000002965953456436482,35.441402774940414,0.6427995200894268
0000629,3,5901.093643609163,1.5649999279850952,4.650491889198708,1.5824069060649766,6328.129420843338,5.538730380741197,3.7764218213537295,-3.2508403110192226,-0.39595604362049697,-0.3669421323639255,0.9639025958788306,0.8876337344417272,271.8284788865866,0.038205924828323336,0.08496386671080586,0.3390664606264697,0.508429590880162,0.014822658583158586,0.004308234086939939,0.002545254270163097,0.002690289289618187,0.0036006580375919713,0.0012203476451901802,0.0001372954472192886,0.000009419594357612224,30.403846703260296,0.6140482534283437
0000513,4,5439.427347458721,0.8103964659429533,7.767343345453939,1.1698141705971958,7823.935069592537,6.164301456441001,0.7604842603678716,-2.1297624446987573,-0.4731826274769586,-0.9163950118476194,0.3788753850333759,0.8375140904461807,219.88758796800133,0.027277497770639772,0.163856779127553,0.4828923578123822,0.2828479756038132,0.008931736169240301,0.009441356942709884,0.010840865992591866,0.0018639597795772152,0.007390265675570882,0.004626675500164686,0.000019141454486576478,0.000011388171270409244,32.583578215980104,0.7116934020668652
0000630,4,5731.68587782859,1.2332611228693215,14.668057426266953,1.4836750812627266,8794.372678509666,6.647098459515194,0.9032446228557015,-3.45257222051293,-0.7834908923630229,-0.6515126340622237,0.28736354869864034,0.8620591199003724,200.08104908170327,0.06773751042201899,0.5594316993763653,0.14675698816146518,0.1337278825586604,0.06465047430659739,0.010005823329163418,0.008444645699026601,0.0008389256001474948,0.004110145088484962,0.004032696025461816,0.00025463276928105305,0.000008576663327347942,36.37729219211176,0.35185317007187134
0000631,4,5547.328295013003,0.9780631758367332,3.578990844083391,1.3810495849077193,3702.3327666237024,4.775237688491473,1.021148602632324,-2.479100272088346,-0.6890008347248171,-0.13742643475389738,0.6330216048920898,1.0401756734841465,267.12560736204426,0.03377633097914399,0.2746693011778082,0.41740278164808264,0.22829414910383342,0.024398500550113764,0.008528384371107202,0.006430130157843699,0.0031513993962832216,0.0007608546175393212,0.002364917036119782,0.00021690268126392284,0.000006348280860946648,33.6420564555096,0.5499196031694819
0000632,5,4449.343842930742,0.8136411088929021,12.19285284645947,0.6167473934080571,7469.948247018257,6.192859271292113,0.9068838916730808,-2.09941697713167,0.5950236750819191,-0.14495357130573394,0.7864358350860455,1.0364188967355752,259.94498299767895,0.14738341712915756,0.05187533644085944,0.44447938639473683,0.12529849298573384,0.1358128304353871,0.02207550977636892,0.02943142361978087,0.0016696911000968996,0.03050172077042131,0.01072320837683689,0.0007197997513142706,0.000029183219306233202,28.88470882784959,0.14294720034161804
0000633,5,4953.943446174073,0.6850567620070851,7.580073962142077,0.408458175981613,6325.7554149573725,5.4467695223138985,3.0689037375588857,-2.5470797782251324,-1.3449144624421625,-0.3217296520913604,0.3995142999084017,1.063027868326986,460.3574660527806,0.03602355021496564,0.3813336311177876,0.09130497348220343,0.4315491667445512,0.027953117754999326,0.013744397754729357,0.00023419748870652952,0.0005095158558395348,0.01569745965484006,0.0015478706001425936,0.00009525527394680584,0.000006864057288102003,34.56175810586401,0.6270177629134243
0000634,3,6722.37791703335,1.8336369179023313,3.1238587474676445,3.6307873665494093,5962.283834966976,5.340086505008061,3.5790570313208065,-2.499946411215439,-0.7434636168235595,-0.19062369900223963,0.18307918030800985,0.9612949309585594,286.13070803554945,0.026003108501553775,0.39744658648993036,0.2639593515201527,0.2737867745038712,0.02616807581480173,0.0026610597811036448,0.003929959375567693,0.00008514535801146021,0.005568094511755991,0.0001369343277776373,0.0002523166875680643,0.0000025931279056079114,35.093605314249096,0.45637150409341065
0000635,3,6396.806843326859,1.3689570069622388,4.7545675871815325,1.7656976137975946,8769.828545404145,6.852288489880806,2.2474203301615763,-2.739515567313217,0.5254834258768177,-0.3247080908048052,0.8181695546671022,0.8667700125303118,247.94924117911256,0.04950516019735008,0.32994897253029903,0.40632644558416126,0.18687751934915606,0.004024274105356137,0.005968340678501583,0.012150757595035262,0.0008035049938565237,0.002834096769580234,0.0015281702524746101,0.00002579138320405731,0.000006966561025138109,34.56494379193213,0.15198657635898535
0000636,5,3931.6366173083716,0.6216823096680332,11.063792970908393,0.33909974522139924,8690.60110646715,6.723903721429079,4.2658818473317215,-2.610014218657052,-0.37520447414103075,-0.8763709120100369,0.8854864354635587,0.9145843161695298,307.26028525064237,0.031843368217671496,0.22960629636574756,0.49699077159840865,0.21006321045583085,0.005443084538238545,0.007109758934578483,0.006404659418749178,0.0023831347839767068,0.007122797896994178,0.003017613878732559,0.000009919451545466224,0.000005384459526396079,33.66868766078605,0.7400443637080634
0000637,5,4448.744814367595,0.6189174977761721,4.7576201897625525,0.3646791770992467,9925.503985265635,7.278144910909063,0.4129886493880811,-2.9930812426314524,0.14747318661970144,-0.3203190603153847,0.3874580391405661,0.9951452747494923,271.00779491713064,0.05734782789179771,0.057497625968703815,0.11338003675296794,0.7304921694813151,0.0003057395418293913,0.0021987554833474187,0.01760107888522807,0.00012882644071419432,0.018356000922245666,0.0026765635354021387,0.0000022213100117959965,0.00001315378643666952,29.4784668595246,0.7911988389065865
0000638,5,4463.03562953606,0.7372853064872102,11.431785482298583,0.5094897792889931,7769.1047220503915,6.156473724073733,0.45181649027865733,-2.4596775846256396,-0.785530734256811,-0.6435045506135887,0.7821557390682108,0.9940373976862864,272.88050812995556,0.006400751251087505,0.31189556644316235,0.3456310317784275,0.31877808268222,0.006320815652883412,0.003971288333517634,0.005999906739935161,0.00014712822214568464,0.0006189791212000863,0.00021187516006012118,0.000017218213331320172,0.000007356402029085792,34.3270993483968,0.499554438279071
0000639,4,5396.7176956817,0.9465105021880578,4.565548343777144,1.1901225178819361,7411.243988144414,6.026603688838039,0.5196086261673026,-2.428797654866543,0.9274667237814342,-1.388472357331957,0.031136277968436432,0.9685152631994687,197.1475325071759,0.04876685550407233,0.43768549993010286,0.1667642926640351,0.25603700236039734,0.06097532892005712,0.011918694892376026,0.004603105632231173,0.00121952076993942,0.011002541981505456,0.0008168576319935999,0.000205151432131903,0.0000051482811574171405,35.06503577122235,0.2500826196430641
0000514,4,5459.799273512481,1.0547940249130405,8.996186669520691,1.2522071659098064,9622.03488370561,7.08923668832308,1.9584444578759568,-2.029856254620037,-0.788848210118038,-0.04386787673041348,0.7615623475245695,1.0521620554964222,284.2046544172622,0.046005195807406814,0.03802279709063508,0.7328429089126387,0.10920850914225085,0.029693343719340737,0.011744458049520097,0.010686020631670208,0.0014810359849650183,0.012428360722636284,0.0077932647489745,0.0000898422358717185,0.0000042629540900533205,31.307002634640785,0.35887707703381544
0000640,3,7059.728007211121,1.4281577816090878,11.426215889693937,2.797262949002424,8753.343669862661,6.765406676812671,5.042220550329173,-2.9894736839111484,0.07593664169813108,-0.9382119534833427,0.8803538135329151,1.081932427137298,316.83232167521214,0.027509449345004218,0.3233365044079256,0.5080179992789542,0.02600322933572408,0.0703759945782694,0.011639909061081784,0.010342268083123461,0.0033504316579501146,0.011642186073507685,0.007438552515612555,0.0003421701905516734,0.0000013054722950366588,34.68408628114505,0.15185205118205447
0000641,4,5741.870613828636,1.0265678658747954,1.596587959762422,1.1766525101322138,8400.224900227066,6.4450496164230024,2.8654130514660467,-2.2347787462423105,0.7970259895922913,-1.10270922716862,0.22978031537775245,0.8500949508981258,246.28236707615227,0.012688290696648294,0.13991191218153629,0.4607949656302091,0.3175097667689083,0.04256828889525154,0.0012726861729336805,0.010181314099378742,0.0035507334626869243,0.007072402606722384,0.004060152365472522,0.000389102775806954,3.8434444537829136e-7,31.75322890839743,0.6621230368992075
0000642,3,6650.930649037217,1.8059318110721816,14.920861940818506,2.536028127567027,5037.426423684975,5.1347743092422435,6.0115555915864585,-2.6363765809843605,-0.8518002060891566,-0.9432803904789294,0.6532543792045777,0.8563596710236947,335.44728143331037,0.05484583294465662,0.00009623141354722113,0.26580941086275717,0.6178884312109426,0.026346171218022657,0.016931483007076465,0.010963383932770231,0.0002758907741295241,0.0018813237356854857,0.004823196464704385,0.000127166703570227,0.000011477732137331708,28.5022130157097,0.17821810561757648
0000643,3,6316.464127630964,1.2180621188556637,6.062368800812423,2.1138458169161027,8265.00238612426,6.47746352038437,1.9358715352900049,-3.1259246141838064,-0.20031528644466978,-0.43963895639452555,0.15474851750292895,0.930051527478919,217.75805882931564,0.03511292150223336,0.39635524066092664,0.3758567796147477,0.14097999180415569,0.03126363790538169,0.0013467585551417548,0.010341731043360265,0.0018295867442194645,0.003929947561140053,0.0028053734935179087,0.00017675273032091317,0.000001278384854563738,35.29547659335489,0.6810210292996351
0000644,4,5779.351588619013,0.91145747080759,9.586642498542167,1.382397443628593,5410.245919016711,5.296406641018465,3.8193966376299917,-2.956298448005066,-0.30199777412450257,-1.3946202336399294,0.31734999137678355,1.0182110159494835,280.88548565224835,0.011039424902109313,0.3993830602797306,0.29887850847484826,0.27085609660891796,0.0024055128778762416,0.005710235292311877,0.0062778123244491705,0.0014815211341138214,0.00009233705683601825,0.0038627437171850753,0.000005796209468268063,0.000006951122153234617,35.53614817826504,0.29958245272809136
0000645,3,6715.976415284071,1.7246742066032634,6.160792183385252,3.2899379129278237,8880.363877590546,6.916366605444779,3.4389958689106663,-2.8035295698061553,0.658141407194528,-1.005937539677947,0.15744703337776733,1.0420130915344936,236.8021836535264,0.0007837503597981162,0.3391868561114021,0.4442953498443563,0.18460533358919845,0.016866034522796093,0.002468780862700211,0.00006861111096631263,0.0040625949988710944,0.005396367650282417,0.002100133217150506,0.00016318620715378794,0.000003001525324628322,35.29238739487493,0.32128935364581085
0000646,4,5307.638160021736,0.8064158410001006,10.58866116522364,0.7887597089086755,4131.289726156461,4.8052921435647695,2.047768946485867,-3.1720614989948617,-1.2413198552118325,-0.0006737292846148435,0.597288651645242,1.0262741717409105,291.91604851387336,0.03981140289232499,0.367914547938919,0.19995528451097067,0.32841353582955873,0.04219912176041464,0.0025503382079816814,0.009415574445594703,0.0008446930955371311,0.007898852545042597,0.0008434841863443815,0.00014794360115997425,0.00000522098615144062,34.12590802545223,0.31707058052001036
0000647,5,4581.966739074462,0.6212926976213553,8.841626111171212,0.49315583061452506,6343.88860299579,5.522196406896625,1.4019845442462064,-2.0633642537684986,-0.28567142468697115,-0.08239504926599084,0.7302337615287409,0.8432196952593496,218.94166130969947,0.044230580905585605,0.6664989702587752,0.18699916039614703,0.05890203880046838,0.013402570398273235,0.002056538896954079,0.011824063919121278,0.0004003698390678716,0.01261350466468754,0.0030180067248450015,0.000049767184047552724,0.000004428012027313354,39.28038981146645,0.3365458725934394
0000648,5,4844.00739388833,0.8143586017214248,13.202666251329074,0.5955967234804094,4175.917920450618,4.8321200983225445,0.7274752696074318,-3.018246913505608,0.011049428475540246,-1.4660432257893612,0.8503188327343605,0.886572710017479,260.38143428097777,0.023315320536878435,0.4210701647267317,0.06923994007534405,0.44875582224721644,0.0194410282039986,0.007037346063010404,0.005152182402110292,0.0002496741663073326,0.001640692360258917,0.004025580751993624,0.00006117022952523612,0.000011078236624992585,34.691983762519406,0.7878193848399484
0000649,4,5320.331744182835,0.8291344295097074,5.140779498165185,0.8020609901453715,7817.183553777406,6.346669099941606,3.240240586685761,-2.852080346683646,-1.1582471164994832,-0.8795839050884076,0.36581097404228813,0.9424651044189308,307.1419599640593,0.04816287296227774,0.3541772985881468,0.10908298117867543,0.45584368293534566,0.01366057287056697,0.0072802534396212044,0.007131315353574502,0.0006712759626770165,0.0038719503138883076,0.00006047149298123518,0.000047609439782188196,0.000009715462462871821,33.73790012196435,0.29418954981643475
0000515,4,5831.814847663583,0.9016845266110494,13.745922378682796,1.5009959850755927,7047.407163730882,5.881289977197951,3.108159967939,-2.6395131595526653,0.33760557028909277,-0.12265825090855365,0.7960620932344787,1.011462291164296,224.3950999568277,0.011413620906314778,0.4595293428809091,0.03153641596450122,0.440515918669363,0.031176146886986295,0.008159670789590633,0.0031610254394141618,0.00021279571127985877,0.009094359214901437,0.005159464414258336,0.000036323433534425716,0.000004915688946835519,35.408727455917166,0.48294398712730136
0000650,3,7071.11736081139,1.8823781139381728,10.935378091228747,4.2728247951863985,7840.133977307037,6.181062382973903,3.2312597384690287,-2.321551724711961,0.6322250893104484,-0.39642315820370455,0.9592217487163847,0.997010846601693,257.4730091091326,0.024282271089020802,0.31787862497164693,0.31500613583486314,0.28710201001342756,0.036042237602679356,0.007464750808868324,0.0045694456402015655,0.0025713582472927364,0.0020682581393412927,0.0027511941778652427,0.000263036321321743,6.771534713347237e-7,33.89484034979143,0.6008734776648599
0000651,5,4794.203803514255,0.7618237592193366,7.1394600204496586,0.8006468322757284,4391.963014312569,4.940720383439282,0.20119502745883877,-3.1900735530663287,0.9301538670698375,-0.32314392243114787,0.41857956331728463,1.0786995907942711,228.67048781284922,0.04350324285856807,0.47574774328728064,0.4027638078069643,0.031649451183169974,0.025614489251859014,0.006654785857491062,0.0030195326493330293,0.003410135756524036,0.003989393301315161,0.003635155376627356,0.00000765328372760149,0.000004609387139853431,36.76610166466922,0.3898788698429808
0000652,5,3921.44063535416,0.6509003368798375,10.101885619695562,0.3695827468701242,6248.446249129154,5.542968226798984,3.9637641967922135,-2.203543227349275,-0.581091618746736,-0.24591158745134623,0.899951087414576,0.9514861932614732,263.50514600901175,0.034055136384870247,0.3164140529751538,0.14813669587033543,0.4755686181401412,0.001314797519288764,0.009828182736411714,0.0034398616675797,0.0006526302217810699,0.008394586205573651,0.0021782481630427003,0.000008606799283091934,0.000008583316538566401,33.758353750802804,0.49114745572354923
0000653,4,5725.122427905415,1.1072849449389826,11.53478885137549,1.5712358263637851,4837.7413008496405,5.097144356561085,1.6840218542475618,-2.1800182545729454,0.8249783104168986,-1.4272919355091367,0.9444309004486264,1.0208352108453271,393.8942284273185,0.04160208621541417,0.06126054028900928,0.3816262964557168,0.46807944300622617,0.030937377958439045,0.005025939940869392,0.001975225494868523,0.0037719372948738375,0.0009762949948814574,0.004460935848355464,0.00027568945817195764,0.000008233043173695512,29.87031315236027,0.6335078448540057
0000654,4,5469.656501696666,0.8096667191727127,14.621314132859027,0.6187254988683968,6807.299998455015,5.65317211083609,0.3225982626122005,-3.3889117663282486,0.7874460900261102,-0.5769210982736789,0.42308565329368986,0.8950097521368147,270.0696158577956,0.05278285205214265,0.356082788992069,0.14005672829535426,0.3990259360457917,0.027840889029174167,0.009781364870577998,0.0022230827762298013,0.00022655506694135033,0.00905518795007183,0.0027950364241367755,0.00012117676882382328,0.000008401728686643218,33.863806882329946,0.4575996710855994
0000655,5,5283.326931424801,0.8445643236905181,2.213025629312108,1.2234231400296791,7595.482170945562,6.110662781765675,0.1350748197473769,-2.226867017207245,0.49408227955060857,-0.6416977338166765,0.08200299606330985,1.012097420883974,198.28465825417246,0.0033243761342091594,0.3581603579838175,0.11185556680883323,0.46888617300268576,0.03922973848253762,0.002161368364267976,0.000625146860918095,0.0010302192812352675,0.009212974497201622,0.005493478410481727,0.000015521530578845514,0.0000050786432331283615,34.012684070167104,0.6400285158352059
0000656,3,6627.306781488337,1.5883703714348965,3.724439357670967,2.66113374086614,4188.23299242206,5.005633155070834,5.335057110671118,-2.342595445228678,-0.40647306375700043,-0.2705926509758809,0.9219316633101196,1.0710117599385172,290.61958269577116,0.024944994859958502,0.09950230279975543,0.2524404008941957,0.5598938615743705,0.04747156700558199,0.00534512209089991,0.00007944995834813431,0.00047790077233901443,0.009070975587455244,0.0006828051565377898,0.00008291560661003152,0.00000770369394768933,30.20831895261967,0.4850494989730807
0000657,3,6933.127478339329,1.79855202996711,4.16520596116459,2.514906969251264,9629.265290816442,7.125118285465569,1.0321040800656567,-2.9056926173479773,-1.3267568013201385,-0.872458766247121,0.6305603015046382,0.8242696400304459,233.60302731089286,0.03422543833235751,0.03668078899741016,0.10111356643681019,0.6862278873851366,0.10863834192512567,0.0035582499552270436,0.01871603626896791,0.0006994734014818135,0.00010077125503665338,0.009608171259298961,0.00041582761538629505,0.000015447167761150698,27.329836504455614,0.3053267624325785
0000658,5,5146.87078087328,0.8548504479636856,3.4098817333249993,0.6967403301267705,6425.918578933195,5.584889179629572,1.338121720877825,-2.1510848802430513,-0.7090312217110486,-1.2846508247648805,0.9731394105882254,0.954824414937926,396.9056804133479,0.04770012468237003,0.26381188753956303,0.42987568149457167,0.21571687323775102,0.017251038218830936,0.007786960255500719,0.0087423324568647,0.0007924231629124624,0.00451009598517751,0.0036398666321364507,0.00016603495768341368,0.000006681376638199199,33.526620459977536,0.1434948667604824
0000659,3,6798.9134937738845,1.756867480494566,7.648746723801581,3.1920364317228866,4868.734317824453,5.136390907617838,4.56545950226065,-2.4939138314066485,0.8829232231728934,-0.07171549690688428,0.7833452918442513,0.9596982149373319,232.0201374048776,0.0012212152484629732,0.27296515664265325,0.2314589064708073,0.43282416817000113,0.035372628894083186,0.007295421360648986,0.005850082256226056,0.0014898062950763932,0.010071376809772402,0.0012417353096571574,0.00020864249871363914,8.600438975010097e-7,33.36263621617913,0.7960328622341527
0000516,4,5779.804284528033,1.2986913129251796,3.107441984036468,1.1566324663125296,9800.159975199651,7.335202656595956,1.0765491625730421,-2.8495972639811384,0.40254389292958725,-1.1539819683260637,0.9015097771992351,0.9119244405865344,271.7025450195848,0.01853100779457181,0.5342261325364921,0.016421559270131243,0.3049031045137368,0.01234418479166297,0.03285389925121621,0.032255363667040106,0.00012910449348769274,0.03249642159250606,0.015828254076734338,0.000008095830670315649,0.00000287218175002851,37.817278721469464,0.6776289069975164
0000660,4,5581.52835722161,1.1948777759140299,6.681236031534291,1.6501028535057438,4333.1764988747245,4.856269736774014,1.3758874148745948,-2.8060371389672287,-0.1582102416199178,-1.4705953271545555,0.30935851877587606,1.0674438785702791,280.9233626582414,0.0454074091157929,0.23332146704363277,0.29217810152062956,0.381849208950446,0.03209229164488271,0.003002903746203412,0.0021951481407942865,0.0010269922423675577,0.005918911454101364,0.0027878282619435714,0.00021604151541286168,0.000003696363793009668,32.32361216980889,0.6644295427542541
0000661,3,6527.652951051829,1.889509129965169,7.3779223694020075,2.5825462798709884,7558.8031031597675,6.086575467968813,0.6941714098615266,-2.2987195144209602,-0.7852991698151239,-1.3605267356480706,0.598577681574845,0.863158370536759,282.5382776709392,0.045862773211546894,0.34750887990683604,0.5277766607097899,0.035202832353852846,0.007030143660853456,0.00605682560930225,0.01123447059943964,0.0037204427658060445,0.009848699141997576,0.005705585718637536,0.00005055088820165452,0.000002135433736150069,35.59684297075951,0.4002074475654396
0000662,5,4394.6421464868,0.7990581583887362,6.541262686669365,0.5008996807576709,8708.0963885618,6.7651969010069894,2.8800191208170944,-2.025916459221736,-1.2561405181116099,-0.4190476671286032,0.06921687960640766,0.9095438224123293,389.7181368647739,0.0774361829512328,0.43842965319107846,0.33683822395081603,0.0027018375015035443,0.10647818924993228,0.018861957188162776,0.002784083025098869,0.001836645377067517,0.007609817952193429,0.0067118925487281945,0.00028682689974619905,0.000024690164439829157,34.860239562321254,0.7811976852278186
0000663,3,6385.343838957304,1.9898126850084932,2.8902585742236533,3.082216520898415,5024.614285410904,5.130551933615524,2.0241680439458083,-2.0504177065610847,0.09385153073718278,-0.16672660047843135,0.43384800751285113,0.8956424073054375,224.1104978926578,0.06058571514403364,0.1599207810235622,0.6589238219852189,0.08219224980016816,0.004667305757861128,0.008985033529637166,0.007257400314765713,0.004834988221574144,0.005406046216893637,0.007218592694868387,0.000007109085230809825,9.56226186046897e-7,32.89223196694981,0.3003744389306674
0000664,4,5334.617270197881,1.035367666834288,1.665359463407757,0.6773677295082546,9095.354324384592,6.980341599592854,2.9249494189771887,-2.9227337116780516,0.14200794077983203,-0.3487745172368881,0.022585248015016268,1.0207162519427413,313.5038222771875,0.02953452651599807,0.22529427428108087,0.07713266596419818,0.6347385754966723,0.023282042176670816,0.0041327878623215195,0.0007129688180134119,0.00003100872275147361,0.0029624910864919744,0.002056519205107272,0.00011446714880888733,0.00000767272188511126,31.501963989265384,0.19669583129439194
0000665,3,6668.422514160533,1.9114730541711724,1.7508743459616098,3.2510248521487126,6553.803495903052,5.613464453679264,1.0141897025813613,-2.044687654336216,-0.4459468947669094,-0.22504447028590246,0.2923667311100202,0.7784765807032155,219.6808325613949,0.01214673052110509,0.3790208326591746,0.1414734808570119,0.4169474629396682,0.031467195259814035,0.0062875928249856855,0.008053466130993699,0.000050258419584073146,0.000714683129165109,0.0037911261904720875,0.00004302028214756049,0.00000415078587804395,34.227955833769904,0.4837515375155794
0000666,4,5839.7281364125465,0.9475134570497372,9.68855326479508,1.2881760458141982,6282.54504385078,5.433338599738876,3.002884164598839,-2.3328431387289577,0.837010519166292,-0.7727840785958324,0.4711630834812639,0.8308945826965468,234.82933607996162,0.031480780009203,0.48494591337257126,0.061857345394634465,0.3903747120889584,0.02369008625292237,0.0005382648771851557,0.002415246816758328,0.0001141799554733516,0.0005668869740916824,0.00394088264778973,0.00006605822772281208,0.000009643382689498659,35.40740686477721,0.20264490559658083
0000667,5,3842.5402664734506,0.8026214912138087,4.235816064613698,0.600666885122193,5238.436852435477,5.248748657092865,4.06331945839239,-2.0650360768942617,0.5086786770179574,-1.1900618960445413,0.9679453367908535,0.9410736566879392,337.03326731700827,0.03805423058815003,0.6796946586767751,0.04597299961148217,0.19195366536202432,0.02480768726132037,0.012475903625821183,0.00009096417225329026,0.0003368286972237433,0.0019449722255074217,0.004510620235214327,0.0001533376241909723,0.0000041319200373706395,38.619118455613915,0.44603789848508535
0000668,5,4888.342844790541,0.7001893428889571,8.892529900946691,0.7674826335870492,9330.896835300582,6.976230104270748,8.344637605358088,-2.393983674333321,-1.0150079393286051,-1.2808363246275556,0.19345242516182115,0.9627646559646207,333.7994920179425,0.009044366009999074,0.42101513622665115,0.08969855964616208,0.429860965309395,0.0298154304505291,0.006490382480754954,0.0029839476562801637,0.0007256509748722174,0.007626222202008073,0.002503359080627941,0.00023433936832624306,0.000001640594394119442,35.02416402643407,0.4097167260035064
0000669,4,5417.757445597312,0.8876976733320142,13.989276741508691,1.2780410998114315,6455.033778934117,5.509700127006662,1.3740809373284182,-2.1516906108305456,0.1095313246795615,-0.865923241016423,0.7589094579804607,0.9000912265763074,255.92897064927843,0.0549110674840602,0.04310256800425154,0.7568654495054813,0.033923641182167584,0.04205103831343564,0.018730401185099062,0.015506344961940604,0.0034448065415455466,0.024125028103323065,0.006957770406442243,0.0003708129206488224,0.000011071391604543699,31.829023337537823,0.12377932750019283
0000517,4,5710.703200825253,0.9476539502839678,12.714912341637612,1.1515721044381562,4901.753816936821,5.052024531638406,1.7870234232938236,-2.8065560558781124,-0.9993362113374358,-1.275870655372,0.7112882820954576,0.9673320839687676,316.08480743934285,0.04818147534925689,0.5067279804734315,0.13260288533181377,0.22402187862713427,0.06265891063554788,0.011299505471489878,0.003378926699200694,0.00015793979425042976,0.006825013210391402,0.0038542776387881362,0.00027944743476457574,0.000011759333930434916,35.80405590222899,0.3237537958698853
0000670,3,6386.0869507226835,1.3888129305756016,11.93889441418884,2.2170687774932842,5030.859275013211,5.090706497066527,7.547292271639694,-2.0484217269283747,-1.3982131640269824,-0.056023356693774895,0.19974119118517253,0.7656310469443397,336.1333891903984,0.010655775126781427,0.3615542284207004,0.14598841364803977,0.4415400586797106,0.018400147059992013,0.008210712569699838,0.006065283831233701,0.0012428618380101325,0.005269525661989507,0.0009633255223074418,0.0001018393957913011,0.000007828245743811083,34.387810542258116,0.46781089387026387
0000671,4,5870.351942556703,1.2303036114691288,8.675661170772687,1.6574846716702534,8111.591030109058,6.344383727351138,1.839749047048945,-2.2320375338749403,0.95722381270122,-0.09770543355391581,0.33753819892711356,0.8509559013179708,192.98741933221683,0.025173137343644587,0.4516965268248754,0.05367508598386877,0.45278379512449113,0.002927333265767747,0.0042015433203397325,0.00542633990283568,0.000508936926937435,0.0007428238690219571,0.0028467295979148796,0.000007134043911770599,0.000010613796391087911,35.23937192134223,0.638107372135356
0000672,3,6275.184366212368,1.9482777416918284,1.663025118949349,3.5388890711868317,7886.730667030636,6.344232399848983,1.465794166214828,-2.2460419225170067,0.23811516988116566,-0.5979522203935604,0.16196324105825777,0.8453621670765149,190.75499430001454,0.03883292246018449,0.1845045989220621,0.3705297363501893,0.37110524505899173,0.019431956824028093,0.006593596134123509,0.0022836055499250185,0.0011922114889038693,0.0028562561288497006,0.002651424769921871,0.000017570784288939016,8.755285312193233e-7,32.02401608965823,0.3479260379646423
0000673,4,5774.399408549937,1.129997923487884,14.813592216933177,1.6732392534579335,6434.995385630699,5.6335280500592555,0.47656143856110544,-2.683582754043405,-0.8482977576822065,-1.446501407027764,0.2078826711038103,1.005612523160421,240.740995444216,0.028814443201326173,0.4006912585283943,0.2772980550535763,0.2731536402518201,0.009565573302229319,0.00013319793668305213,0.004262479830661956,0.002331464526792589,0.0006878800051300489,0.0029755569524983093,0.00008183825300567464,0.0000046121578819260955,35.1666679544562,0.6417840550296621
0000674,4,5391.3679727949575,1.0222254908662225,3.725151941175949,0.9875714968993896,8713.625907261854,6.59922688954872,2.39472757392093,-2.5024823145597104,-0.08995631555428019,-0.8374682619670286,0.7375506141197943,0.891293173076011,287.78441414074337,0.03449511938112188,0.056842275296566304,0.503182009082695,0.3422841053296383,0.04448918502128634,0.004786169601877541,0.010140854517761562,0.0009644332061320357,0.0022986994560113038,0.0004435665447991841,0.00006564177681171772,0.000007940785298920527,30.224743395817413,0.7939160582304574
0000675,3,6252.107311820065,1.5556807387256415,9.387272901421895,2.2374565697756283,5437.97164505597,5.356633680307831,4.033693931954607,-3.475867392790312,0.44053248822970925,-0.9922521837234954,0.5657050436620737,0.9399871730874058,247.40986486871762,0.03092953796775651,0.06001147464298531,0.5648238620700129,0.2920042159472087,0.02869126784017249,0.0031307357722304306,0.004556457221791452,0.004847344165186587,0.006495927396729118,0.004486871954239346,0.000017043036335551456,0.000005261985351647396,30.903768612953442,0.39124552142069524
0000676,3,7010.61187328677,1.4351671366033771,3.947938393926611,1.7262868794677713,6405.5147210144605,5.5006906604095915,1.3735845414081607,-2.2626012861194917,-1.1429080564658813,-0.903718488420661,0.676481325629283,0.8868866432172062,378.579773032129,0.023664661161181065,0.24473300414681537,0.31444581131364324,0.37491113966832473,0.021539330995957513,0.008661652788893392,0.0026356308110116813,0.0024322044571155554,0.005455877956761137,0.0013448900378890643,0.00016931632737778472,0.000006480335029355802,33.056350493610196,0.4536475978505815
0000677,3,6654.195149171871,1.6605462685564718,11.070458956514488,3.5686010454446473,5298.269758511728,5.3012608702220225,0.4060397088482379,-3.3787537182810667,-1.1849002583487638,-0.53366324116551,0.6649772196249805,0.9953895813612439,202.26843386532985,0.004465825633289865,0.36328462776933435,0.4416174661085613,0.09904206729079378,0.03571471002208806,0.019772606252191502,0.005474936049733676,0.003418729423257022,0.021846625790475582,0.005127551407548404,0.00021142043827294537,0.00002343381445336564,36.22881228954621,0.4639482880939687
0000678,4,5330.747679990996,1.0017934593261422,3.2145841007433944,1.234084118108321,8568.394235777783,6.615276177265544,1.1738727705736545,-2.354830100496637,1.0129073683093597,-0.5955323488457794,0.9503970834303533,0.8410990474583036,225.5394508592015,0.05888275603545224,0.4102573923450232,0.11975487269990066,0.2837906620080473,0.09675658555689008,0.016803057533183008,0.002719648844339005,0.000934744401544722,0.006362814822676446,0.0031274756713381767,0.0005990775889522384,0.00001091249265278083,33.789451185888105,0.2889890401946463
0000679,3,6565.439338320837,1.9904709374975034,14.737340654361102,2.169443155210455,4403.282065403763,5.030721001389883,1.7524521049563524,-2.5697468243974138,1.0007896740614926,-0.17020577233165812,0.21019413128825193,0.9884215170298737,273.64737105895495,0.02105555254757864,0.5372841340111273,0.051042161128540174,0.3617727371657868,0.01002794573592759,0.0022213827089864885,0.009241842393785392,0.0004910667469755253,0.006469277948053201,0.000317739530916688,0.00007283936832962874,0.0000033207139926159316,36.75618540276054,0.3253879111509219
0000518,4,5489.0168667797825,1.0333060694724736,8.342233217999938,1.22761454375723,7686.856165550781,6.220374810730992,5.8325127929354315,-3.028450453572696,0.8087118552368668,-0.018479626035330154,0.3853361996807748,0.9137327633373087,206.33888285230898,0.012530081011292,0.3193794394048808,0.5446613742196789,0.04518268020410124,0.034924376476700346,0.014342203140652793,0.01003727405890956,0.004588116950521751,0.007150109024743344,0.007182497021282383,0.000016602853726938632,0.000005245633510057916,35.2498108642098,0.697389170764945
0000680,5,5298.592547625543,0.9078841874309053,13.785331042129757,1.2507783476009484,4337.113571017284,4.900320169632672,1.2413344114129479,-3.2369511722329305,-0.8825205184559726,-0.9660138658060559,0.674796883889721,1.0153379274936842,237.7160263644725,0.02103491087317277,0.24108438267937435,0.4347009673267834,0.28612927341168015,0.0009916886134894057,0.0008914084385567035,0.0026248525220976086,0.0023419074585017785,0.0070619802725690435,0.003128320080216339,0.0000027475084318811723,0.000007560815126840571,33.66167008568081,0.40721464909823435
0000681,5,4581.523224941918,0.6886024377590718,13.247039025483529,0.5621111990152334,8355.800333560248,6.592053184086883,1.528774168025501,-2.469397877601589,0.20200724892839705,-1.4091605800112732,0.8525054514692604,1.0775974109100301,330.3144367232292,0.05086714245829108,0.40739255757487297,0.4236249037288543,0.061622400048874135,0.026050781386346922,0.009377290725350844,0.007177559437860377,0.002798997819843715,0.0060091789861233145,0.004910082352039513,0.00016862121332952566,4.842682131937783e-7,35.767035885701304,0.3225112544748101
0000682,4,5649.437634272633,1.281124065196816,12.265538721810715,1.321083494593938,7254.991555217046,5.86631030520722,1.585088054690854,-2.206012966040054,-0.9064445909754241,-1.247090347915275,0.5366869767235289,1.0184128043122824,391.1892081147882,0.10119420928161756,0.08194799561838562,0.6306973442316228,0.11577920653759412,0.02124742928273605,0.005854324043899963,0.01953743757616153,0.002119868168889042,0.01979973132356817,0.0017537108818796643,0.000049083512234514554,0.000019659541410827946,31.403029997230217,0.6787400275618349
0000683,3,6010.790641737333,1.2215364973338472,13.109416718549681,1.0731931688668837,8003.074662253908,6.487859808779729,3.1082563553191687,-3.352226520141419,0.4262335714618968,-0.9386586290393726,0.07255472561636134,0.9749205470597269,279.61503976810434,0.02452733740512312,0.33023464993707247,0.5267817571298883,0.04009962516710687,0.040651805511070636,0.010839404093994214,0.011525925329766791,0.00027864811161336573,0.014771551236602563,0.00017042081142483762,0.00011715025733084674,0.0000017250090061282218,35.37333090719854,0.10160363838524133
0000684,3,6460.851914367697,1.5864018970226117,14.282997771373605,1.6246205847922026,5998.457496585868,5.32846866447073,2.715526212067421,-2.6702164293218655,-0.7853996716823902,-1.2394086819137722,0.617042574227157,0.7639022136434332,324.1503149033124,0.026148136367788517,0.27287439109877604,0.21668274775559473,0.4283144542512694,0.032558389425689296,0.008973108110906687,0.0016052484312491714,0.0014243283111249128,0.00883122794054633,0.0023825666704327055,0.00019612665498596827,0.000009274981636177095,33.05532838357786,0.6064139007016252
0000685,4,5797.7742034830435,1.1445741393824915,5.544807111269014,1.8786113106206332,8877.224314404804,6.697160269413652,5.118031697316375,-2.893811463771462,-0.5929073409610901,-0.7232705754676771,0.04756908177351549,0.8436184120939313,218.5317820812425,0.035789144571517474,0.08525811191885013,0.39551101368875846,0.4101982661395511,0.051968099865921935,0.005135441112667276,0.009169407160263335,0.0022792132689593626,0.0022133356436673285,0.0022263573150850292,0.00025157492177314334,3.439298539206444e-8,30.156785304173646,0.3099642850700065
0000686,5,4023.436317454814,0.7405450396370521,7.1962572964729,0.3722898961340311,4748.169929373497,5.098492939681599,5.332605293739294,-3.2419676565368927,-1.0894472900336767,-1.486221049643167,0.22911670728651867,0.8971061569063619,326.27632774091074,0.05118606814679034,0.3503947940865668,0.289842661570301,0.24451725462920837,0.036572595778552125,0.007301266197038125,0.011020327079777958,0.00017094763283766342,0.006348268041817391,0.002425540749803923,0.0002160128646103495,0.000004263222695922786,34.14681321202327,0.34903050300422034
0000687,4,5644.944018885637,1.2945319060893514,14.756031386171601,1.5949657397493042,4639.3529683747565,5.02439754023389,3.843272129800138,-2.975545803385468,-0.7444845147979925,-0.33999896665525564,0.2822767976947397,0.957047069835863,290.95537422561483,0.01361193838039842,0.2636869465804067,0.28379356548624046,0.3951141193650899,0.02171567987742519,0.007750923899955446,0.0016835233269351633,0.0007625309012059388,0.007979732029856353,0.003730316991011996,0.00016653864872564334,0.0000041845127488679,33.352511808028375,0.7863112871187394
0000688,4,5559.711392729867,1.2153873856371964,1.8518754215541344,0.8778803735288059,9771.41920676163,7.335271530697385,0.11607773818257094,-3.4422839315007794,0.7092444950937598,-1.147761967798552,0.1801980322401504,0.895815765814458,336.48344780978397,0.010967717933978011,0.3947045257205537,0.3497541527292209,0.19652440444369415,0.021386691975383124,0.011703800865145244,0.002809250498839628,0.0023157703478464023,0.007606465898914987,0.002012650933558356,0.0002073844352679602,0.000007184217597515577,35.84135590694987,0.3759381512431813
0000689,3,6636.11267319401,1.7890867823237353,1.6294391911377175,2.477981143251533,7789.655393064169,6.277399394826718,5.513929973934166,-3.354248093508521,0.055202183011000994,-0.3681591072044341,0.5528807026249105,1.025112481407226,287.79360020342364,0.0321528639684938,0.38704820057229095,0.5045100094122289,0.03624337994554957,0.013869161915729867,0.001348113819671386,0.011513021552090242,0.000017968042708042338,0.011085608701034757,0.002188406642362585,0.000021741164637046208,0.0000015242632028057588,36.125663018414365,0.7878146505102552
0000519,5,4177.909002983726,0.8117764727537866,3.0510479122869083,0.3517215122734414,8668.911462715945,6.811103569548917,4.507094710043932,-3.1020558721549985,-0.672556669524995,-0.343334941739045,0.8630742192455102,1.0334963780659674,343.30589416148564,0.04538892024453638,0.14872572960549713,0.2951630967656627,0.45543133405249436,0.036236508010109414,0.009515046632950405,0.0010444663076757156,0.0025669104321398035,0.0027123279327289727,0.003143709676955717,0.00006606987283858099,0.000005880466410947303,30.948345354807085,0.6655905946406399
0000690,4,5398.690019131049,1.0075722428639433,13.546799601958995,1.3812396463354726,10042.045823244594,7.476003031860303,0.35631184288065954,-2.694129882840824,0.359972525520154,-1.1907584798152202,0.8489024124040033,1.0625023617585512,223.1429727668117,0.0014884894923218506,0.3635169780914127,0.16234919578347104,0.43898066423816196,0.008703291277114838,0.006741282160504888,0.008987971289438618,0.0006139810118756908,0.007097816903359862,0.001492011828121926,0.00002738882090548617,9.291033111763254e-7,34.71597924257835,0.4216478788420276
0000691,5,4434.771016477422,0.779501598585591,9.326365222817286,0.7437451771829695,9649.554523901908,7.29187154209036,3.275882986408902,-3.1673862518581983,-0.039803569080306245,-0.5467226673316792,0.7005146243037564,0.9839434844396134,222.68005491332158,0.005978186851988024,0.34403249919763157,0.3190625826800342,0.28830386608842784,0.01793965502154265,0.005341465854790428,0.007794944504534065,0.001776710237974414,0.005674160927060749,0.004056745149371636,0.00002823419037005771,0.000010949296274480962,34.794939308719776,0.601174242415165
0000692,5,5025.029165465678,0.7087125648404328,8.353820093501646,0.9336140165411004,6070.940025902767,5.477498636808548,0.6549156742599664,-3.4775788241897447,0.6334947027255353,-1.2382572029192258,0.9289301995541156,1.0752539887921315,208.73803559840766,0.012215511221752566,0.412333123127913,0.30214331888806417,0.2411435303591784,0.014675058347465497,0.001880196009031683,0.007418377805036378,0.00004632203625519386,0.004931938580829776,0.003065524840925441,0.00014482307671838133,0.0000022757068296156474,35.690864841294584,0.3629178566028475
0000693,5,3885.8731440310266,0.7157229930713317,7.153609366581499,0.39142419992517263,4372.190620853153,4.876835804730984,0.14893909918082082,-2.0200092209406666,-0.4324970420408514,-0.03261262550888944,0.15047063648875536,1.0803149510657601,298.30707157405726,0.024300424769617787,0.3882614761967086,0.13100009816878214,0.3250287685166806,0.08066664588877787,0.015777066734721092,0.012790642581223933,0.0006850917933028538,0.015474078782831708,0.005825176772320391,0.00018291552113143322,0.000007614273901329329,34.297875904779424,0.13716735704709548
0000694,4,5607.89614662897,1.17132036604031,9.246404021246814,1.497435720413364,4779.235484020009,5.17491877688735,2.6923483636338794,-2.544877546808932,-0.8481801556440326,-0.050947412607319054,0.6598358857331251,0.9024188340661544,254.08165152528338,0.05683006392102001,0.09298314157591223,0.729608884732587,0.04966503955725566,0.027881583112742983,0.01263927522378016,0.015322856088652654,0.0021768001442025375,0.00550111659148857,0.0072917261948537496,0.00008548067423056899,0.000014032183273878382,31.870998445256607,0.6416042939256918
0000695,5,4995.896397586919,0.7663961840890543,8.207713030715462,0.8665732893076371,6338.717370861959,5.452823229928355,3.707619479229784,-2.293499842930599,0.1671444228295791,-0.8837344897468741,0.8416430061434212,0.9477774794434397,296.7791087598121,0.00035206627079235815,0.27670773494718215,0.3659040580472419,0.3365511090367327,0.001698633629004041,0.005017630382722462,0.005229510278197235,0.003208833584783025,0.0039987682122284455,0.0013178712511981558,0.000007619546411665008,0.0000061648135058994575,34.148365415882076,0.765159828285401
0000696,3,6142.859773691044,1.317905522350788,8.484105883110043,1.9006093732217295,5034.207983279603,5.182288923570762,2.9301828111073114,-2.6435216644002324,0.9208335842832249,-0.06688502337852853,0.8673325136224359,1.0443693451679201,258.4884926175107,0.024333096553784527,0.2126414363334891,0.29581800634816724,0.4404685049162022,0.011112561677062904,0.0022299158200217543,0.003254105045764023,0.0001824552201083404,0.006437924365145883,0.0034256980067417747,0.00009473626492637673,0.0000015594485857866382,32.4514538945018,0.4979597458543191
0000697,5,4764.860435525497,0.6206001222317965,11.176048049477147,0.7949010148752642,4417.207898050058,4.94654520362419,7.263711297955133,-3.227890308704277,-1.229744890869502,-1.3249543917185225,0.3086617267436995,1.0914259302747973,319.9504015645234,0.02380132575851377,0.14921356278173026,0.3335823020007559,0.43523189467818824,0.02647081480216675,0.007134381631417837,0.016228925728978976,0.0000023326490101104527,0.004986858287759657,0.0031531988114990813,0.00018540826391208335,0.00000899460606731874,31.434464622366253,0.2517308902242131
0000698,3,6905.416985305514,1.7015004058715473,11.876062792931176,3.080283684715817,9125.926394658594,6.972749605494669,2.3623559536623038,-2.6394249490364645,1.0603369997087548,-1.4130884714201586,0.7563949695479991,0.9479181246831418,281.483435901156,0.028311304381959307,0.4418099622848931,0.03769005272248132,0.44184581992925204,0.03552217801666905,0.0032541903452246563,0.006104020713390372,0.00004441691849934298,0.003350355422042131,0.0017223405006824965,0.0003369246270478275,0.000008434137858458907,34.67786368140157,0.5838649561561503
0000699,4,5530.825676492625,1.2920004348941736,1.5235725214837739,1.2256934515522269,8022.536292494933,6.301001696011056,0.8118415986829273,-3.1709143920177767,0.163274237031368,-0.8819519832943755,0.5183483639601455,0.9920147589335668,261.92528158090846,0.005999634166789833,0.15772231886091945,0.1821001982948255,0.49537276673436537,0.12237259847958443,0.004247222207834965,0.026367076566710335,0.0016400408112511161,0.0004531881332073204,0.003562489065069092,0.00014350186482097133,0.000018964814621824285,29.815541907385565,0.7164050086863567
0000502,3,6446.985810613796,1.9822378399348417,5.747054139267821,3.7785886298591835,3498.4376961236294,4.613720511396861,0.5055069370078137,-2.566394155453244,0.27763447146281206,-0.3571564335373718,0.09902297600005205,0.9069547927008874,195.12293224986857,0.00793966255535048,0.32533382013962975,0.36745637928595065,0.26745627559035723,0.01512941060601612,0.00810143734472801,0.001449642233220991,0.0029825716747267786,0.0007233835535769743,0.0033916034033187044,0.00003482772485197694,9.858882721754993e-7,34.599677378086454,0.5702962856638276
0000520,5,4070.522607843889,0.7521505104787918,2.39427742720748,0.5930297921273362,9828.043282187999,7.280028472465976,3.8930099873052177,-2.263092861840213,0.18547369711098005,-0.0763414423342681,0.6629316865629707,1.021853126428966,226.17245116213874,0.06504498411804512,0.2904381032208872,0.5051616946067408,0.012983275133547188,0.09034011128801994,0.009437447250969667,0.01072791238127343,0.0019006230483567881,0.010057564763871193,0.0038549327152258943,0.0000447228972377737,0.00000862857582499524,33.450537672403584,0.39708902939573654
0000700,4,5597.3468808921225,1.1796102888334792,7.834329025705222,1.9359625694967513,3274.523636206587,4.622037302581343,4.64336060275334,-2.4747628882041295,-0.9510400870405324,-0.7556263609556221,0.2183703067449979,0.9454875621805912,291.5892210057122,0.004018932269443036,0.7600400353268699,0.1590133925427619,0.005173359755992915,0.01587405711198458,0.017457473248489588,0.011642254611328612,0.0008917943012607664,0.02315619787204469,0.002555800218614426,0.00015586195452817905,0.000020840786681480653,41.67909953488014,0.6844054465556456
0000701,3,6560.03769168031,1.4079676844288624,8.161990109192175,2.476670265259658,4589.15203837162,4.961086972360462,3.7035475614426523,-2.903253899348044,-1.3187039569101136,-0.8373198146151101,0.17646612932642358,0.9154569691085002,314.9823428889454,0.006126985536843897,0.5072815450614895,0.37747398407540234,0.06521436160313043,0.026010121460496395,0.008300097425214105,0.0007422736281855342,0.002841401853668323,0.002102737192402243,0.0038960392207033675,0.000007725124879787697,0.0000027278175840663703,37.482579712279765,0.4569441510046255
0000702,5,5024.531123416884,0.9282659835720062,5.470709052834542,1.3244449165069838,6912.767113560242,5.7515121181200906,4.175779322428798,-2.0725766523875926,-0.09183635269006452,-0.7750073209176822,0.0074046818776937195,0.8827397869056569,184.8193790862347,0.011378356884790152,0.5156989295570124,0.15818531431312105,0.27213178024714735,0.018272774357864587,0.005504694439504774,0.010290826734220094,0.0008667358569502176,0.006062330724494324,0.0015350863611812613,0.00006940300082627823,0.0000037675228876749117,36.86791085701524,0.28236879738851084
0000703,4,5459.930188240552,0.8990020407867253,9.09920440047905,0.7944305258557313,4368.78963903015,4.907353564664171,0.22827908487802695,-2.0224655824963977,-1.2069366014795593,-0.37864434728619667,0.16552801099400016,0.7567642170364687,267.823482525259,0.05235272839026874,0.2259807894611265,0.5185514370207787,0.10373504560979636,0.05985623078675982,0.012948835566637939,0.01127459342762486,0.0015519703281454246,0.008841401898176946,0.004794740586908626,0.00010526463225886369,0.000006962291517410313,32.959560145044385,0.4770328295880153
0000704,5,4407.900667635318,0.7016035460282954,3.708198156519863,0.4740418334293996,6762.72316954133,5.800536933893756,4.258607663780844,-3.215442081363429,-0.7624803638151434,-0.31052194446872394,0.028597421508982035,1.0253602258080343,306.7075515548212,0.029397220356208478,0.4213055526147331,0.4384165168099373,0.05580894030268439,0.03817219642759218,0.004127697545132938,0.0013458044576965993,0.0026357668296857093,0.004562946187756698,0.003935579851761928,0.00029167211711474133,1.0649969586798846e-7,35.98934585638542,0.7041489767567887
0000705,4,5476.500544690418,0.8842787457726007,13.846541337733445,1.3137254445998607,3770.25202621701,4.793032785598541,1.4315291887805937,-2.693395483415122,-0.04443324773524071,-0.5679011829710581,0.7498515571710743,0.8293500920495225,209.62266423609282,0.07534913762316282,0.22901147461230642,0.4805335672730865,0.10974639816524154,0.07460461885958128,0.010584506746249332,0.014695068329467603,0.00005255227410142548,0.0012795908496447178,0.003418811608437801,0.0007240296481820962,2.44010538279058e-7,32.12481650015536,0.15262015876696347
0000706,4,5500.790277439214,1.2506136028427968,6.925312151339149,1.3459886619925607,4641.613215656097,5.0532510736307445,3.269080061476956,-2.7425548454374855,0.8726857278743023,-1.1092048449210585,0.5929472427418289,0.9927316615553247,331.162982275343,0.029674963768053907,0.19260950815392122,0.295279981918623,0.42078619875073847,0.04496088272962544,0.008439258347041638,0.0020856532709968316,0.0019078507272181397,0.00016127654199747836,0.0038800596143885096,0.00020617755357496613,0.000008188623820461586,31.573013250722806,0.6415504778626242
0000707,5,4967.891189531063,0.8028650796379684,1.4227239954600128,0.9531368967851299,4950.591708528563,5.206883592424904,3.604034369804279,-2.8321504358540572,-0.10668331606133918,-0.6425316553192753,0.6799624188631531,0.9667214108890878,253.8808283113049,0.024526254933071253,0.23506511086425527,0.50422955851245,0.20675887308177054,0.005572444561797156,0.010052635937197374,0.00043816975406168454,0.0015994516061189343,0.004322190715177191,0.00742018064804881,0.000010215164254562721,0.0000049142217971554285,33.73851152835944,0.22496280994995088
0000708,3,6093.339533805229,1.8949792724611423,4.609490691102365,2.6663797828077156,7699.390856074956,6.285610687404054,1.6345955640908096,-3.042387821086494,-0.8569785294583683,-1.120155240042869,0.2995851014795856,0.9284404493821604,244.118733924233,0.02016721075274478,0.26652339782237117,0.15073709611013877,0.5122034054116857,0.031696444705704895,0.004204104881464125,0.006804958696805965,0.0008280233731551689,0.002080834963859869,0.004602540455830566,0.0001505083604603355,0.0000014744657786876474,32.40489455796767,0.7566018814598677
0000709,3,7026.124942520189,1.5500373652839317,6.585485986770248,3.6785875283699774,9017.113283848754,6.954648952497325,0.5905482292673427,-2.6960495767269173,-0.47385163832561883,-1.2732543827941947,0.39050497615164315,0.8264700873032351,182.24681995341928,0.0075804786155505045,0.4706560893693271,0.130011481766915,0.34660782595193834,0.022750222821470014,0.003936170652485137,0.006740346490376294,0.0008510573905836201,0.008033165662499238,0.0027640669059841223,0.00006647848699356159,0.0000026158858771971094,36.05156127168677,0.32607819751371336
0000521,4,5530.772314361875,0.9553781830389063,1.9617995150567433,0.759495898459556,8315.430755353043,6.410800139334843,2.876781315761502,-2.5702903697193715,-0.22199223329262185,-0.15776923458671144,0.04518280176743583,0.8581106540761981,274.85236823832537,0.04975183780959877,0.31306687311843906,0.5179962578453787,0.011366849667618681,0.07739010434327938,0.00864989985548888,0.009853692956267254,0.0018812245728313888,0.007070059908743364,0.0026899248398386407,0.00027114410309721996,0.000012130979418698615,34.06372250445035,0.3900732155841671
0000710,4,5345.158435893337,0.9401376601673823,9.122363667963347,0.7435224613851866,7101.471747804455,6.007959708690156,2.5476712918580366,-3.4445222512193108,0.3681661144393895,-0.4405854345672138,0.8983575474162258,0.8658399230143476,251.76857711733024,0.0016991718409160006,0.45601541014510133,0.23827149873681033,0.23332558373535425,0.04648867242140703,0.004584482882218514,0.008407705800598091,0.00016679861958513988,0.009539002945145356,0.0011489016347153653,0.00034283910705591394,0.000009932131092801937,36.09230748642453,0.26400698305618264
0000711,4,5792.725737287991,1.0142820426858883,4.137855944832413,0.8912078679602976,7393.525085984764,6.090534014108199,3.0188684991425423,-2.130056857860174,0.2879631567128025,-0.23251660305186106,0.659672268713366,0.9317080056107313,287.582105545971,0.03332022746669625,0.17716848615951558,0.4066735269307835,0.2604978702188107,0.050908814128509276,0.0239202169295758,0.026690189308791155,0.0011192784011128708,0.015379930389199938,0.003865218443759269,0.0004483591950454153,0.000007882428200262046,32.44294756529731,0.6973040481072489
0000712,4,5450.472073104287,0.9965710084158649,12.343036227160542,1.5715924774159993,4816.893434655521,5.1190840182313915,2.965264934655726,-2.1558323652061144,0.4625381209033981,-0.4230023059644692,0.5409223328115343,0.8206629083490825,183.24033321615084,0.03777955467620247,0.13999343205088066,0.379478969343163,0.3913431221661906,0.03236134304902624,0.005919110630996063,0.000591555828130947,0.0008914047309072348,0.009512803475315919,0.0019849048029909793,0.00013732028546776083,0.000006478960728226804,31.433991312057014,0.16180031097046796
0000713,4,5323.738920112518,0.8921708863877936,14.974591257371133,0.6985294661187217,9824.423212993279,7.263410095031937,3.8449379873335543,-3.414837340730694,-1.3571355445721878,-0.9670168431232946,0.5190066784510876,0.9428152339163114,277.39264737848686,0.011388883533455485,0.3420140126096585,0.5032954320350991,0.09060561913718586,0.014538180607909245,0.013716728000866199,0.021884892670171963,0.00032881471287578594,0.00043252483990820564,0.001776206699583903,0.00000347963940942141,0.000015225513876326547,35.42477289666943,0.7642730801602045
0000714,4,5807.970246132816,1.1683587703763931,2.17993063367266,1.042893293794579,5278.784056276759,5.258092293025485,0.8137678594344099,-2.1145746018791307,-0.18190476617350204,-0.4836652252292859,0.829266927028982,0.8166779609081594,282.36200890328354,0.03237948644087764,0.4073857896016875,0.10981001050548987,0.39431339233390916,0.03532863065389257,0.002196892406031126,0.00692353579619914,0.000909062725702404,0.00723405303534034,0.0034989124821259727,0.00001898177265115273,0.0000012522460928818468,34.4969666727675,0.6856822416937577
0000715,3,6856.0625011460015,1.8424750884180023,14.752365511457661,3.48299229775722,8217.00650751846,6.510635599501221,1.810748278987722,-2.3500194575159767,-0.7067716757557742,-0.9085083199732991,0.5679438774211519,1.0082196762014433,311.8853393090403,0.07054147546316372,0.12413190392231203,0.5769270428544521,0.155046767591986,0.03230809368183396,0.010222077738694766,0.010748519369031513,0.00516032637671039,0.00795488652538363,0.006852819798557681,0.00010314625147841794,0.000002940426395522498,31.684801385473705,0.6276660219780672
0000716,3,6652.537898255481,1.5834478302194344,10.412269388127243,3.041072932729702,8325.243326508667,6.5106758802982565,6.13398013921597,-2.674535845390568,-0.4971648202022825,-0.8624878979411217,0.21563834393266756,0.9870048407672489,281.96237048724777,0.021718907004043917,0.47395532697179626,0.06602279364492965,0.4048330768649364,0.021934830042382003,0.0008940905712702867,0.00048614870323005784,0.00015913206847118492,0.009682039425141191,0.0003039449503880666,0.000007474808366628267,0.0000022349450443163155,35.741774424776196,0.4205310579779755
0000717,5,4320.162368111544,0.7635757322184111,1.301306434083382,0.41736363772166507,9761.978168435882,7.118179656863129,5.152089160902058,-2.4894082825801402,-0.6964284603496076,-1.0339173460813795,0.17018942387110547,1.0033349470876645,370.9609817646133,0.08020728433622988,0.39037297357403783,0.3201667682134193,0.17653222689639156,0.00048732503095203525,0.014446489150536167,0.003537295216535614,0.0011078304007455326,0.004111595965343544,0.009011100191054047,0.000003807106822239562,0.000015303917932291026,35.02934701725312,0.4152672287658099
0000718,3,7006.559214591108,1.851253710617572,10.510132904697011,2.9911612742355462,7268.4459332960005,6.035984511615678,4.207726682741248,-3.301479211594616,0.04604727192176705,-0.1520933360834129,0.201354644755128,0.9526548566058972,251.29891969912936,0.04979548039983536,0.14418537286125183,0.3416801423412552,0.39745467044708904,0.03826715100096284,0.011203743303861586,0.002415607863545788,0.003289608295064605,0.0060920983997808965,0.005296141983190972,0.0003133102220143469,0.000006672882147404909,31.132407989685174,0.5619749232921805
0000719,5,4380.6376881037595,0.7926592737493434,14.193072616292909,0.4864664881383394,9920.806280374574,7.256886500387295,0.7212721525047436,-2.4295293569507455,-0.11656054532450444,-1.0306114243921172,0.6164843743306572,0.786697433282731,225.57483325215435,0.030273916373644266,0.1612256898065269,0.09654531785243574,0.5962043246616401,0.07928929790997986,0.0048568452456467515,0.004897946518936581,0.0007100097761071415,0.022501370063026375,0.0032101547509176985,0.0002659106719714602,0.000019216369166979535,30.593618545271813,0.29648308366327614
0000522,5,4649.957615064816,0.8071715107914232,2.283617493510731,0.4718996863715072,5874.44082434709,5.327935301178263,5.143144313830848,-2.8150723954179555,-1.344503976698519,-0.1625674328443214,0.594798056868418,0.9631976616309074,368.5172316342375,0.07193423398690804,0.6425079737922123,0.1640075805605916,0.04417533389802139,0.0427920314422165,0.0017944872127642773,0.012250898923479905,0.0006585147428243304,0.013245646247097466,0.00627618661842549,0.00035266577233947395,0.000004446803119218486,38.16427218414467,0.6315094666176658
0000720,3,6604.27011138565,1.4979420490315065,4.0452888318429565,2.6589894837116006,7089.853163763682,5.931741870735121,1.6372060297296007,-2.150546297557139,0.9270548581442601,-0.6514665610873618,0.5549108530717894,0.8406777305988463,229.38115514950118,0.0034223334386529816,0.2366175828231179,0.5546700061328308,0.12778370220071367,0.04268938718546763,0.008233830649893836,0.015769544925209242,0.0013305123412916768,0.009173113917721208,0.00006433285867644694,0.0002243256190716773,0.000021327907352936957,33.95248306283081,0.13842878661552638
0000721,5,4310.244335185711,0.8375371356999746,14.249461374346067,0.8525034526907064,4226.163504426904,4.972171998453047,3.3630410303861664,-2.620089469760345,-0.09917329628260041,-1.1803283557106379,0.483602176052355,1.0115176372274524,283.4599691282841,0.034104268692601095,0.20328248286818112,0.6098778519372504,0.08014537829518555,0.05426019387909691,0.0022347460883675925,0.0015810276923274313,0.0016108336433497115,0.007210966983702387,0.005364679905430573,0.000316973673914417,0.0000105963405926191,32.97460207013315,0.762064392433533
0000722,5,4105.649633299163,0.8250388791234561,5.42378054013685,0.5454051662441807,4114.937657587106,4.816353581232615,3.5464611957491496,-2.6594824281877374,-0.686979866872531,-0.7291128835846441,0.5578658440498859,1.0784393735822801,345.2883378299031,0.03582807734759038,0.34619971439406944,0.2646379491549772,0.33011768497291993,0.010676303915833333,0.0006970633386120249,0.0022208977347372544,0.0019140634903038831,0.005072684480917227,0.0025760345796020474,0.0000580925092017637,0.0000014340812354462387,34.32422327312641,0.7098496183563957
0000723,5,4377.737637923732,0.6678215685449376,12.60589773506249,0.43925539347902465,5414.243472016459,5.311022462712108,0.6840688597950916,-2.725322318399347,-1.240968327470778,-0.4485730378541528,0.12265151386341333,0.8976814967220914,262.26681044249574,0.019100796131233198,0.5030903662738293,0.29741079116293,0.15479312537383738,0.004096259561174191,0.002814249440068488,0.009305987352185838,0.002230370886957997,0.0013825747304554142,0.005727160931729146,0.00003728934249979229,0.000011028813099148644,37.08317410331696,0.7427991331588717
0000724,3,7086.5133953426985,1.8458249173099042,14.32676762707132,3.5870480827464144,4621.477653154904,5.0867873180992875,2.9416900745255923,-2.600217654853612,0.0006211324064737678,-0.18579958280658748,0.3756826740915348,0.8928761634492232,224.13634659204058,0.03540621925381034,0.3248692549528149,0.17309500101256575,0.4456070919305689,0.0009444373478048457,0.0030768450075260153,0.007474773611556385,0.0002841568170693173,0.008170657433128685,0.0010650111259853429,0.0000012734699828746103,0.000005278037186682535,33.87272298324512,0.7555665449161879
0000725,4,5329.9509508462315,0.9015177437926458,7.624269887407608,1.0675295177836657,6339.674183096025,5.511459917638204,1.4536167458523495,-2.420602259554361,-0.21035122672871043,-1.2907252975315457,0.20595990468155223,0.8725485903910464,239.45243308527375,0.028938112067002704,0.40940172365611666,0.4084759170945077,0.13617277379994247,0.006779525012577943,0.002336498012241047,0.0019162240859593568,0.0006025737873283035,0.0027106320653714736,0.0026342442255992905,0.000030491067269275436,0.0000012851260835590405,35.938226415482006,0.6570488858976367
0000726,3,5964.984461350525,1.6016192559750313,9.162694618287345,2.5102140821329915,8527.188514784832,6.703971494042522,2.2520188651241604,-3.4840226430180667,-0.131983912877929,-1.1558231640854004,0.7564775643897517,0.8295192550883564,184.58658158340356,0.004510529812887023,0.3982669178524992,0.2768887287596462,0.27039476870081747,0.03325503276717892,0.0066847846820946135,0.00002728993071269517,0.0008723550500260543,0.005017011747237939,0.004018251773897315,0.00005317154944733886,0.000011157373555267978,35.305939484342474,0.3428769490121447
0000727,4,5826.8121875645165,1.2024900462063388,4.379164303244415,1.6181671989924802,6890.648113677251,5.810361437255138,1.2966343065959332,-3.3590424003545123,-0.42153893254755825,-0.8086670761584387,0.3746804674106441,0.9818309419248835,233.1826049086789,0.06495131397740536,0.2622035154333827,0.28748097471933076,0.3423731024959063,0.016532249302146966,0.01118619758245088,0.007423799753815407,0.00047109483519123624,0.0030138615358812873,0.004330209652851632,0.00002905842499962403,0.000004622286637956911,32.7560008076674,0.21255124084189841
0000728,3,6127.293552876545,1.6421094954815696,12.131644431950285,2.457788273583006,9699.105809266792,7.110278995684116,1.2124755655758102,-2.817180808883396,-0.9117964114004878,-1.461444562174272,0.648860925884925,0.7686408766517575,194.40825719737202,0.0032099006035066564,0.37650963119879893,0.26776257369302886,0.2534464275880773,0.06742820926627831,0.01653556213477172,0.002024962883335092,0.0009210770670415494,0.0045900587175842665,0.007184276975933757,0.00037809770903307074,0.000009222162610795566,34.63381549202344,0.5299622118995645
0000729,4,5826.788062555011,1.2031953345105504,10.151072731026849,1.9038473299653669,4172.838874154202,4.988189044368445,2.2790913767227825,-3.4678743101934986,-1.3581443634658903,-1.055367421459937,0.0020378800360209004,1.0398768999566792,255.49696128950976,0.04306035992472024,0.0887859509918187,0.36973788985037337,0.46546194563812404,0.011454531784312206,0.0008631428317949382,0.01219279869296023,0.00013844556083816763,0.006516287474560355,0.0017145918553888532,0.0000684464678593861,0.0000056089272496683664,30.572483693690778,0.551523888974281
0000523,4,5369.94360082235,1.051672868018115,10.286301405017197,1.4203649323142438,7677.470614801514,6.1630981792587,0.27338391293689435,-2.653243145089312,-1.282215554037689,-0.1561495237991739,0.8407323571033307,0.9043532949363108,196.85790703339185,0.07092657985303552,0.34549018970502715,0.22036844723592316,0.1563525653530436,0.16629171678425106,0.01361741092685587,0.0122810177837419,0.0009217980781255398,0.0037046080981908095,0.009639523606248835,0.0003720507098028988,0.000034091865753566144,31.983408536619823,0.6471098737321255
0000730,3,6972.210965211465,1.9928743668111775,3.4521451900492153,2.2569862879613427,10044.119679022855,7.338827354224776,0.7036419137470579,-2.612334380433015,-0.9146172827790086,-0.2957257362628385,0.7526337250936906,1.0384006770291565,332.6339517713882,0.03516944348964411,0.46679928719034924,0.29307960537077715,0.13401151637579786,0.03586566586181273,0.0065848812158445635,0.008987616245985024,0.002098879826360939,0.01250678919134918,0.004774007439376912,0.00010710110772701205,0.000015206684975289698,36.41375359649025,0.4219799190163198
0000731,4,5818.593459069232,1.1027652651890247,14.089413931733313,1.4374904690652217,3935.2282397936074,4.744248123161845,1.5913911156467897,-3.3290451085263157,0.23492681926289682,-0.9761508482230485,0.7062108341948937,0.8006397450145755,208.95223355508386,0.05055889781663114,0.1661133615073941,0.29317811257769205,0.4226181450281935,0.04194682418785952,0.010400017799268888,0.006922461819656215,0.0023864357924497748,0.002929196243829635,0.0026071779073945467,0.0003318817454843625,0.000007487574146372323,31.12284965023821,0.5019155150827886
0000732,4,5679.283392027246,1.2270648455889668,2.967506134005146,2.0827444999829874,7943.827163177242,6.250084188809216,0.9566011387558254,-2.654516862276491,-1.193295944896772,-0.9623776966822889,0.4014233274710649,1.0259536625862922,240.63360106888928,0.016994995226894547,0.219551400307727,0.6033901862485554,0.09878167975353803,0.032535911062114724,0.010459862812504323,0.000772716133898857,0.004805185689480924,0.01210557898002532,0.00048757162435319914,0.0001055341285630737,0.000009378032344466693,34.06548049023648,0.56738057816148
0000733,4,5355.305687476753,0.8777606820441866,5.334013638041775,0.8065176659848114,6957.327526178045,5.889068776386063,2.4219551588166484,-2.1838494330679312,-0.21770726771821125,-1.4083604076008165,0.5076712632359816,0.8895363031816858,346.24593628687404,0.030488526273984504,0.22972855059524885,0.4424593935568049,0.22151034314911447,0.056286754321298135,0.008369457710453944,0.002011334839791429,0.0015934102804000855,0.003804489012189495,0.0036988609695399544,0.00004777683938149395,0.0000011024517929218968,32.735438632108874,0.7001175713714284
0000734,5,4670.280937687119,0.6712958747280128,10.315813686808484,0.837996408974665,5643.098749010291,5.299229502975083,2.3261470237559143,-3.075440958684966,1.0431423753778217,-0.6528742872334345,0.4896790052711113,0.8794228253539581,181.94393929126065,0.003088007197315249,0.337730589307229,0.35426325785278034,0.23679455102861524,0.04770373323090809,0.004744150719767893,0.0020913630511754035,0.0021526556857769798,0.008864872006527332,0.002372419797255868,0.00018869625066250854,0.000005703871986225646,34.63842599715751,0.22059248827129369
0000735,4,5612.105974143353,1.2259180074704026,10.560624518338729,1.1314613344751345,7105.313865791149,5.879759785776704,2.97991451380446,-3.320198723957118,-0.8733059205414221,-1.404230602498509,0.5094345028580607,0.8923102874012834,271.55727466408536,0.017074666759633293,0.5221820554217829,0.013958584293877283,0.4049011840495956,0.01794741115517083,0.008037536783314848,0.010434167916865479,0.00004819492338399187,0.004862747730696406,0.00044837376092282856,0.00009986373877248296,0.0000052134659841930155,36.336685658558686,0.5195065767839084
0000736,3,6579.517645043838,1.9697642612506328,14.374426493864174,3.1477526897340757,3900.856954588706,4.8983019629074445,3.7123163900677785,-2.7732474697844687,-0.9097499682703916,-0.33552005360467674,0.27778614550324443,0.971846760383823,328.8055829745609,0.04232054407508265,0.2270979102761699,0.29827870061112893,0.40958705794662126,0.01595307434188801,0.000709688602258709,0.00046511468918064054,0.00004254068533513266,0.004025755434597219,0.0014198549891851063,0.0000978923056948578,0.0000018660428577852181,32.36281025364164,0.12955634897713514
0000737,3,6392.337217429875,1.881046541067473,12.896221240097233,3.2518449162621508,7541.010081223197,6.138073217771387,4.033460733760682,-2.186873027796414,-1.4278970032790352,-1.4370739479492274,0.3964876512220419,0.8687414154609375,354.7067580229007,0.03717658250307824,0.31006364435163575,0.08562054189748652,0.5019918389142708,0.04996260579549198,0.0017656865180938615,0.0014479910190857263,0.00015464651241873424,0.007751226708060052,0.0037874927814264114,0.00027700597386840864,7.370250834922411e-7,32.61413206100061,0.7202817935204523
0000738,3,6674.811349772412,1.9107210989158405,14.805092571225236,4.087055672792307,3707.1489277497835,4.778714788733641,3.4302596489388644,-3.1442378445910895,0.7216123405197385,-0.02845503873837618,0.9680484591468492,0.9620604690736361,212.70673142035608,0.026345627317711437,0.3850505218972527,0.39549162764112766,0.16222583871192073,0.010821442606339838,0.006155215545003015,0.002998881350848658,0.0026054118545784637,0.005426134299430414,0.0028328267769627997,0.00004031474868533414,0.000006157250138933587,35.67137757796641,0.7101232028520172
0000739,4,5883.291051320099,1.1643252378493454,9.19873737078195,1.7848696467447476,3810.684211259305,4.750606759748462,0.6012258817820216,-3.259452184319498,-0.9921131469046178,-0.39744569285724785,0.2716477170256971,0.9550525913522888,218.75655291565334,0.012637397969346587,0.3183113700467872,0.4342193273683032,0.21563185577102384,0.002990296924428517,0.0024574691733179822,0.00936349573186544,0.0019328427932312133,0.0007954862519512538,0.0016332645947760656,0.000018600576394350104,0.000008592798574201204,34.7625496147,0.41073222419989575
0000524,4,5736.705106241714,1.1764341134787861,12.876873908750952,2.040281993047645,7416.763380474666,6.0204094458793715,2.6509050733775816,-2.819341472541712,-1.1838759891885569,-0.43628837125911457,0.7364065225450757,1.0688646657028835,261.778020082727,0.04503347739121344,0.2827147496657746,0.2509767965834807,0.3864109413254358,0.017843959415987952,0.004698775077156396,0.0041814370424758315,0.00016991181387194666,0.004399702160814557,0.003521853100077722,0.00004006770587998862,0.00000832871783113746,33.071073392405665,0.3244525846739299
0000740,4,5729.368238923541,1.09705911132912,8.507578896492882,1.8779917683905452,5948.542104296092,5.480224287441172,2.9721452051008965,-2.472072292582648,-1.2286074093122892,-0.30165239494890606,0.5824566994072993,0.9905339787818925,279.3926282191986,0.06740342188972027,0.11933372881455141,0.16628166408939074,0.562155373350183,0.06610489875941805,0.0025526423940838137,0.00710270996121624,0.001177526375053948,0.00702602649994571,0.0007999223525225003,0.000047773863389764215,0.00001431165052435391,29.429227783947137,0.687781289789813
0000741,4,5688.511326500401,1.1190146394402267,4.8871374309156534,1.2714565968980815,9397.371710098525,7.191894689783904,0.12271431304794356,-2.179708754189977,0.5976909961182559,-0.280936082109041,0.9771116553839293,0.9057134261033835,227.2222958287945,0.11375890106894104,0.042971439481915,0.08857319017134982,0.6323669952334503,0.08369031403088961,0.010920698507350671,0.011019820930083319,0.000054009870898675676,0.012909453045341765,0.0031354093958748538,0.0005959323915312909,0.000003835872373742094,27.52189541685799,0.3388482323152696
0000742,4,5501.612776050277,0.9096027718032236,3.364548022103201,0.9151522642258636,5919.986704591617,5.369687781221263,3.3465228030977863,-2.439803260784143,0.32557396099676006,-0.9753480163808581,0.2942923101252055,0.9116877446637263,281.3514916228272,0.019608536225186757,0.3940789480083102,0.21271670933843784,0.3479102743194829,0.0013907092687656687,0.011914543942481733,0.003803912083494909,0.0011801141761995783,0.0037954452729245442,0.003592810940974448,1.604253635537214e-7,0.000007835998377961282,35.26414078031682,0.10258123781221395
0000743,5,4883.169538223492,0.8341278528766948,14.172504282311865,0.9840849222927508,9758.718351517255,7.312716316029538,3.626690166031626,-2.585497926847676,-1.3184590690014972,-1.4788017563410232,0.7071447340363439,1.0607911001738488,315.4114004669236,0.03579799911691554,0.41406583399195124,0.2652417885650105,0.21879139853435356,0.03781808876613893,0.007901729495934822,0.009291745538792596,0.002645291176363122,0.004795787126874219,0.0033141319982841165,0.00032801553329624004,0.00000819015608499778,35.199563672151925,0.3734729648748094
0000744,5,4186.776808954132,0.6651584566347707,1.856299061773505,0.3407998894045364,8184.159724347184,6.513098249701056,5.89613085404231,-2.889904499087166,0.26335527716573237,-0.6475122346113104,0.005981451320880904,0.8987715445105088,238.34936556236127,0.03445948568529642,0.15478059965920563,0.4786260144249928,0.27067880939526956,0.03821395149450222,0.007287246888782105,0.0010741480344721502,0.00021400912449115586,0.014200630956934485,0.00041544109563984496,0.00004198188225007814,0.000007681358163532285,32.2234001873089,0.5150000914672664
0000745,3,6227.006151040012,1.2623847252242026,13.781513455775812,2.232133406996641,3831.3175637737686,4.831104761472052,0.5478786486309837,-2.9104707555879568,-0.10402960606403022,-1.0232298164601343,0.984061892527427,0.9687739986860928,237.90216634014138,0.055682936675075664,0.35197488844893227,0.041577807084938204,0.4459211429097853,0.07088995754273011,0.013113114198295448,0.00891538887348894,0.00018501072500305135,0.0042042652531941276,0.007163337705366294,0.0003721052877558214,4.529543464695675e-8,32.690757701268076,0.2121019689242339
0000746,3,7023.747532841049,1.9018538913843621,8.045889856522416,2.714845271118844,9866.95085337437,7.215114345976867,0.1506275630656171,-2.3583517302664045,0.37018914372805134,-0.12958914161936708,0.8211361271020335,0.9947100618922157,274.0962772117889,0.01770558610172725,0.2577080104946428,0.39942717233473857,0.26205434933765537,0.03812198543044286,0.0062441719057214256,0.005848116703287564,0.0004896036301025614,0.00846832734177071,0.003903737291828011,0.000020251834024335597,0.000008687594058549353,33.466625456896814,0.5504079845084369
0000747,5,4193.494190377539,0.7081319201664967,11.894578795570562,0.6630425769009753,7832.620546647636,6.351526738700981,0.9121641089985358,-3.0387085372316047,-0.01235536219632527,-0.18413246341022993,0.46466904311481927,0.9265252767735496,190.57919479383293,0.04902977790243264,0.3288685955165022,0.3089584408133003,0.2869029431728835,0.0022115816242278385,0.001809112190703968,0.0000046310926394291515,0.002522428611852193,0.0131811420249702,0.006493790374844097,0.0000075305618186287125,0.000010026113824936234,34.47233661849156,0.3621619851734569
0000748,4,5312.496784246954,0.9938454270684823,11.218389208473267,1.30272050626558,4192.098438783937,4.836262244588749,3.384085945424504,-2.5828891234203417,-0.9642080275498158,-0.5691349434478667,0.3671608140526226,0.8944434188521371,278.97788065795106,0.0417361954151629,0.23825348536091043,0.007597922037241318,0.6442057643570025,0.05267221894966894,0.0028170268980044,0.0051059857051613255,0.00003713966445779567,0.002310712976626416,0.004867259143321069,0.00038676930020175215,0.000009520192241197,30.88310477168878,0.5185004308847687
0000749,3,6305.48566946744,1.399536787132386,13.01428096609296,2.615650392598897,7639.147388692117,6.231497859738342,2.7715657436024803,-3.421089775802855,0.09016814541424534,-0.3598628333301146,0.7483139719103012,0.8716062731357391,193.94547122607858,0.05094017601017536,0.4933669770970444,0.24281361279747493,0.17706475943359118,0.013999538875173221,0.010387191112970578,0.001141220919163864,0.0007445417751279078,0.0075397781600931,0.001942991392584284,0.00005660169889235848,0.000002610727708705036,36.62819778668883,0.7503590149839695
0000525,4,5321.751594263834,0.886478869643925,4.514791105171354,0.6556672965260202,9392.300558008275,7.135223114398219,1.224115674793009,-2.3825294785210707,-0.4531189360672605,-0.6021150200244967,0.38030268373166054,0.9674600234773297,326.18853412420475,0.02248490857877512,0.4202506099911111,0.1177397264473193,0.4208740205302744,0.0064368191339433485,0.0013686576312534565,0.006800669593048733,0.00023041286267769506,0.002968634771082393,0.0008232508398216496,0.000017705052790556744,0.000004584567902110884,35.02799718870619,0.279905839719416
0000750,3,6818.503378357918,1.6970098691910556,11.781490166061925,1.882653986512884,7303.517806818641,6.048277678718926,2.705855859118971,-2.202206828003847,-1.2018995513286381,-1.0950133919270615,0.3886816763669675,0.859314624597152,415.3475121793309,0.044878760285667285,0.03732390016953135,0.6616304908067189,0.22733288843333363,0.012503179843594413,0.002086362861236939,0.003906928557593077,0.0037635878636594097,0.0019935187014200996,0.004525496024493372,0.000046602648933780625,0.000008283803818121602,30.780003317011246,0.688622635090588
0000751,5,4011.4748852498037,0.6184357842247018,7.447478526513404,0.4518176091297716,6150.475481061519,5.486781728382332,3.839067262958884,-3.1493298549217057,-1.2575714580369166,-0.7625065267079147,0.8799103648783546,1.022002027037934,276.2066292917122,0.011969797944260334,0.39622423989954636,0.07749045588553864,0.4471175728948622,0.0362708664770541,0.011478594889622032,0.009144834013534605,0.0006618927779661106,0.005391991532998748,0.004003937042011035,0.00023838735084046582,0.000007429291765359902,34.454022495668276,0.42016500914017163
0000752,3,6209.461777383575,1.1489133234147948,3.792762668075018,1.03330639477099,5556.995037841953,5.272995902499785,2.4359818528099066,-3.305250128522802,-0.3072467878711269,-0.008331592670188126,0.23046159691877943,0.960858325767186,313.84207571765944,0.00431556834388911,0.2749516504588547,0.39322510384960446,0.31064785022765945,0.007820207784557361,0.0005756984894952183,0.001068041864627087,0.000677903638573699,0.0038432063820605703,0.0028270619127421692,0.00004130747101738034,0.000006399576918816312,33.972440854389085,0.25790088208242967
0000753,4,5701.411807306748,1.2813194915281032,4.1180297204408145,1.6550463013165844,7841.226572543732,6.359517141940697,1.8627942871589451,-3.0174321576919763,-0.05021359896960842,-0.44130360665501556,0.29774085175703424,0.8183344984964958,201.01213682015438,0.04245042471274548,0.40760074495166204,0.3979742888187562,0.12720748874613355,0.014842025879943613,0.00011069667576377365,0.0024809632546215106,0.0004293373321693133,0.005986097030284711,0.0008314804785891228,0.00008341117360364743,0.000003040945727007396,35.734864443071714,0.6280794216901247
0000754,3,6714.77066229754,1.6403594006458004,4.451539573737538,2.8274580564399203,4865.628714008847,5.161808082272518,4.080584002164358,-2.9756977988762063,0.9433473381726234,-0.45408729719053653,0.5078365205915375,1.049490342317428,271.3748078097454,0.03257774748015885,0.4700926897641859,0.3560292602781338,0.08744421226163893,0.030237772536211554,0.005553340391442445,0.006965683863692614,0.0018991419735583052,0.006754541938194863,0.002315608577127077,0.0001249139887901903,0.000005086946865330017,36.60958909773522,0.418166971907999
0000755,3,6814.189967668077,1.4879774706770925,13.43306017425799,3.1869157954360103,9862.176861546906,7.256767603025756,0.4580142076400848,-3.173645374772136,0.5988566659728072,-1.1757602562706235,0.723512473631918,1.0565978122770743,222.55037745579455,0.023420954924584212,0.32360150997352016,0.25864608636688663,0.37444485206835104,0.008299976453793071,0.0026249661739587717,0.0005966446327951089,0.0020814597495104007,0.0034746153668486182,0.002751323288398383,0.00005063347750302893,0.000006977523850606081,34.066046201659105,0.58082477684105
0000756,5,4927.239732997414,0.6480009022923231,8.092568108799075,0.6103145888404332,6785.383368189278,5.683778368263804,4.097357710541432,-2.9283765010624,0.26043668919078167,-1.2858707317704832,0.05745598203475932,0.940411798266079,225.32622464862504,0.013049661662352007,0.49433017093377557,0.36549577097958535,0.10364185151417704,0.009145421346202779,0.004587191304756537,0.005574898520765879,0.0023493422113536437,0.0012515736023526586,0.0005309283178558498,0.00003283571761328132,0.00001035388920935923,37.29756028372465,0.5777582039587091
0000757,3,6647.158344983704,1.9391858854697335,2.267589724979223,3.243046018508572,3732.5828047870086,4.746857959285593,4.9359386816989215,-2.0843772912491034,0.21001074811422882,-1.2603933753324403,0.6961786045172713,0.9277266713223896,372.78192278333165,0.0032079481213621148,0.39771817043824376,0.43626591621524086,0.11183856995723146,0.02577865999768689,0.004131699674989861,0.007586406131024708,0.0028574804673926714,0.007772473652627154,0.002636664705671652,0.00019924021231425678,0.000006770426214337515,36.14810087158692,0.4969250349975527
0000758,3,7011.168671069185,1.4599723779325766,6.1287226712417135,2.9276644452641687,5465.081193590663,5.173304769826952,4.078532287692279,-2.925393829953289,0.5871034241332636,-0.6218772755489935,0.22492875254876088,1.0520657411815992,251.5031055301617,0.01003115035356474,0.04452213731644312,0.4825610916066135,0.40480931018792726,0.025272637218850282,0.006679689835081205,0.010613392711470717,0.0002837134409005215,0.011173522088162465,0.003973172382293511,0.0000791201488693214,0.0000010627098232722387,30.717660538965756,0.721378583005122
0000759,3,6377.88607756897,1.4941232257011456,9.851879198537985,2.4292741076515245,4741.98375125577,5.027795586343699,2.909618280068848,-2.0530671597973056,-1.490149434655408,-1.3387416162767156,0.978411214636893,0.9082973619556964,393.28972070477056,0.035224416882892955,0.37001235699271867,0.2755116406307919,0.2793897846923896,0.02457464937721111,0.002809546081173737,0.005272994283175908,0.00010208572648289234,0.006319409494214465,0.0006769096774499319,0.00010174004366188121,0.0000044661178368704435,34.65159855851115,0.31500478003508847
0000526,5,5051.23428930346,0.7283759200272605,14.509834918242893,0.5661138150663976,6733.32504284856,5.776370830550824,1.017190768856313,-2.3841102031759243,-0.9557342550553493,-0.6549926833267063,0.06821783424296224,0.9108907428733849,317.5566952342938,0.015573024253870433,0.3197676539403672,0.4231299778658444,0.20280381437336198,0.018879111901176953,0.006235937744882299,0.0016299553910184249,0.0035425908715598503,0.004928846273886143,0.0033366951365194873,0.00016944834164324591,0.00000294390586962078,34.74493103895095,0.29307846804796567
0000760,5,4817.624288110434,0.7457715612079723,7.568942388230335,0.5196838529408856,4330.834177029709,5.007820217092025,2.8197067065650914,-3.4035443944116714,-1.0903130943031303,-0.37446295999167223,0.04885129234230301,0.9574942730985637,304.73143392808487,0.040827491071602294,0.11891667816481981,0.15160129952728468,0.6336128928483034,0.014892367697099474,0.01622774411595751,0.010726262954652415,0.0008109234174899317,0.0037357618426751386,0.008617653273663588,0.000021995612353713623,0.000008929474097934881,30.249484625736645,0.1788059652058046
0000761,4,5414.321950886258,1.0069957295888319,1.5592751064779318,0.7774816968263278,9036.469513582697,6.775861844290583,0.7666891212544743,-2.2555583689042584,-0.8471740838793684,-0.7462117014001866,0.12881948482333716,1.023415764288704,357.46459315345794,0.0014934454157017692,0.3033521995757032,0.092143470813703,0.502728221999034,0.060341580948582337,0.016069162995347084,0.008308358774303408,0.0004498580318830934,0.011343812665907923,0.0036771332755596415,0.00008159930154277669,0.000011156202731793165,33.1307507900737,0.4450152404098322
0000762,3,6414.565581075354,1.4167734836396637,11.418975701584829,2.215538620867059,8414.97907792803,6.492464621455373,2.8673761856930042,-2.9090028131228736,-0.962335528754894,-1.1697473586283005,0.020727462563109977,0.9280850200575814,270.4883961306811,0.14274435575815797,0.0268323897824967,0.4342968947635672,0.1731759634681178,0.14784342163145525,0.012808636195128256,0.02369053353578943,0.000008250048448332396,0.029148705252617698,0.008246817567975078,0.0011912202820524508,0.000012811714193571999,28.142593846772456,0.26477239602090186
0000763,5,4669.844711995624,0.8442475130192345,4.17659433292989,0.7115595312516528,4256.548642981828,4.857768298256607,2.217887715529189,-2.8411049554246355,-1.2552338497023223,-0.4778881955983074,0.3945373939599234,1.0618089295408817,342.42311502314607,0.061036544814339545,0.16243289474710287,0.11739255827186013,0.5119598402273517,0.09736783440893064,0.013681625976407942,0.012682328840435074,0.000446885429879439,0.019983158220196983,0.0021085143158018627,0.0008897380568042972,0.00001807669088961528,30.229439717700632,0.7619239134299739
0000764,3,6635.069369192463,1.507205324812564,4.146969061681025,3.114507163307892,6161.699872173841,5.400491794806375,1.286415146222327,-2.1482988959073954,-0.3074807788068765,-0.7563337323783279,0.24497412038052147,0.9176825951279748,239.51761720155488,0.021435801648542092,0.32223644380440475,0.26227843650360166,0.32288572543217414,0.0443622115903826,0.0032586420861329185,0.008951022599818868,0.001491706440572198,0.00912817195476167,0.0035535204292158466,0.00041156227168811675,0.000006755238705123858,33.840159559793676,0.2636603038307808
0000765,5,4888.526056534466,0.7448682513797461,14.689767117819974,0.9056215869102981,8920.925906351673,6.710425894230937,0.21622897209859804,-2.1229318842218396,0.32485450093441903,-0.8798141323452194,0.9942427014458315,0.9087018277953549,202.9753565512388,0.02956994218757209,0.017638903006695465,0.3438859109303435,0.5801144458791935,0.013114520971756456,0.0018747246194177126,0.00555526286587992,0.0024487497876644875,0.003252327622326388,0.0024793956719178847,0.00006186292530307671,0.000003953531929345964,29.382565620573793,0.531358114208657
0000766,4,5413.035353477051,1.098467078986441,3.701418299256007,1.7507863222344042,4719.930893527728,5.006656919563287,4.80826595384057,-3.134802851857698,-0.2591751978266523,-0.9595048595545387,0.04341290514648721,1.0534448999663566,239.46538938450504,0.007450844142167284,0.36934355442910927,0.47767904124350286,0.12660755304843985,0.010018918139459293,0.0018055328215503528,0.002177606943860837,0.0015021017669783285,0.0023191721552728224,0.0010430563272587224,0.000052222891632544045,3.9609076782283583e-7,35.762035483299705,0.7590226377843573
0000767,5,4621.215832346115,0.7712641123644091,2.5824422467807526,0.749327384779676,6718.669517013875,5.690156858402356,4.146970097737323,-2.288217505755216,-0.5789022346562687,-0.21131702420617615,0.8248444374707645,0.9623563151663503,240.87519303720248,0.035534996013382385,0.3633457073431927,0.40240621303286356,0.16217068434615775,0.015988827402845105,0.006650499237037656,0.0010707776217331482,0.000174454753205206,0.008545655743485644,0.003993782431462637,0.0001165577128687921,0.0000018443617654450336,35.25700077748636,0.3577279772213624
0000768,3,6641.885397824849,1.741522842724645,10.235242895211746,2.458601624099259,5175.941060962028,5.197509393939292,4.311976643164494,-2.700237212891032,0.14145992804596963,-1.1089848009458716,0.5588091189658249,1.0395167737710125,374.36369114217104,0.021125600418958182,0.36721547263085125,0.2780366399256051,0.28349601662191254,0.03514374053218436,0.004909408145497071,0.0018829176269403547,0.0010760875814854133,0.005612194046640984,0.0012137440135663784,0.000284508992883704,0.0000036694634748623304,34.652968049662086,0.5486447334265444
0000769,3,7002.827517463196,1.9579841496884587,7.0128293115511715,4.590654857136885,9369.632398294802,6.945100603710855,1.5216100205902061,-3.439146098807689,-1.1721616930290155,-0.11553839930267817,0.979122344853219,0.9099584371888332,194.85209716766883,0.08292109485416403,0.36075092293152944,0.21210340819926132,0.2980069197227627,0.011035004025156926,0.01430412465945941,0.010336768849101586,0.0019632603107863585,0.004967260660167735,0.0035820223765331053,0.00001918342116283454,0.000010029989914744643,34.07667390798208,0.45645634660031864
0000527,4,5349.259470520653,0.9873776011536002,6.875818190283521,0.7927311309530971,7442.915168184929,6.02719820467688,2.8444040750484536,-2.257223306878041,-0.4211392767146076,-0.36399814867359437,0.12216486779450053,1.0569752963614516,352.2068363237692,0.0920135082618401,0.2433033094813277,0.5231187027351535,0.05219927946082864,0.04948772830350183,0.003243736358137743,0.016012335477307897,0.0016620362144489703,0.013818970664927805,0.004934707373650041,0.00020492638798533743,7.592808901496213e-7,33.007321342835766,0.7888846412089092
0000770,4,5690.039094851959,1.0546727568238816,8.842022736531113,0.899474706000334,6924.227861267142,5.814245083284622,1.6156175643707593,-3.023613990663892,-1.4310033323713383,-0.6293750861726357,0.37604564872861024,0.911474359077296,296.09656973082286,0.02925061793617443,0.4282018585700854,0.1357928211955711,0.33096776456405225,0.05317037688396244,0.010422938171659115,0.005617459220634495,0.0011942919936275326,0.00023204629541188508,0.005023642959190565,0.0001255196556550534,6.625539756529931e-7,34.619349641346304,0.26801031601224545
0000771,3,5939.1855104505385,1.902283070856508,8.335769587080861,1.6649100748732824,7877.935228973936,6.17942153383015,1.4444426489574371,-2.3098908779177405,0.9760388413479983,-0.9954282048015102,0.3853044303326292,0.9032217230599143,307.5955374701026,0.046727519164173954,0.013195724649392112,0.25312609500076677,0.574397570040148,0.06271711609862075,0.019613019981921612,0.013908706560643691,0.0024171493278724206,0.0031687165357876823,0.010422664709174715,0.00028539032602067417,0.000020327605477548155,28.377669684306667,0.5449049439867465
0000772,5,4126.015061534123,0.8409477990436061,8.792458114616439,0.3508824646589317,4743.4165148719385,5.036660169304343,1.8663246194206287,-2.7851790626956183,0.5131182028024592,-0.39145766235579904,0.4825459936373834,0.9284673321081613,294.54155378460484,0.038139362497748394,0.026531717127057798,0.25110755769379217,0.5931180277182121,0.05933696919117347,0.00799427464383364,0.010014776095633355,0.0015771717853168587,0.011714955949421933,0.00019716788814532445,0.00025642379616889555,0.00001159561349609849,28.926887274039622,0.10713402302922456
0000773,3,6393.608794018846,1.6197659699302616,4.067904331038884,2.4327664048696267,8733.072698172635,6.715344064977007,8.753436656578486,-2.1363653427049836,0.39977570213637414,-0.15566250843376084,0.6199365655183355,0.8942474769179141,226.0405690577131,0.009163843628951136,0.43722667499790613,0.09816492557083381,0.3684901086652936,0.025375635720804337,0.019499380141665707,0.016958028128609977,0.0003191626009224646,0.01773434207315427,0.006903098408475878,0.00015609752204105302,0.000008702541341513932,35.885288682142914,0.13321220410734352
0000774,5,4638.233629941505,0.6396578674898223,2.0627080596837346,0.6079920976708018,7512.380337491307,6.004532909123479,3.3985377118624007,-2.411144639083785,0.4586214645911395,-0.5279014775648623,0.671843143504303,0.9484485798349878,247.25698556434878,0.0836538197992108,0.490131920929553,0.06280225456759328,0.2908907513306505,0.023010160158587777,0.015224496719648909,0.01689236642366505,0.0005151036881285703,0.011567125857684928,0.005165525550986035,0.00013226921065847703,0.000014205763632603303,35.60697824787601,0.47704177246743973
0000775,4,5524.224003226918,1.004126274067637,11.001795418232911,0.7065621176864499,7628.9148607971465,6.205584804714189,5.1090763132611485,-2.0497564659392564,-1.2550904708168757,-0.6889283662730086,0.9365721480258422,1.049533715032514,449.5655420618993,0.07634926913840097,0.17611255663917405,0.3029833403315568,0.35768698118185765,0.056020334378798387,0.01623509000555331,0.004462383769871572,0.0023332757987931056,0.0011511136176776953,0.006310518767646979,0.0003409898093954364,0.000014146561273799759,30.883297832779135,0.37292667589934614
0000776,5,4883.842601501038,0.7119651859635616,7.110576608110931,0.4416698982259107,9892.449366188373,7.391863988308324,1.2240590856011493,-2.453101311796729,0.2631874491393862,-0.9631528145160714,0.7766242711760739,0.9572102859813524,321.42226320005955,0.03314260611160461,0.3877565390937716,0.24800219851061073,0.29466108665953766,0.020444786119621708,0.005774433394623114,0.005710740552089365,0.0015171508930239776,0.0020049033388003703,0.0008160979421379145,0.00016898495626791306,4.7242791105924185e-7,34.81464214242451,0.15831485983390609
0000777,4,5852.013739558313,0.9576616658441804,1.8209005133071796,1.6069235710428385,5260.6149551405615,5.146954784378304,1.301127701505676,-2.6648809439150054,-1.4709093143668495,-0.47120716261823636,0.0006450098870659504,0.86100251267673,246.81371047248837,0.010999721594116652,0.15066049253637062,0.5938674300266804,0.13500423976859824,0.06656970629094104,0.0019160389701483756,0.014248192356632714,0.005517200799465485,0.013870892417700837,0.0071279436647772865,0.00020805711917007026,0.000010084455398150685,32.4461722032741,0.2847545759522555
0000778,5,4700.135568989466,0.6942222457327745,3.3411548450038735,0.444368590813604,6113.627038080097,5.475072278747504,6.353424643438387,-2.1919996100692627,-0.25050046740738163,-0.8615646535110842,0.09518777024808889,1.018195938906206,326.96594053493175,0.019296476044175684,0.3373531912647356,0.4635812715469795,0.09463348540345719,0.04909155489547807,0.008868367737954973,0.00833823987738792,0.002212277064931235,0.010930078830302689,0.005222199278690556,0.00047064283265050514,0.0000022152232560863347,34.99969923956447,0.3069250723731299
0000779,4,5310.347067322111,1.0472602656576735,8.497649691598857,1.432201529048644,7566.209361395961,6.147685945272017,2.3600814307921794,-3.2004903363688335,-0.6927539273043337,-0.5535567978622198,0.4063371014789541,1.0658930609841428,246.34020451276012,0.05746780866079508,0.2867464974788973,0.09226860228276064,0.43505241572858466,0.09408571826165478,0.017274870160523353,0.008158460709338728,0.0005694292128244892,0.002763780747342102,0.005179217808226583,0.0004223657471663051,0.000010833201886017565,31.598203132191944,0.3689621164614407
0000528,3,6255.696023634248,1.7674522763677043,9.497502408283845,2.8689178612355097,4068.182223827367,4.831511796048684,1.220696319107444,-2.2678753376574328,-0.27243646588470494,-0.08135739902156036,0.6961503000142871,0.9019064353732639,223.6945152282931,0.002322042178516268,0.1354984839445134,0.3779023014343289,0.4249571214679713,0.029774188165520087,0.00031585672285855084,0.014215311764703198,0.0016843159431917181,0.006004610764743454,0.0072103607334087685,0.00010063610277157847,0.000014770777472967407,31.483521550245456,0.5575200389443107
0000780,5,4383.66238896114,0.603031015703549,3.9281569427191156,0.5806594766637827,4493.675353573983,4.9055064230609045,2.664649878706084,-2.398740091121947,0.6493630311062808,-0.23709301314304354,0.7609680236593507,0.958893178861899,215.45148386812753,0.006594150451514907,0.3080254933901385,0.21339379632328498,0.43117304802775397,0.02317245555093344,0.0064189302945812324,0.0024641342220384495,0.001242282771120564,0.0036976232822246006,0.0036604534838756337,0.00015291233901718566,0.000004719863516507949,33.66859606079261,0.2772482275178372
0000781,3,6133.285724864097,1.3028134966624494,4.759584335956822,2.1695984188620656,3614.1099796808617,4.6777528898003755,2.484542344396591,-3.19826302138235,-0.7786346345186864,-0.3830558914250317,0.09390763155921933,0.835280384604329,230.06606071556146,0.014567511806996931,0.36172879119621576,0.2744982501898352,0.3207517797997722,0.01550805849585593,0.0041451133447543325,0.004674067077337851,0.0012114459075114362,0.0007890593993916484,0.002022842346039933,0.00009646598574526388,0.000006614450543590726,34.65944620324799,0.684933539936412
0000782,4,5834.069240206969,1.1015178612441836,5.506788725404182,0.9497586661679427,6761.469957440057,5.791901067708315,4.331001912786166,-3.329885355312421,0.17168564426663968,-1.2124786971937507,0.8161565609544336,0.952501009016171,324.588463531734,0.02497389634415729,0.18600142616906876,0.3444581588241821,0.3911799915199763,0.043145357475827775,0.0015950201680025684,0.0025736042910735613,0.0011883218645194482,0.0017152603374069352,0.003119387920287103,0.00004253075504740345,0.000007044330450517391,31.67247920538204,0.34882687713579896
0000783,5,4764.271878656679,0.7710850378319589,12.06186189402573,0.6221999487401428,8457.451092000023,6.4812699343562175,0.5357158306062244,-3.2852935668577903,-1.2556110743365705,-0.2637394683531815,0.8598954782584813,0.8189418314850008,198.02171667863823,0.01364821525293304,0.46082241650888994,0.08747370402750901,0.41085601172820185,0.007847397483194164,0.0037479667371562854,0.0017041907130681893,0.00011794302006194716,0.009404148663749341,0.004368803614234636,0.0000032505919013956283,0.000005951659100351613,35.85666671083202,0.18723303391885943
0000784,3,7133.617600643833,1.889020448304386,12.85369474832049,3.8711660130884527,5119.416019025843,5.155419395292853,4.144004659057423,-2.8030041790741245,-0.10986349591674549,-0.06706305682460334,0.18089760129183818,0.8793679872949299,217.9994524231472,0.06340926729355263,0.2613132448744238,0.3653121562881514,0.22791288877252966,0.05589725514390575,0.008132515504217976,0.006133051881466819,0.0004239526541443084,0.010948525856225742,0.00005757071911371688,0.00044673589228973523,0.000012835119978219884,32.87949816131313,0.782780360399136
0000785,5,5296.931752443147,0.7457493092033268,8.759447922908889,1.13758319163965,5009.572520225272,5.203560463398463,2.83562371909857,-2.5450620376680186,0.9683816949611321,-1.385607971320302,0.6534097216000664,0.9661213752692233,287.53623928985337,0.005224310043127824,0.21886189652362928,0.38342743080085967,0.3474556504799493,0.02880868401944151,0.0005975677225065824,0.008097874598511034,0.0012647175898230039,0.0024072708801986804,0.0036480105283198815,0.00020094505454619653,0.000005641759087353131,32.72709284350269,0.22181512028839775
0000786,3,6908.526081431254,1.5418959516335082,9.824412260932164,2.307917352067565,4609.249002429477,4.980899223407888,2.751967556102,-3.185472526784638,0.9595275295169601,-0.49549528295813206,0.05721619210469875,1.0089736274295393,243.4327995075001,0.015206994140165372,0.09622787280117867,0.4433798073472368,0.42359011936031044,0.006581321102890729,0.00478597192099645,0.00021475539452967668,0.0028896005179978976,0.0024778546329174045,0.004637128170792644,9.55112319710742e-7,0.000007619498664052756,31.261812240045998,0.31575192639466754
0000787,4,5483.9802957154325,0.9847787003612795,9.625114147314314,0.7942130519416067,5761.405779077357,5.359974585989616,1.1928601387716673,-3.481467894415756,-1.4426884253251482,-0.2667295972290087,0.38377247703407724,0.9893407689506966,281.99005097790877,0.021666197501277167,0.5124118575316318,0.3975096223990682,0.012176953569519429,0.04446329403588942,0.0030595754707985977,0.002956962869309517,0.003258744594768365,0.0006128661035191879,0.0018392248959187955,0.00003548233800828422,0.000009218690291285718,37.16182913705106,0.5881924338279989
0000788,4,5866.7548482623215,1.1222542371563424,14.500572110147653,2.028359533106981,6835.542650677084,5.813761201245125,2.2307458908576216,-2.084161655349045,0.8040852987111538,-0.1974202259855371,0.1247872734408284,0.8516981118481247,161.96560237389195,0.011301837706279383,0.3003080440852223,0.2833591249810361,0.37661140380132235,0.015322109048271752,0.00478283514284363,0.002628919506862759,0.0007964345819111055,0.0043515842358774585,0.0004727455785528077,0.0000623497624692315,0.000002611569351334252,33.89439712660997,0.2772443838557247
0000789,4,5414.012772623222,1.045306829117743,7.462494453095399,1.3519052660783761,6141.01686123414,5.49655058973785,5.266193725891479,-3.108219598865748,0.8891369256384394,-0.5165349633577696,0.23742232745684289,1.0511439406214873,233.42229072051683,0.013311546002001835,0.3282680759005324,0.3098723210982532,0.310027220017438,0.01967955120684966,0.0037551226067857922,0.0038727383597873355,0.001991026609899955,0.006891520817894863,0.002279901030093357,0.00004454549719340285,0.000006430853270031277,34.45426894859864,0.49139845384655645
0000529,5,4138.0332509262635,0.7327848695254545,14.766571268086723,0.509806098259598,6097.891116902044,5.352111215873578,2.836290890573604,-3.1465316225061626,0.017652266817517193,-0.5225078950591542,0.4170133317555229,0.9131172178365019,228.95637667663357,0.01454943063885261,0.0776918339405198,0.3753072682172265,0.449254489213126,0.03841662409882323,0.015247816775114444,0.015488920778784322,0.002144656998857814,0.009920033736067105,0.0018590405506343703,0.00010314902893945565,0.000016736023054422236,30.770927251567645,0.2954036943533518
0000790,3,6853.547592400041,1.8923333207442163,5.851950658137471,2.1739792032820553,9901.811118543967,7.452912792237824,0.894996332864584,-3.3721591850004384,0.7981434006839065,-1.286204012285182,0.34899125380618856,0.9137812586536191,269.6396888834225,0.03453065189629457,0.36499301327775824,0.3486044900906638,0.2135327762324151,0.023195421277324355,0.006100921440088227,0.002097195568626007,0.002503090098978509,0.0032275305837062697,0.0010019712267112515,0.00021126292285225171,0.0000016753845813701758,34.87163331664812,0.5615682082894824
0000791,5,4055.7163826962164,0.7345222656603423,1.6745427259250945,0.6863405277210497,7928.653960647343,6.340001996159349,4.522596406398465,-2.6434848420092196,-1.104197986202364,-0.3606300469226946,0.8303299998420205,1.0122793366172846,244.55814967311343,0.004084431096011,0.40350858022894515,0.3977480784860847,0.11643564609167206,0.04038651463136449,0.010631448252184596,0.008129914069983988,0.002959414833108016,0.011521150465239056,0.004353943320914673,0.00024065602938737565,2.2249510499765813e-7,36.12575906038724,0.5272900525002376
0000792,5,3807.919394184659,0.8295859762101225,7.796348847134746,0.4062591030754597,7549.5523675549575,6.2252516758637695,1.8014919890088281,-2.9872127369623036,0.2130730865437851,-0.6193843618117485,0.263332609091649,1.0696647602751415,277.3086371394982,0.04879763769552446,0.3508745150912248,0.19971664191659205,0.3498840613343906,0.023606947121011905,0.00649116674423995,0.007211286542925074,0.00020473129358750496,0.009924637007440135,0.00315837517431648,0.00012177898695504262,0.000008221091792064487,34.08302180832974,0.12078125980092087
0000793,4,5810.48494354329,1.0834893153856355,14.388845411403208,1.6515808838726136,7982.406223518591,6.253237105414576,1.534448674415834,-2.8860427960278043,0.1591460609555293,-0.5165351869354644,0.2586926587495907,0.9348040407856942,210.37013539851912,0.09307817549639444,0.44290581630813824,0.02134446889919947,0.2799560427368973,0.10982375938637376,0.011837035069077002,0.017521896401194174,0.00018588417276643837,0.013437825280331401,0.009595155475800254,0.00027949373858131895,0.00003444703524644247,33.51124678823625,0.40441427881252767
0000794,3,6663.863937380296,1.6738506791528969,11.052113047511083,3.166824113453858,8596.743536365182,6.595210539899228,4.0123591595483195,-3.197207218931036,-0.026607570734241248,-1.2494533245903379,0.2617538107570998,0.869478406421634,210.7896183948298,0.03798744601997054,0.22892454199307044,0.34752819149176906,0.3410300454796622,0.02383441909563684,0.007628904219301989,0.005898692366062633,0.002877627414866152,0.0026948557538094995,0.0015388515423766147,0.000055462849395015774,9.61774079146526e-7,32.65531791248486,0.5190195258459833
0000795,5,4012.5654722929844,0.6535245397359173,5.142256081418846,0.6265363292017658,7120.408222888523,5.864045171337867,4.437602895107139,-2.9592553388033305,0.050422865944337314,-0.854482828308174,0.9501492203461613,0.9448180606535748,233.1749520274152,0.046589497462654714,0.3559098865674801,0.3743688825787034,0.17335277605189325,0.03189361852713713,0.009401446364223867,0.0029645407949638347,0.0034021657253734323,0.0013008701354010129,0.0008035059760154379,0.000003900394985684052,0.000008909421167983409,34.60801329321747,0.1152953369369559
0000796,5,5011.041991767239,0.8516111774458717,13.56700406231947,1.1949710310450783,8239.599065059714,6.442245186164361,1.8879876551049841,-2.4466957087772734,0.9304813710570596,-0.9496678206738374,0.908564932288094,0.8065538778383011,208.7299994708883,0.02919835121199029,0.5233075160550579,0.35386688168769137,0.05284713996279161,0.02610984355197252,0.004402785573852371,0.0005113913449966851,0.0018197027438806518,0.002498066452251781,0.005199727498886371,0.0002290261218816157,0.000009567794746882045,37.330378264498975,0.40341129439121204
0000797,3,6343.048667125887,1.284589371189862,2.7355145297953363,1.6443969035909936,6988.378382927606,5.9147764970583285,0.466793250696235,-2.582808976415799,-1.1208665518991783,-0.6466754361908222,0.6316755534197492,1.0747667508848144,305.74140898748635,0.03486234086670811,0.3370954567060929,0.41281500278791217,0.1686876722212512,0.018835579495504434,0.009112251689762253,0.00864108364022895,0.002048372828005987,0.00662686389343919,0.0011184681748032282,0.0001497833704098164,0.00000712432588161202,34.89057271964205,0.6447326271164745
0000798,4,5870.495717705969,1.2529675405801544,7.745811898513904,1.305141794164092,6652.506897641202,5.610710417583647,0.9884148837414003,-3.4409769085201627,0.6123591907810164,-1.0570986475380244,0.9982301342729439,1.0065306175052287,263.08161958193176,0.04318438183384244,0.3105156384487388,0.5196183382336195,0.08867098340177205,0.009736336735083412,0.004788848930037373,0.009764188169010313,0.00042971808751252294,0.01086910771259903,0.0023423785161559288,0.00007142681668041941,0.00000865311494817382,34.95476069393893,0.4387782997141606
0000799,3,6525.198983107501,1.7398002452113002,3.5152523273494065,3.6788822502196803,3505.0950548175206,4.693967634125057,4.683496170357826,-2.657070741527018,0.8421020193143862,-1.2528913356760427,0.830995710694237,0.8258119481047166,285.9413149817808,0.03732944646872501,0.40572228359439166,0.39595635403087454,0.10417241100515967,0.038215771935332855,0.004237461916238956,0.006780614234239917,0.0006932214603581379,0.0065469775479697866,0.0001680189733887509,0.00017424201487546175,0.0000031968184452845755,35.56696362001648,0.10440773851335772
0000503,3,6203.939117006232,1.253953902416072,5.94818126148088,1.2973340874463035,6744.651307653251,5.678328792044698,3.930835195000279,-3.4674612039134938,-1.33977749628657,-1.0379608025641183,0.5885305546826516,0.995998412586211,318.04863380089813,0.01914754267192347,0.18208340895853514,0.360317328221596,0.3805514802249369,0.04798237161776412,0.0012082644151826013,0.0004587988752979637,0.003342927373040021,0.0018361910562485488,0.0030372340096433215,0.00002992927546070111,0.000004523300371248544,31.715426013339325,0.40535989011113127
0000530,4,5377.240339820332,0.9023630837912214,6.642290564107,1.3517993544428113,8489.337441233807,6.669507755444319,3.4170378331181914,-3.3023641746801395,0.09788462839923406,-0.08394863697250221,0.29418151278112425,0.7552588228527704,156.74948626090656,0.0324060986211539,0.2729961170289084,0.22539375172772352,0.4561208364162404,0.00022928400094626792,0.006239665447931962,0.000455701988959209,0.0010125449710103147,0.0036507004983832815,0.0014927796172493851,0.0000010299220395894416,0.0000014897594537080277,33.18738003921531,0.12187340036649842
0000800,5,3896.108754727287,0.7534372163245455,9.026843918865598,0.3263240331381705,8464.059621193457,6.532326460920643,1.3634255224567076,-3.381557317689146,0.35338585624279784,-1.4098838409487193,0.2799544253099516,1.0799668155156814,295.643749911772,0.07041835354678923,0.13317554228549475,0.3618303725491241,0.3466387803005243,0.07457988585942842,0.007876600050337267,0.0009204917355144863,0.0006089505633673942,0.002163804731650517,0.0012658818103344505,0.0005166573025472179,0.0000046792648878505266,30.191699238874364,0.5063238598074944
0000801,3,6355.811526813142,1.6641707540823878,5.400635474613315,1.89801250794013,6762.5063918133255,5.756328394721203,0.6467351074139022,-2.5735223746805933,-0.38461390194549994,-0.714408525659515,0.7783558755186509,1.0903637332004614,341.69875801522363,0.08138491991387764,0.2919864098986541,0.5059219259982966,0.025920094190493112,0.056259191175597724,0.006930450734619735,0.019813110886872484,0.0017210677047480847,0.007579162595480484,0.0019714176243101306,0.0004905127666470947,0.00002173651040285596,33.61090520364174,0.6089107497334374
0000802,3,6903.233070648885,1.473197589636026,4.463814811392235,2.327439583510886,6017.653037345229,5.407696861068305,3.11347933901848,-3.429284684976882,-0.5430118824297222,-1.3235815929680728,0.06491323073362887,0.8645351579221469,243.34466881531208,0.002420509594705327,0.34397912461358027,0.376508262184864,0.22793596754761167,0.03350527482816057,0.005422600739661081,0.004249957624018558,0.001531136693564915,0.0009296829232483455,0.003448104586752544,0.00006779042518655934,0.0000015882386460355528,34.70415680015588,0.5640468975705089
0000803,5,4988.405999325952,0.6155688957390744,6.281137786847788,0.6321242097291564,9779.761649991067,7.193187234081149,1.923945950775695,-3.3174154886137512,0.8191502253965748,-0.0941542913836706,0.15547098045062802,0.9398653122150117,200.64869569028127,0.03218697384136089,0.12423669738663098,0.3614188641727153,0.3919786412726589,0.06838379007015226,0.0012973489330802062,0.005968797895097419,0.0024529335031178486,0.006145643215345433,0.005332548004332393,0.0005907050308853695,0.000007056674623123497,30.53374379710315,0.4770829139093865
0000804,5,5074.783349745265,0.9175756492652485,12.11340233380209,1.201795096299648,4974.414658335604,5.083045262065445,2.8283463790763745,-2.7250772950077877,-0.3661500814919223,-0.7355906485572445,0.054710974116803035,0.9780176877742198,239.0121208385516,0.011821012567580462,0.32561313953376464,0.17945303043297492,0.42450977615507646,0.04118247895745284,0.008635121213646008,0.00536787715916936,0.0007451435793197384,0.002126646911705435,0.0001784530763568113,0.00036068256488790823,0.000006637848065523335,33.5540586154141,0.7819426527991138
0000805,3,6979.456190009358,1.4288481977551997,8.767065016508937,3.3175531522599346,5032.967595888447,5.164809747131477,1.2506076020398127,-3.1504809657499524,-1.4687993644668143,-0.6851385737548119,0.12669920264427892,1.0207559631246437,244.30136006490747,0.04585201025176776,0.18808135730138545,0.32201677281273006,0.3932074762593466,0.030602054694673992,0.0027738914613249952,0.006795475257554874,0.002475409200744447,0.0070641524314828,0.0011118960687449986,0.000011410503532384256,0.000008093756711535523,31.817287679304354,0.23777836904191832
0000806,3,6850.420845882165,1.4784089238661091,13.526975547550968,2.3396260443410597,7388.31788651525,5.993635634021072,9.244075598209212,-2.3648585165964193,0.6401042345907788,-1.109050203774613,0.29689023350731114,1.0315007756843784,337.50511626481267,0.0036417198271061317,0.4488957500834416,0.1880379848787376,0.3251610683069268,0.009378838681163106,0.006400321161227557,0.009421597598074122,0.0011534572832419886,0.004326023943897051,0.003490730346952482,0.00009122993459473596,0.0000012779546365625714,36.03797186809403,0.7668471665996462
0000807,5,4322.517169511611,0.7553759500652799,12.237819366493731,0.5451866828756013,7463.686249946356,6.103925112519641,0.34857913521257244,-2.4989095860053387,-0.7217878731899641,-1.0117050247533215,0.9418866550486248,0.7207503281662132,182.60807800820953,0.0038092439690235627,0.2854811557293471,0.042452255920897686,0.5093303018809203,0.10920643756093958,0.010062613280141653,0.011945021523572574,0.00020538896164223482,0.017363992149678112,0.00911898543882131,0.0010164297023686766,0.000008173882647157892,32.094927264796375,0.333199783740289
0000808,4,5367.989965666771,0.9159819680679826,10.71282577239141,1.0568780374092859,9111.455414154689,6.990446558482393,1.834441420013745,-2.225213310524911,-0.8555673643958173,-0.6747811880775367,0.2200802461575746,1.0454463078114962,327.83425112190616,0.030044344824137578,0.19883488690220733,0.23758079341331553,0.4839531984886231,0.010219758055570004,0.01592154714987733,0.013723304577846457,0.0009631333434255057,0.004285575200254768,0.004447059985982209,0.000023716637527068583,0.000002681421233131505,32.09795140115006,0.6522244010380609
0000809,4,5356.488237415742,0.9243228268704634,3.20760685048259,1.412025677359666,4727.670754214515,5.051363490740933,3.6923272492315142,-3.2982799315487448,-0.05797207595692222,-0.026752022340047477,0.38502376144268835,0.8859833750428351,187.06457535147308,0.02201923814797636,0.03384531325613332,0.4295122874037282,0.43825481182414966,0.05600824200319166,0.00031016183061744666,0.013800513206792198,0.0038996603439225824,0.0019108914465479807,0.00019157278903237821,0.00024139541287436262,0.0000059123350337364024,29.52585290348495,0.7785103954948079
0000531,4,5329.912380317648,0.8022294334833167,5.969416246103588,0.9815744193513748,8220.933914628344,6.583422282906604,2.427126526169751,-2.652973981800182,-0.19548471966976133,-0.9017619044800076,0.5278351648167158,0.8849872638396721,239.8340222288341,0.020951394389435433,0.11215811771374905,0.29413470216812265,0.43317296088915525,0.08631228599026136,0.021083368307170235,0.016479479558117287,0.0006347472928231163,0.007151119022083758,0.0072307796473222346,0.0006724665601077131,0.000018578461651885103,30.26583736627856,0.46279362197343576
0000810,4,5657.425319987781,1.015018148900862,5.158362042223853,1.5915216157459828,4992.258095220036,5.145826090674975,0.8212539082972774,-2.3141778291503403,-0.6569156228661311,-1.366961460580424,0.9288414768674664,1.0703263492669093,325.2684400068818,0.03751222994748614,0.5074878847666431,0.36593635582765965,0.018994439394632266,0.03509540365424869,0.010215127073945071,0.005801712709915672,0.0029707118586805564,0.011020136132737373,0.0048263704668182784,0.00012999963350379456,0.000009628533729520315,37.3620534361071,0.49279031014943453
0000811,4,5751.768492417094,1.283480046835169,10.734076181399214,1.0426950452595245,9526.404584872082,6.995184228027643,1.6069324009876933,-3.194360443926296,0.278147290198665,-1.2409268784750365,0.36032578154440587,0.8781648275918346,260.6279032526858,0.03920217916571325,0.18479268258028725,0.2533705131508366,0.4540711982305738,0.03868679419501584,0.010048690076584344,0.00847215358216446,0.00020494987376448945,0.008405897119951707,0.002600887062581174,0.00013429069157099276,0.000009764270956112934,31.563820554665515,0.7752942342812541
0000812,3,6012.811295190389,1.4178918867703931,2.369047731108811,2.2658576069102923,6173.10545636769,5.349826366922324,0.29826209522318914,-3.0342933533467504,0.9725002179602638,-0.7810420806159122,0.1296099688657284,1.077434589841888,220.77765431539035,0.054814065626410925,0.43355912175034667,0.2564726173150701,0.1882385570108092,0.0429199225638636,0.0002756265604084127,0.010311658641406766,0.0007100352138889914,0.005904927744471937,0.0065458707792728325,0.0002343023282339298,0.000013294465816886039,35.06918419145295,0.12611047030361228
0000813,4,5782.488618473211,1.1050548809703624,5.004021526274908,0.9462451941001254,7270.270081979105,5.9629046081077,3.23801122162471,-2.975574057569271,-1.0893563662654207,-0.6397292960711058,0.19054260220964236,0.7718887913878315,282.45892831151707,0.028638944956038487,0.3057969634939357,0.3449070259238056,0.2741748074448359,0.028826054141092343,0.0060051143007924055,0.006703591425920164,0.0024243414897607714,0.0009823584125425262,0.0014881748349255559,0.000049881068427464,0.000002742507923013724,33.812058918060615,0.24714196352976106
0000814,4,5653.051829536761,1.0391290077261106,7.284333980071218,1.7176147357475995,9986.387429931856,7.394855794254613,2.7974514700712714,-2.88822166552218,0.02364894182427668,-0.19525921936046609,0.5432551708382466,1.019657607168931,219.40029803674418,0.029099718784919376,0.08197762491322322,0.5829279188207512,0.20819749310220373,0.06140008953563721,0.004673476984726673,0.008223644795898145,0.004975154566528315,0.011832792831827909,0.006125117145947935,0.0005556244818047764,0.000011344036531353622,31.155776466595256,0.34436222173410413
0000815,3,6740.731047028517,1.9903450025788734,3.6789543207163558,2.902761404369611,5391.559538598999,5.3317042990912915,1.2720455078739394,-2.8554496234830093,-1.009176532272439,-0.674881005575167,0.7884333368896964,1.0188510003141171,314.17300586464484,0.05049005312415558,0.459282528807197,0.20520126318045637,0.2192637499963677,0.04737278704707867,0.008828967528695594,0.006041692442648942,0.0010421182846770472,0.0013237413157195148,0.0010307186211570476,0.00012069413276232993,0.0000016855190840815589,35.30502128857408,0.1088366524846709
0000816,4,5653.3398141739,1.1993810311979511,4.9050278498620035,1.3202757660249673,6910.841464631122,5.712597099956083,2.0803219160286877,-2.6660955655081993,0.6066403978314692,-0.9891313822992374,0.2240116027978326,0.9762932497891802,259.0113569348288,0.020518348283880515,0.22960307628131038,0.19095484879181818,0.5164618763250537,0.03318006672301426,0.00043738317782574367,0.0014453074258430987,0.0011554609155535577,0.0013166224224647146,0.004704886662367048,0.00021568458752155168,0.000006438403347263989,31.87101999857463,0.7789890092975422
0000817,3,6731.291750021362,1.8713720959480598,10.025187375202693,3.9424921772722774,4582.856584973122,5.023716683629128,1.6538490617403747,-2.163876043838258,-0.07613061983381075,-1.1451606874090428,0.8978702204452439,0.9768274366612841,337.10065137287745,0.006132594583066669,0.47975153404897936,0.12211296057173034,0.3542817621717425,0.018871537235722328,0.005945629366568117,0.00484837431581505,0.0008404034130743204,0.0057090094987410685,0.0013541917835890806,0.00014101234940367305,0.000010990661567476848,36.19029436013907,0.14084149480633912
0000818,4,5775.037194205078,1.1152052916313389,6.682090352061469,1.3526717274985356,7313.115436191033,6.005715720599308,4.030487146280658,-3.3523461923762237,-0.9239718649432265,-1.4509358109552573,0.007238069356681698,0.8786601760531217,244.8057936975832,0.011678907515875307,0.07133239057003174,0.3336058834357691,0.5458675931381678,0.009051360473655937,0.009341780780941963,0.005135038397309948,0.00128697791649199,0.007716782272189822,0.004971422068973379,0.000005658694035429464,0.0000062047365575227816,30.6577631534435,0.6879238157219152
0000819,3,6163.517796851894,1.5953466176869595,3.9578172026873384,1.6852164184736433,9008.20479481639,6.94830288492599,0.7649815047534054,-3.133407558374855,0.7947491683394508,-0.5891996824397712,0.13179133568709767,1.0006413622229586,265.39754947401343,0.052135240623010115,0.1469882362820592,0.18669473035977185,0.5323796688200033,0.05419791686402961,0.011224760077815976,0.006787701493338843,0.001692786669832653,0.0033303226661232266,0.004327433930557231,0.000231974616609241,0.000009227596848737015,30.22503929751435,0.6128720918208614
0000532,4,5765.993163331775,1.194348845083845,6.497035479054007,1.6544683868326349,8010.667992337283,6.430934005459029,2.5358472741387725,-3.3381451449599515,-0.7966180439662571,-1.0925452804108526,0.4340368410878611,0.9005687718132248,217.72128515194663,0.06256215960300886,0.7220377311412651,0.11936136049702521,0.04719482532011908,0.03027807957573995,0.0012224504680021645,0.0039760918436187185,0.0005416479905017978,0.005077531740958224,0.00755504972850706,0.00018138772821347872,0.000011684363040489996,39.18216485787484,0.6413411387312681
0000820,3,6207.338661855342,1.84122749814598,6.811897854106142,2.610094691562484,6536.852903204375,5.67653335788272,4.092596036791172,-2.5043847817985094,-0.6145997206561864,-1.1525143182620066,0.43406599307286564,0.9864880940692118,345.892913921637,0.040144428679365664,0.2991801400137999,0.23303402519369917,0.40313009352213,0.007458722654636663,0.007105788826627167,0.0024472207898947494,0.0005492926265080856,0.004481439727964401,0.002460025492529561,0.00000877318783063639,4.9285013765728295e-8,33.49669473241464,0.5946319033614258
0000821,5,4494.978996533777,0.7428011120856124,14.867800690119466,0.7227671589438818,9504.38884619243,7.25608393200558,1.3911349732403582,-2.366930391458903,-1.263665260961094,-0.7774480153946053,0.2501318462508373,0.9165776373674269,250.82125287176305,0.0018081261898660749,0.12289506868252921,0.24261833380871442,0.5802680884132823,0.020799354477215645,0.01103777568007767,0.0014582798642425116,0.0010102401892517182,0.01376813191004258,0.004194230257720098,0.00013766549521726312,0.000004705031840536815,31.32624936888757,0.42768195503231565
0000822,3,6294.894460561685,1.6976011955266024,3.7465644392533983,3.414571824267856,8545.42356338438,6.558445690285111,3.5203164918681416,-3.0344221688769855,-1.2722586461572432,-1.3524241840778917,0.6321199197709897,1.0694489721083829,270.07028448193836,0.021500545065001087,0.6967566879976934,0.1707128312440381,0.07293626776921591,0.01574731371884958,0.003134432016128589,0.005890452674694844,0.0012101957495190062,0.007421434219359956,0.0046503857754276205,0.000027602295315194015,0.000011851474756375074,39.72706072395682,0.27195146557370964
0000823,4,5727.441829038328,0.9351265314810854,5.891190790936681,1.3855831335073734,3481.996031237443,4.658344043406853,2.4147273558660025,-3.468406764605588,-0.7888357125266542,-0.4779660770730596,0.7622419008959131,0.8967380407612225,223.10544569500314,0.012056386617904228,0.36434646977249685,0.1801936323550105,0.39212611927453883,0.029425245717612458,0.007691707714804747,0.007995499397377663,0.0013587417132047076,0.0024994013885754154,0.0021570727946309044,0.00014709158775850521,0.000002631666085395657,34.30376524336627,0.752595036287492
0000824,5,4622.286322871477,0.7807096692825464,2.279307364491067,0.740122462156338,5296.459650988674,5.276644710756551,1.3890510375716314,-2.9559564120316666,0.8820910714449761,-0.18048166137420552,0.08393642710778115,0.9940765084495854,201.52905247439458,0.004428221510146775,0.23094589400724233,0.5275327378696921,0.08206975526876056,0.10240656861245995,0.023195200214492163,0.001495638280837194,0.004600584388123992,0.01965933955148883,0.002998560612828116,0.000665878132478619,0.0000016215514491347837,33.67887017749796,0.3729326293750399
0000825,4,5364.836496847866,0.9375925668675532,13.33296832452999,1.2757293419837992,6255.479728753605,5.510917510931004,2.184526033028437,-2.4567259948330458,0.6610705778797894,-0.5281488860378669,0.7543506652992813,0.8973358166406574,228.53265427833463,0.0029202347915829557,0.42519723833069567,0.399012068481448,0.1391636850557179,0.017369074653902014,0.003106195636152957,0.003849355219538519,0.0011977458020767722,0.0052161775611894385,0.002845516107163452,0.00012132265015403421,0.0000013857103781471335,36.39863305636071,0.31075791490477545
0000826,3,6576.518732543064,1.878387811243442,12.078414432953238,3.8148827786842774,5277.914403621876,5.181000013148179,0.6315568400393851,-2.5755947673384307,-1.2281336451596077,-0.49156708070572974,0.33440697092591987,1.0234973991082608,264.64985936347875,0.043616948608791895,0.30530574827303186,0.20258847213506861,0.4312909487200482,0.010612172623573302,0.00009083313182958039,0.0027852550105310248,0.0012816524022832172,0.0003446865102590347,0.002035016507153462,0.000047309287859588865,9.567895702193321e-7,33.15886835649835,0.6707064572789487
0000827,5,4280.114201354116,0.6053065523836205,3.8393305732792378,0.6523218062909838,4042.2834783860444,4.799840122798423,1.6036863132248906,-3.458543970229944,-0.6837302746343202,-0.9354823339536974,0.5888887623798853,0.9662574240189968,201.81458197271024,0.002741321884665755,0.13740409799788628,0.2149934716259218,0.5317322603422642,0.08052244635159964,0.0032954958705427545,0.014667964376135753,0.0020103952564877823,0.009359900593167195,0.0027925976533983766,0.00047645866950593655,0.000003589378424590791,30.476595184101818,0.13186404766308044
0000828,4,5665.649886209978,1.2247862536836536,3.8370041214912174,1.7811500026598397,7032.354695111328,5.923313141074751,2.024140236824313,-2.494738768504211,0.7327902456393196,-0.5168814243964707,0.8819899042769814,0.9208841489484746,241.99287670170244,0.017049276977679613,0.2507540540164444,0.4235544931414805,0.22807679083481902,0.0570023644713868,0.004698197163245417,0.002727377939616609,0.000917668655493217,0.009957657901882123,0.004870570893155948,0.0003912436189474919,3.0438584879957937e-7,33.258842373193296,0.3152406403288146
0000829,4,5415.652999779777,0.8558128656063778,5.579668462067231,0.8547210516065922,9437.085278730528,7.190707914734453,0.808489083543279,-2.450943782079246,-0.3179385859709567,-0.663898576859996,0.21341044011007093,0.9509955524888187,262.9546353460365,0.06603354830269144,0.24856371751770187,0.17029077169365553,0.46842308949834083,0.02587827601435206,0.0025683160916256725,0.010443255120139846,0.0007485112710150733,0.0011395518043103158,0.005654567406476937,0.0002473129783947579,0.000009082301295819998,31.73369040108631,0.3532592397509655
0000533,3,7052.958629431906,1.8625820174050935,13.898552261837409,3.911254891520075,6688.835681443043,5.609956227536623,5.681095554175612,-2.695150370676929,0.26895957349511246,-0.7234687180307755,0.4891220215538091,0.7772615405887371,212.54888948024515,0.007524361130566269,0.29209601591090406,0.22541145009941188,0.3643417420564181,0.07000234286096921,0.01334370658378269,0.015354196943577621,0.0006254617374036163,0.007096432677078169,0.003934144690426191,0.0002597383302565968,0.000010406979205485507,33.109854039995234,0.39992710416788724
0000830,5,3867.3144291786543,0.6492546155876985,3.942081223949166,0.5644085805235093,5148.116360219731,5.22968918014214,1.5581030884965792,-2.4226022441626993,0.46832734445022806,-1.1769615929965103,0.09157741083076443,0.7966026621863942,159.7950872176257,0.04563649738672288,0.061481009218819105,0.508152677966295,0.347795522795611,0.015160845618322066,0.006704928766393951,0.0042275855015484805,0.0011986161774982969,0.005220744743412371,0.004393255387947855,0.000019950023591972767,0.00000836641383682077,30.655798075620297,0.7038702380761758
0000831,3,7107.12120490915,1.9215487514633738,12.485974331411636,4.297278031288018,4788.14922507563,4.999578938540415,2.426956966081271,-3.1005998390056653,0.014406475074229208,-1.4691176217664235,0.8699670720104828,0.7788163094236594,219.51035299621992,0.08385112800408882,0.35767658869642127,0.0577696861752339,0.42902083654155715,0.043087793332438375,0.0003718065669609207,0.013676003207069801,0.00018448039744062367,0.013321888270754218,0.0008058421924219829,0.00022888071845156914,0.000005065897161343919,33.09256069835802,0.4706720152905475
0000832,3,6317.556439954529,1.279910495990886,13.949835702005311,1.9215593843154997,10059.368480317775,7.274045060540885,0.18394090844283673,-2.788862854358327,0.8832071788263769,-0.22820596429309603,0.5999426215171995,1.0343093379255957,250.81616769273387,0.020859093703996346,0.31062171122570253,0.18927469067878983,0.41946249074800346,0.035107183237614775,0.005521806735516687,0.0080146581909508,0.0011045414487325833,0.006534195060634905,0.0031504926454421866,0.00034708595425487164,0.0000020503703610962,33.41927809131629,0.4546333681010516
0000833,3,6157.152542231479,1.3608114948861665,6.448752907759179,2.309701856354698,3739.3895251400677,4.85642212503353,0.11658985372694741,-2.3374170337104028,-1.3180970485718704,-0.004902072956267878,0.3971797094382824,0.9195436793980971,216.82338298236795,0.037535049073537614,0.11035088142751702,0.5264291295102881,0.2746412285493496,0.034993167470116826,0.005745782618901507,0.001864168106912178,0.0013877856512805227,0.005147849818032185,0.0018041311610203475,0.0000912689145501098,0.000009557698494042039,31.36824893326491,0.29269209085649506
0000834,5,5001.648190862888,0.8639862993544778,2.727613935397375,0.5136547102711726,10123.641376796735,7.280679485208255,3.747838133370945,-2.69968313492972,-0.3436848142111104,-1.4224977480560088,0.9720282497628429,0.834759561964804,340.10549434720724,0.02054649080645983,0.3523104391726342,0.3606257272804721,0.22229558565507723,0.03254062236714384,0.0035252295684509937,0.002592871836767886,0.0028212164618906937,0.002170543431860901,0.0003338627808641689,0.00023287425531578378,0.000004536383062244397,34.6789908662101,0.10662756258767897
0000835,3,7167.632733893743,1.9763319318188053,7.344043748278811,3.23928245620255,8139.637460589621,6.53167489111997,4.451973602164891,-2.8814325445045466,-1.47457133964044,-0.6684087436314075,0.9966453547968258,0.79743232797103,259.74847673054666,0.06501252431985112,0.18065480755202154,0.20314225876836797,0.5039901752998686,0.02803271397332495,0.00929498411965391,0.003269310044136552,0.00019074589287240102,0.0013197996675693435,0.005020893720715023,0.00006671242681314217,0.000005074214805616704,30.872598389767965,0.29549947179017855
0000836,4,5862.1369243168565,1.2926249214746433,10.493034089875332,2.17468790095858,8710.544994628875,6.674165074514063,1.3139900938760232,-2.1630099385897017,-0.6258725628929703,-1.3955056462990176,0.9020326130654073,1.0446601709216465,317.3649821282311,0.008958245276011403,0.15870255215186035,0.403065379272674,0.4004969453514852,0.007622068544779258,0.00847125037199011,0.005644874421056836,0.0036390576417313905,0.0009856396739665754,0.0023562833560390435,0.00005352160857092681,0.000004182329834739487,32.19566625316887,0.72294287882381
0000837,3,6113.727652303349,1.3151584342627745,14.801262452149262,1.2743431093043718,7654.907579746141,6.232309348091322,1.8652497903292558,-2.4650143277046714,-0.39077578859308293,-1.2252767067013721,0.09918663612148793,0.9635325683973079,334.6093252335595,0.14778246308896142,0.007049764088781859,0.539221575185025,0.20557258326948855,0.021565750352409686,0.023559988555342973,0.018839897581551253,0.003667434943676569,0.020382396154003515,0.012135929267093375,0.00021085753169233678,0.000011359981973400105,29.59189645854192,0.2594487169210014
0000838,4,5615.672090517364,1.2723062784850119,6.866113964598111,1.8840185592231222,5826.626272414833,5.309017148367768,0.888194382525379,-2.758469484833545,-0.8486207206578207,-0.24488954192840007,0.35896290321337354,0.914574035987003,223.9572693693071,0.02420774884067065,0.01396408325253675,0.3444669763504904,0.5719654757904749,0.018432302259082975,0.008795504150261238,0.008307327889591926,0.0011643623430349222,0.0060037383422751655,0.002623780596777707,0.00006779288923626556,9.072955673291631e-7,29.49861961006286,0.3738135387484187
0000839,5,4216.012199755475,0.6939489660632516,6.277751093570101,0.49468305746548946,7905.091820070023,6.369439844338352,4.953614817606266,-3.424100235708935,-0.20417863394720737,-1.032086110211065,0.7889370283945362,0.8809748441668097,228.7949283736249,0.028291931309065134,0.18411583740134288,0.38425815661954815,0.3518696898132344,0.03452381194691011,0.003656938298118493,0.002425548183646958,0.00172764332662353,0.005306717605582631,0.0035675136496882403,0.00025601530652931805,1.9653971000351314e-7,32.03916635520399,0.5876107935647557
0000534,3,6543.126140483099,1.4409567063268502,6.532913060585237,2.827266875172162,6876.312764143859,5.862715146514676,4.178143696968018,-2.966899748074276,-0.2842730774708295,-1.395239612614365,0.6130835967094485,0.9005649998819054,253.81199540667663,0.00046612743469038714,0.38502934448853965,0.4435653173369953,0.1445415846515128,0.015872652831838106,0.0017268745020526124,0.006364568501977284,0.0011398096447643308,0.0010890166027976804,0.00007427369501910813,0.0001271392142134272,0.0000032910955992134933,35.8345807849935,0.34047330731130976
0000840,4,5376.5090795296655,1.0829031107766935,4.109370041831228,0.8887305527110803,7219.4452226504945,6.03127567687659,0.42939153543140773,-2.926845923489218,0.42744454683599287,-0.8926305196679547,0.11339592572331858,1.0468482465457798,284.8243313607618,0.036601893003689566,0.2788801277408865,0.15250255275162067,0.479729867532289,0.03362834778011606,0.010399905882970404,0.000788114821694469,0.0004684683918673513,0.004493938658995992,0.002407410674193909,0.00008883931818703642,0.00001053344348903009,32.62546834050705,0.3281642720758152
0000841,5,4140.766432327942,0.8373474221898438,14.634881724261014,0.36472073251015863,6990.291153270665,5.841585728534981,2.0023021033287454,-3.2892613106556006,0.6752003813635477,-1.1681085962809334,0.09175822254245847,0.8986591859075648,245.19418164530688,0.04550552354050488,0.2794655910411397,0.22705229163086618,0.4146744929153849,0.004176153196576742,0.007211071447034382,0.010275412560994224,0.000990742066586094,0.009545068797460714,0.0010760750156995123,0.00002665299578605221,9.247919665354251e-7,33.35145270346423,0.4326324629829581
0000842,3,6063.558230860444,1.181924457622977,14.926564275877851,1.6450677125087585,5336.653713237407,5.229011916150613,0.8044938010005505,-3.244969282716548,1.0977629179141521,-0.6855829119918302,0.5266857020358395,0.8238123858257809,190.87648843050897,0.028784643645695367,0.42189378247358245,0.1557206932069895,0.3470671599326654,0.029124728236238354,0.008635278181333446,0.0018570860053160792,0.00026156115693328386,0.0034438891812379776,0.002996847753848925,0.00020665101342765292,0.000007679212731364827,34.981308639870306,0.7530838042622703
0000843,4,5373.016356235885,0.8246012412042583,13.17949655925229,0.7046601292442868,9316.79531357339,7.16863027018987,1.565498420984472,-2.454879096784069,1.0449149019319544,-0.06891037388026278,0.8629635030730207,0.8244580751166346,230.9815964146689,0.0180609413496717,0.31755418294161764,0.32128876826684843,0.32954659748678816,0.006197492755529689,0.0018775144117699355,0.0005687617461644138,0.0030576210727847205,0.0006153107601322699,0.0011862230441482423,0.000039964565790427176,0.000006621598754555314,34.21937810557823,0.7159631693172919
0000844,3,6854.815671915412,1.9266789635521153,8.717401760877381,2.1868298468585072,9437.774267927305,7.038949534644545,3.826326428985188,-3.2019399688146835,-0.6200427742491319,-0.31874649495100327,0.03233419787667424,0.9271677482174238,307.0480879902827,0.039419567595116965,0.4829871673443798,0.2815666776407717,0.1457190840025327,0.03039118080977702,0.008925155578737638,0.004347208373505641,0.002210675731509163,0.0027724346190916623,0.001443590455107598,0.00021182423623104275,0.000005433613239202653,36.37511860607281,0.653020766879796
0000845,5,4755.24114836411,0.8373408761364418,13.836332378146155,0.6672304649319749,4563.527558929315,5.038649291969211,1.0624687776133421,-2.193627063637569,0.8166781321566599,-0.454810846943942,0.3627897464303368,0.785910459387896,204.87079685687067,0.05234799488848236,0.23748147379785015,0.26845637839202846,0.3515011663722898,0.061671018428051096,0.011882582275340172,0.008038724313720888,0.0023985826651954185,0.00041395572069248483,0.0055221324805127875,0.00026460924160062044,0.00002138142423570823,31.8134820351451,0.21478140707759763
0000846,3,6392.056152673191,1.2617606179039904,9.585496252698285,1.3154974214015958,7286.298411989359,6.082419151812383,0.7869144161918566,-2.3775532861503628,0.40743245985535337,-0.49655285211666467,0.8818861739625893,1.0629496457552616,355.0440816863523,0.01654985522244482,0.29943334006505923,0.3261177798744505,0.3317647214745753,0.011520094922779119,0.005560524789455536,0.0007865225141177307,0.0010214793807600576,0.003783088672158528,0.0033691560860722725,0.00009180715993414871,0.0000016298381927501494,34.00847552971983,0.40207217465901657
0000847,4,5571.749911314259,1.232685856249835,11.301891368149997,1.6198762152901818,8011.800417607211,6.342973862438555,0.9818090565083593,-3.176222807956253,-0.11984199823535735,-0.4527478096408162,0.7890428357020204,0.7958129338193817,182.22945532840214,0.03894644707750519,0.2080006118581981,0.3476885703309484,0.37528140789144665,0.008632276315292354,0.007439955581034576,0.0029745825739012034,0.002098270146701655,0.007849602404236631,0.0009943310887587811,0.00008376576717288876,0.000010178964803685992,32.667010260521934,0.24087800649051802
0000848,4,5363.048900692068,0.9280859407781344,11.177372605432206,0.9689500994339618,5690.298357834696,5.366225824626074,2.156021377968763,-2.312455547232904,-0.3932153441102382,-0.7323394006888246,0.7845499685315994,1.0471693753759685,341.9752038477278,0.03270001591253461,0.4269374102881964,0.10736370989640572,0.3803366841351264,0.03871072204587274,0.0034745653582471,0.006592795839950276,0.0005449845847495784,0.0009741552295330696,0.002228980084959085,0.00012818714125291218,0.000007789483172302728,34.557890027807694,0.7264988184120377
0000849,5,4887.103009027467,0.7001708947759036,1.496020566589976,0.8348458012618444,9111.044141893508,6.907122656783862,6.809635005119674,-2.9691096137522863,1.0058133917089922,-1.0478799342488316,0.6799563321406505,0.7965150466375471,206.6193122625557,0.03516771341203587,0.24049638324473346,0.31495445643876546,0.3664139751515082,0.024546967653005774,0.006556680829241955,0.003269001448083961,0.00267761094209549,0.004305908786998831,0.0014161950294947574,0.00019283952014024317,0.000002267543896036487,32.768561723771,0.6532397099464383
0000535,4,5343.866322513472,0.9089615088556249,9.207450967098396,0.9154639495880008,4211.732493773965,4.835134095982942,0.12718666181250804,-2.305123509488582,0.8356062045767314,-0.7829884732067375,0.6576152925347557,0.9114029482271035,235.2826211070466,0.05451667971441685,0.46755034913499033,0.27917404780485905,0.14262311084495338,0.035610185416971495,0.0005567957035564544,0.009729098116073255,0.0016316842506094648,0.007955647821404956,0.0004777042036991712,0.00016305411563625075,0.000011642872829247122,35.95739263917774,0.28502279809415376
0000850,4,5507.351556083312,1.1088278359246688,13.689488546494676,1.0796250760286563,8186.387681455646,6.434900988037628,2.6993446213228047,-2.3070779748757344,0.2184602651272165,-1.2365067645775842,0.20377223182450765,0.8368253003523276,255.49387373433578,0.009902605752546109,0.06387834126566713,0.4606921514837054,0.42480351564021684,0.0372923297302556,0.001261862968433328,0.001580132518380836,0.00022296133723558165,0.0000232094264401006,0.000023179518391725904,0.00031337584806396797,0.0000063345106634174775,30.351262513753774,0.46192934373234684
0000851,3,5903.531542151607,1.2046555456536745,5.0969369058965555,1.4856476500470177,5555.085291632648,5.393672450730418,4.047142611992259,-2.168728152078355,-0.7778468497868886,-0.45760852900199867,0.33548854536252504,0.9164395885047234,308.41122944870335,0.04266491345890214,0.06121343587304796,0.31272234835518825,0.5236126682805086,0.02743634475164039,0.010960989857398148,0.007086780067496759,0.002359048139908027,0.008510136434491607,0.00314975021001724,0.0002720576489581598,0.000011526922442768845,29.978990377445385,0.42103978807862774
0000852,5,4580.00251857753,0.6716668504469097,1.8797995787016761,0.7064437117551589,9135.942168626052,7.031699287758609,1.7598799833587266,-2.629838359816583,-0.006895100302516388,-0.6495580839510996,0.07887637350521293,1.000727345336567,218.02757642389165,0.004653668048171947,0.09412866049319725,0.5159280670241835,0.31589588298713556,0.03889860515281174,0.008036554390492508,0.013496173591347093,0.003111512308931378,0.00029054298970144165,0.005199909432199141,0.0003484042040164607,0.000012019377812004075,31.207449421090452,0.7503412970101502
0000853,3,6535.644313250684,1.6666942705816101,13.901056667567042,2.15227297340472,5122.427158900208,5.212872891877987,2.2427660768601063,-2.0759769548369054,-0.7758960450661623,-1.050068996892828,0.14620794863744413,0.9697461960867577,375.7109765504245,0.0679008015679204,0.1863625082335527,0.30246015818404753,0.359060114452962,0.05488099222237273,0.00011898901587320556,0.016930228450150173,0.0006245404298917369,0.004994208198505349,0.006456533218242016,0.00020036652290616482,0.000010559503575905501,30.988070542759147,0.30007525788061373
0000854,4,5643.444230756212,1.2061490567842106,4.1667500169396865,1.862471908362397,5914.548799791832,5.3056200463591106,3.7801942440502136,-2.767486752482048,0.4167347906022427,-0.35288269391893423,0.4956688451166482,0.8655161812885653,196.13509061817123,0.04195702274235842,0.44570954084118125,0.36609680842518666,0.08068094892436133,0.034166854968804956,0.011220309027522987,0.006644125735234225,0.0029864438578298762,0.008742796911082687,0.00159876127547994,0.000193791055207613,0.0000025962357500991567,36.31080871127693,0.36711503142401236
0000855,4,5411.04014316921,1.0445002803575383,14.575264742237419,1.4038161132847329,5006.913656217447,5.16794068480522,1.1311069483839153,-2.617344663458091,0.5704511269062191,-0.5052866601056987,0.4868426804188233,0.9486073885274053,223.2943081040839,0.007592330782302875,0.4595200147066142,0.4814525878310401,0.011790277575454316,0.017687820114027433,0.009052120958408422,0.0029470547069446276,0.00014484474582987,0.009224599022703391,0.0005229762833729733,0.00005833731167285648,0.000007035961628916091,37.469948306856175,0.35107093999265426
0000856,5,4678.875818582147,0.6867498425374101,6.6573464988408855,0.6474612060637219,8422.487488287125,6.70973766174214,1.423387472828947,-3.3635578318463675,-1.339963660577425,-0.7816988436362315,0.83185803049778,1.0752584075671718,238.87187026578601,0.008303468804286587,0.06857895846119834,0.5231093022076811,0.33557155619420076,0.046938499340237944,0.003309236263237143,0.005520367855212486,0.003782331755368354,0.0012540387038729951,0.0035471841732209893,0.00007566573533669746,0.00000939050614641198,30.685279018465206,0.7130049564489325
0000857,3,6651.375377071715,1.9572010739578674,12.578652584982835,3.779572976721298,8570.1342701337,6.6049073969268495,4.061703981647147,-3.104148417895098,1.0480495061730322,-0.0332787989930603,0.533249845290519,1.0530367992047476,229.45824968304174,0.007639081723514362,0.44519111671264505,0.2232510546599498,0.2914086443666013,0.011781095854232667,0.0062290014495473165,0.00332765285860769,0.0018531329503522155,0.004795212868879136,0.004406950802711885,0.0001162198067729377,8.35946185535431e-7,36.068434849039996,0.4794854252892319
0000858,4,5566.02800777607,1.0389454632295023,11.293423015723825,1.096861732848346,8696.392368382414,6.755139424094822,5.7185555523469285,-3.192089610901392,-1.0949965755215478,-1.053738974140744,0.9362536279496086,1.038207915771881,319.9371876628486,0.04966392904484179,0.34017491940589456,0.2114301399611192,0.3170236035451414,0.029139188402289396,0.028958108379265372,0.007796860848708445,0.0006796737254653089,0.010519101672632774,0.004514735198029146,0.00009930008426270864,4.397323498463634e-7,34.25899609861288,0.31556408750370657
0000859,4,5885.589193676876,1.2830337667075193,2.675335380751775,1.2903113107845612,5782.537891736626,5.336187424041456,1.1172891198177144,-2.2084105516102053,0.11781927603752806,-1.4839807427231402,0.3172598745887528,1.0147476774172286,353.09288111671975,0.010442658096625503,0.22241720012037125,0.2843308359250768,0.4595631118302067,0.002672223128410658,0.009149475744373983,0.003186749704832129,0.0018345837555511367,0.003513970250707364,0.0028667050361582134,0.000015120857743244982,0.000007365549943324988,32.84647450425296,0.23550489360634172
0000536,5,4597.57670532823,0.6734598949688548,6.861113571649276,0.5847333141060693,5264.334627414915,5.152135168359285,0.34780177745827867,-2.5264393743735045,-1.1108225494836494,-0.66780608004421,0.6302372706890506,0.8013261122101007,206.9781459888729,0.019289786823772897,0.1567407938371974,0.26419823271400933,0.5341871255407363,0.0026360884488127755,0.007772970180550788,0.0034453497225278456,0.001428719890397272,0.00778401605711003,0.0024935120039640915,0.00001936925549797825,0.000004035525423135536,31.75548682575676,0.3488874363923245
0000860,5,5061.1773518231785,0.9400560290229065,11.2545307510849,1.2098086273343491,5701.071249836888,5.4187229429398,1.2193273977384482,-2.908389004239285,0.6500422835005333,-0.32885713062674093,0.9133483042426006,0.9555788098357468,215.50023731256277,0.03858621986033887,0.4184875486785106,0.33268188135630966,0.16180087468078932,0.026556594784103122,0.004986444831099486,0.005983289860127944,0.00003520466262052421,0.007064448189900884,0.0036329072189732006,0.00018095826828301828,0.0000036276089432776457,35.62540124059326,0.552012247571622
0000861,5,5276.775719608013,0.8203902246724681,2.7919061933022764,0.9112041007636414,4036.1624415746496,4.8227230086993975,0.6712773008170798,-3.23274167529711,0.8311738100765327,-0.1979247979995571,0.28398388214802417,0.9432990358404288,207.8316351120231,0.047590904329239916,0.28572196454570764,0.5425477137155374,0.07773148975796691,0.02145556698453402,0.0045756271769778435,0.0012749468272000714,0.004072118394352231,0.012325418035337422,0.002496830717770809,0.0002008922276543715,0.000006527287721138336,34.58537332311923,0.17797606186163561
0000862,5,4940.9851348877055,0.6368916733334311,12.542763176109874,0.8466496225908957,8367.66019881822,6.620977489814347,1.9188294636077903,-2.0455548042559046,-1.1295586848605803,-0.8529666866000094,0.28154648139342253,0.8729147633415746,265.08516167703846,0.043481476743893986,0.09690934147050329,0.3185362193655267,0.4673002110613253,0.048927801322086815,0.005184127940342604,0.007864134417010185,0.0010297753811028376,0.008323972439571933,0.0021335760013561998,0.00030329562958634153,0.000006068227693893692,30.19312175764748,0.1630062527638873
0000863,5,4026.236688434024,0.6284552852587821,14.587028584282505,0.4263782596848874,5405.738702840339,5.317456568833102,1.1578104123357913,-2.8603205984391544,0.4617915765649072,-0.6263830534830153,0.13874018315843328,0.9028851138435398,201.05959959920241,0.017925166541392694,0.4880581924622705,0.25222278792326897,0.18733784882639723,0.04378663911153693,0.0016557955071760196,0.0014808868005355845,0.0022616454716235575,0.004037194977654405,0.0008135405918452162,0.000418979855611942,0.0000013219306870981748,36.33091272246731,0.4580177537291109
0000864,4,5704.1691160176715,0.9077222859180286,6.486773546779416,1.3160017588229382,5591.985449385897,5.361115910527235,0.5084541123925606,-2.02380602700105,-1.078911936598031,-0.6439878048867209,0.7392356808562311,0.8380358144940199,243.55243856557675,0.015557679791384811,0.3555210543989347,0.3557303284900953,0.24086515353411703,0.022118170392151734,0.002569359820284017,0.0038707150961213273,0.0006381371397831051,0.0005899581959735316,0.0024604367110769203,0.00007797023209779167,0.000001036197979808922,34.74610956027668,0.3788628312757709
0000865,4,5509.738913731621,0.96138187936238,8.000760004111923,1.3608787550129726,5898.155870969853,5.469625354135999,1.8488975210436793,-2.899444414831316,0.028860142434894653,-1.3748407248945944,0.917586703151267,0.9162106554220598,248.05843428859015,0.03477516932206694,0.15001398529864893,0.6807133188966125,0.032091636213900786,0.06792928258755285,0.003711128644155953,0.014017942949015837,0.005653673938672219,0.0039056491007010102,0.006858751617358306,0.00031941006488386386,0.000010051366430838854,32.20327196639788,0.7043409727554015
0000866,4,5580.112922782437,0.9073604151893306,14.942796388572456,1.1135582365904009,5749.799662882663,5.403609378339686,3.3931823449199467,-3.145029759326527,0.6322128024468512,-0.39702765241211946,0.47603355732633057,1.0512396564578197,257.561324694022,0.055706739836499417,0.18079843652693917,0.5926489466259324,0.060637522286953315,0.07388466445162852,0.002475544067935845,0.008802283694001298,0.004980871852147529,0.014297187454928284,0.005249727772803722,0.000507670088852327,0.000010405341378271886,32.42336041608404,0.22781637195751253
0000867,4,5574.079289896805,1.176030976788005,10.841005880961946,1.7000892905792897,7635.918418372509,6.105232316935349,0.8497633483943063,-2.2083322588553598,-1.0565051552021976,-0.21146089435548765,0.48201728526584653,0.9150780314879193,244.97768825590302,0.018630365477134165,0.2863874962535146,0.3447717297995793,0.3074758770824292,0.026961923001118222,0.007015260267074429,0.0010555068260694926,0.0013892420331594508,0.005864210555333543,0.00023117371749505463,0.00021011510139103937,0.000007099885701492394,33.808734947473226,0.6226134917178806
0000868,4,5378.78850033022,0.8802964652635318,2.7474266732396635,0.7571504896760661,6998.532363828002,5.74340033104681,1.3003549836701636,-2.9126894601713476,0.4984329969910546,-0.2642915764601492,0.8994678917908666,0.9404343323305652,269.7926012001375,0.04947809304871057,0.43690106982999993,0.3700673912105387,0.11552131959065498,0.014086850149208113,0.0015461479717388507,0.0031786184296747864,0.0008048350393808659,0.00441800178526382,0.003941811762625235,0.00004694328059940761,0.000008917901604747356,35.971015254829375,0.596371240756871
0000887,5,5196.088858149511,0.943357938035236,9.230011051199162,0.9041242582757412,4295.9636604129055,4.937710929806294,2.0065168611369506,-3.1380101380756926,-0.6440251651749672,-1.2349357515937578,0.9042217060040715,0.9448469100986945,291.1815411090507,0.015384068732346868,0.3380164045828643,0.2464066642215393,0.3542252666251027,0.0322330548143105,0.005203816869705647,0.00042500516235713257,0.00102737670692748,0.004732067064938701,0.00224465611436094,0.00010101460760004671,6.044979461663085e-7,34.11266340569066,0.5752398123938433
0000888,3,6141.424008533009,1.4488267252161773,8.763945015672041,2.7995436073223043,6728.133728849043,5.725353684359645,3.822932507810616,-2.27071605634307,-1.0184271326321788,-1.1195885646609811,0.15188337449046307,1.0372839411279848,336.37726133508875,0.0010084714875411242,0.17326733981900597,0.4641715217114994,0.32988595080277194,0.013093123216933587,0.008785545725945823,0.003301238865538485,0.0008020952855401302,0.004537535012586998,0.0010204172837154698,0.00012475918001433038,0.0000020016089067823755,32.77716181107664,0.3990425783335564
0000889,5,3848.5981297176613,0.6441406975154985,14.425852953033223,0.32359387211310775,3877.9393088187794,4.848201062869801,1.7036685763683326,-3.1729285016071764,-0.5326327745507065,-1.0467559277468292,0.8618888307289081,0.9071495560135538,277.03687880224794,0.03459893967837914,0.17095599169889142,0.2812873638386454,0.4860924632827571,0.0038949597774684073,0.009533975013711124,0.004296485930149467,0.0011457534838009117,0.004597492877409846,0.003575277973074168,0.00002016665660864497,0.0000011297891042951239,31.77863949775023,0.13803877148610727
0000539,3,7052.242444865877,1.8360063038930323,5.196062076810527,3.1114139275358608,7629.481563561992,6.22202318519248,2.75503371178553,-2.5634500847170507,1.0787887486519425,-1.059711133119604,0.33660038076226606,0.8444400262444001,244.0846608103316,0.01756159507642633,0.23597611286762818,0.36477535586890425,0.3384613285514658,0.0289340722540902,0.0023233531966549343,0.00017242333075825767,0.0031746520955282286,0.004693691274195921,0.003684053569084582,0.00024095388527733218,0.0000024080299861646914,32.949498669695195,0.20431472995738242
0000890,4,5860.524706886188,1.1013156618250237,6.923984035048497,1.4439181031886736,9838.061268036616,7.138350579381049,2.4812361369961335,-2.468155198709967,-0.4615756959113484,-1.0534402789051205,0.8320526055710591,1.0406268495050828,328.87315156006673,0.04425329150245448,0.05047479615238449,0.8093572990432594,0.026950326577436064,0.04727348773628624,0.0006949956398724031,0.005627019930531096,0.00256556838150802,0.003693944487375968,0.008920279435568548,0.00018773347253653427,0.0000012576407866327937,31.135811746163675,0.5607117004171766
0000891,5,3964.338826295444,0.6890508681543464,2.665456036866801,0.33769764482372877,7529.6191171675155,6.00026587972973,0.8487869401574715,-2.157950200463918,0.7252079484025509,-0.8730365473426451,0.282010193555022,0.8088490918820175,230.3832249708399,0.007159221274662552,0.06296269302909305,0.5508097351257327,0.3139679217755525,0.04552210735099023,0.0037675960127113426,0.0005919348472793451,0.00157532044904418,0.009813800404323796,0.0035546187267285092,0.0002740981825787123,9.528213031878498e-7,31.005788062919823,0.48252093536414253
0000892,3,6630.824173963986,1.5510168900659644,14.067642041191256,2.9372304347754845,9535.662275131075,6.9949073794962064,2.1175418450437093,-2.6148173735976163,-1.1925903566594744,-0.33024294701455714,0.2854438713244868,0.8602678594823973,238.6947838742506,0.04880311763779536,0.3637652420291647,0.29507405287946525,0.27865678354025863,0.005174025743033731,0.006345941678499042,0.0004464592037372667,0.000303331223392217,0.0007685234991154434,0.0006325340743794187,0.00002348306756754377,0.000006505423591279483,34.58721124235983,0.4052111987574716
0000893,4,5891.274004142768,0.9643514266520163,10.684560099934375,0.8507654240284792,8374.741712970907,6.590730423645963,1.4110165277985938,-3.332275637484564,-1.2477355645808534,-1.4003113075079883,0.7577600747423837,1.012971669213258,292.73205770482605,0.03276493700235686,0.1689494626075754,0.4057317172454887,0.34491936093931724,0.03168690337237176,0.00130999347809911,0.007793190058072466,0.002752763001773175,0.002989165541778197,0.0010850248520601336,0.000013272663498789879,0.000004209237608094696,31.798133026584882,0.5371296038380127
0000894,3,6312.3374948194705,1.709610456638528,12.603275173407987,1.7306792203937629,5924.284169457476,5.426082072779443,0.24701890532729087,-2.8653155572767366,-1.0595093323913496,-0.4353050876084239,0.5387040275786649,1.043792513889689,302.5021300232877,0.033260084157604355,0.24264681227537824,0.4103000688588078,0.28714505643850596,0.008627192848939026,0.00826632951131763,0.004026246273417466,0.00046284126429474724,0.004137744306127101,0.0011094322820978373,0.000011358983721345233,0.0000068327997887311196,33.373058150774426,0.6214565290495998
0000895,4,5659.66095073976,1.1488977885198017,9.572877517138295,1.4090427026387489,4820.269634142306,5.123185308213466,0.49431346766448114,-2.4826033447321487,-0.5347968845753629,-0.5444669353464319,0.7296347945383159,0.9489072129510862,262.72933937936824,0.03866523047477247,0.272206506147147,0.06844271361472876,0.5611906007034175,0.023652473903173026,0.011183782081630579,0.012424715189656908,0.000247434592844497,0.00987687119984621,0.001909368486844004,0.00019123913008295147,0.000009064475856172347,32.49008186325474,0.5345219744043921
0000896,4,5857.622695059683,0.9710546177763077,1.9869144917032227,1.3219981277809583,9111.044270852564,7.018880937645721,1.5357178944092218,-2.4085211802935937,-0.912051484767421,-0.9444278417720468,0.679035349047154,0.9840235132307698,294.9020620119319,0.039284553533666645,0.12140886310072506,0.4074557198063724,0.38754360475419714,0.03212196589457068,0.0013478290713440514,0.0038250554715078358,0.00031818439664568516,0.0012339101381270425,0.005295093428553763,0.0001597857804903332,0.00000543462379941518,30.816589154677587,0.47869359406090994
0000897,5,4203.704819236091,0.7196039528327087,8.85407946118689,0.5024321038573264,3654.847225076531,4.717899084291452,2.6804466565262324,-2.097008821793135,-0.5009916995388907,-0.5039893308261237,0.5130477265313707,0.870182186087415,253.82846675601908,0.048316293587456614,0.12504948302414323,0.04917001768566757,0.7437990513181789,0.00944463236821868,0.005526546629784801,0.004270170337773226,0.0001439250535250274,0.006792613498827158,0.0074552909850271664,0.000015335088995079364,0.00001664042240258804,29.86830882790502,0.7990331013336354
0000898,5,4156.303917294238,0.706956000479046,3.9965297625300478,0.4242665184702481,8369.464412845797,6.636367808800106,2.397061994173068,-2.11391845862701,-0.6241354666713231,-0.33501533200919065,0.8890926204771509,0.7055697806899826,208.04169632893664,0.07344112014378983,0.42815767675474864,0.2388782012571268,0.1670322852281571,0.04823323224336493,0.011044207121902936,0.012711416437158915,0.0022609158798561194,0.012102270034667663,0.005951003659332675,0.00018221745060489257,0.0000054537892893712814,35.09597930801907,0.12862250742541556
0000899,4,5499.5253091769755,0.9839142118057889,14.145793027930274,1.1514791720373383,5147.588651919761,5.169002906027011,0.5787444753359317,-2.591329342843461,-1.1708450322608643,-1.3712593278316367,0.10934791310216374,0.9478132712542042,271.0425958417845,0.025467988191948742,0.257700883810207,0.311602592500896,0.3796170132705639,0.002068907755650462,0.00039914054855404716,0.007633850290525215,0.0014591594600860348,0.009322025143952166,0.004717682946140034,0.000007462804205006028,0.000003293277271287227,33.41807343150826,0.18078298054741257
0000504,5,4948.4156864380475,0.6380166508496519,11.822605083068217,0.8508941297789362,6652.6101457107825,5.659782224608767,3.022603833419308,-3.152655887910186,0.5233574006070172,-0.6547929035709616,0.022830230547157715,1.0030128545916692,187.61362890140612,0.044236338365369166,0.5515194648551037,0.08614762474170067,0.2898948617582876,0.001894132162924239,0.007966087343415978,0.008773186794958653,0.0003667679582240655,0.008995733696844102,0.0001867169620228733,0.000016672803638426268,0.0000024125575104596566,37.17144391525947,0.1475615764767858
0000540,5,4513.025861090474,0.8448010938730419,11.047992161178392,0.4793186696444601,6151.370402499211,5.466331574764698,0.17738293861697263,-2.6235171131150548,0.8633258782927871,-0.9031743020260543,0.7184314529729224,0.9627903976465075,262.4650337988772,0.023404060384623414,0.45481826984245477,0.179341053924188,0.26342838191015205,0.050641678191419785,0.006575558286623215,0.009756918965083227,0.0006490548947954609,0.007024436623716175,0.004346504066459997,0.000007212175551922427,0.0000068707349320058015,35.487306560520494,0.3297583380997172
0000900,4,5796.562067167416,1.2903541099522378,11.993609934930603,1.1510234600722742,5122.432571963374,5.106925481988476,1.4587307824223135,-2.8742135478904034,1.0326469682571742,-0.7450259976027189,0.5431298328903923,0.966738430289911,304.1963899319603,0.03875775265192787,0.12532202803571962,0.36018010074696544,0.41771213132314766,0.04682743825083594,0.00029391503619033394,0.006867907187411809,0.0004090495925170414,0.0028312517914148103,0.000559148205266299,0.00023725055333387033,0.0000020266252691789915,30.614539175085355,0.14087537021574642
0000901,3,6343.084354394063,1.5368244537750069,4.979528642372709,1.8173550773091462,7461.431949252549,6.155875734546961,5.471544119314872,-2.9871037160941745,-1.4827028031832044,-0.2857509597717527,0.13069226942021495,1.0351382136452376,387.6444842341063,0.027294374653187008,0.3123117325997804,0.35151818231814796,0.27102709335898945,0.027271967989002263,0.0008594663898144405,0.0023974041891468116,0.0007501339174521342,0.00629908295858294,0.00011782025868892699,0.00014433376769324794,0.000008407599514640618,34.06570477873894,0.2535940617310717
0000902,5,4796.449306039592,0.7492012614068366,6.900532172712461,0.5150004086643509,8751.797694130271,6.756762634509553,4.367091492352429,-2.9211793520697253,0.9023721883175173,-0.5422044584791411,0.6622505047119296,1.0489855415633418,315.8075519219665,0.026901461312498348,0.29097725752064096,0.20166090793345054,0.4173423377708296,0.038601733529895106,0.007526038595133926,0.006953604935648089,0.0008250564850606178,0.004372276484734837,0.004502553366236116,0.0003332850541535583,0.0000034870117184971268,32.985898536147076,0.34832444261160056
0000903,3,6291.785584519375,1.7305040858112637,13.25947546434606,1.6794892231443617,8526.081962617465,6.561650143708367,1.2188906240760364,-3.076544296921538,0.387984968177413,-1.380646229472441,0.402451519383081,0.995430490486894,294.66910631540605,0.00218882529094153,0.01690990211515495,0.5890432157551754,0.28624641019085234,0.06625157272472557,0.014054895231192747,0.009794644105363733,0.0016477199779319823,0.013021055875870356,0.0002581643102368055,0.0005695949430520376,0.000013999479502546812,30.541119775122596,0.475299683263807
0000869,5,4614.267838341268,0.8404053565475568,11.72545137764415,0.8892900557264676,9654.987890549424,7.12416857564883,0.8377432098459026,-2.1934805875946326,-1.2700970934645985,-0.4404998729305536,0.7346928176189804,0.8924252441344954,222.48260312965937,0.02760638214206805,0.09814763933848412,0.3582368853251594,0.39326055551938344,0.08935458068706599,0.0011442093808134894,0.0007913958340466749,0.001434277340506745,0.014935876546083464,0.014868113070622321,0.00019762183223762691,0.000022462983528620033,30.087970412740717,0.3600814802481108
0000537,5,4447.940381263313,0.8382299339828965,11.761653614938979,0.8801305770006167,7665.132028398931,6.072668021529805,3.575083979597706,-3.33385581979542,-0.030912563894728073,-0.1603381183904269,0.3844249153265059,1.0886006343194574,228.6276126016849,0.046494819239489504,0.10902622752965228,0.43682944102668203,0.32414465833452927,0.05729500879594609,0.012790340097665297,0.005728144773614083,0.001962313537981554,0.001394191268354466,0.004266806596216258,0.00006716071032840706,8.880895409597156e-7,30.595113714716817,0.6882150485973277
0000870,5,4287.093474885389,0.7964808911418723,10.666081001325239,0.7072744999876651,4093.874310353883,4.848509717669375,0.4209392763400981,-2.329389792547457,0.07155712722810881,-0.7382052300157735,0.9328645601243125,0.9167781650147528,241.09169986551555,0.03957020853839067,0.4294129002928277,0.2806003155256424,0.21482705106821345,0.017004175115237937,0.005565857849134224,0.006246525059911375,0.002013241106800007,0.0011358043700986102,0.0035823703115891274,0.00003573012455764577,0.000005820637596956747,35.53279901355901,0.18709140158246723
0000871,3,6939.435658088445,1.5914237327483185,12.187080397508089,1.7447125251384195,5166.188052960321,5.092347347764369,2.9761683483710906,-2.624650367454005,0.4094840966465092,-0.9102305010852783,0.4336839587905247,0.9853607980303387,375.1771939910558,0.0399724782428243,0.23411374155384726,0.18023734176476794,0.5290210778208994,0.007062776662833006,0.001666629764842335,0.0028787719387139343,0.0014180147925701302,0.0007276860371867442,0.0028614665338522693,0.00003962318314443492,3.9170451834520984e-7,32.04251537223965,0.17461245051538954
0000872,5,4519.534726375779,0.604546201238491,6.725311451313004,0.715873279906942,5136.841593712483,5.213377632666114,0.8093485673735461,-3.225639379563465,-0.6727329393498959,-0.20881995220258465,0.22923542563252053,1.0879554994233895,217.35276083595082,0.013497578064465868,0.7260312886603977,0.13468342534314348,0.013672604569785416,0.0664366818946253,0.0008391464429678093,0.02239184832098528,0.0007631163475535155,0.018033647281964493,0.003267518175688916,0.0003729153411615554,0.000010229557260722679,39.876990159639,0.5918134171381194
0000873,4,5690.536721767663,1.2870698428141092,10.821095992682135,1.5931431383605572,8301.031408790359,6.5756312268267125,2.9178569626882576,-3.0488468617625974,-0.49906750329647,-0.4361939572369218,0.23988999809094447,0.8813255933205885,235.3948812750713,0.03731243427748312,0.2764038352272663,0.2248418037423237,0.42162623763675416,0.022910434444557908,0.008736970999082109,0.002286105648055251,0.0005769138900545904,0.005065573839870558,0.00018804601065555083,0.000048188537362733995,0.0000034557465341054165,33.015786306718375,0.5725999156186368
0000874,3,6788.213269397643,1.8731593682338417,12.66051128077375,2.5903921706126756,6905.74976564538,5.901910041360686,0.5722820575327694,-2.1913359288715486,-0.47455049082921463,-1.491836409659193,0.27874087110117185,0.9262367227188627,305.0222492012364,0.008177143002829386,0.43758205728581945,0.21923080281902516,0.2317391661896224,0.04311575474195077,0.00412463002160226,0.026544063158557393,0.00041189600477809456,0.01795173087994241,0.011037365006242092,0.00006054673887982449,0.000024844150750874015,35.889487497657576,0.5147204937382726
0000875,5,5239.646804920315,0.7323831912147949,10.940955680302272,0.7952258348279531,9277.032126078175,7.105329045444914,2.126604011766131,-2.340654352639853,-1.3332729528221712,-0.731863392743118,0.32327757045657923,0.7216662676881058,236.15406231257094,0.024114884137607033,0.5235241456868814,0.2433965593131801,0.14362306046833478,0.03770237785456613,0.01140182019021775,0.011941183174841555,0.0002474030630204356,0.00006007003283092153,0.003781367962529528,0.00019642295505128155,0.000010705160939034045,36.81387195139193,0.2686330063558521
0000876,5,4694.98548940525,0.7592024736687152,10.061100780340954,0.8434609919644327,8655.827262617497,6.698540027865109,5.329767846457589,-2.4612921446792844,-0.8366458566318888,-0.2704339421896078,0.06134615494997475,0.7633065072345434,222.88907383926926,0.038961752616753706,0.3249110950009386,0.3137947817003303,0.2878729108217576,0.017210815852769304,0.0026999192597038065,0.006320623461305557,0.00008033763801637254,0.004689932924064858,0.003386034863519678,0.00006753855397368643,0.000004257306866512795,34.04278896112213,0.6950160788642892
0000877,5,4017.6622088357144,0.6201307410971469,7.8383466354568165,0.4751024630888233,6260.226283898237,5.4943513502563635,1.3092289889320385,-2.0794946301835653,0.9259791576717875,-1.1618526067892931,0.4563389924255544,0.9602700455363339,272.8109174032421,0.05891711851685066,0.1815627281993759,0.4690747350470298,0.2655939669127488,0.006917465082354267,0.0013793327008694786,0.0014835320221690536,0.003499269261954956,0.007208265539131554,0.004323662088021865,0.000027413133551759143,0.000012511495942018885,32.42017416745013,0.1296893246834914
0000878,4,5588.346880565796,0.9483581482077612,12.844297645978655,1.0772835808156558,3772.5189568260776,4.780447500625151,1.5828018694622052,-2.594841828615408,0.7350383600413966,-0.8065980458697013,0.8040979540695397,0.828382269683844,266.27816639673017,0.03215183078792924,0.26837122062291235,0.32485894177431374,0.3418813245929499,0.0103821587437986,0.005570014561471561,0.0059039609460064535,0.0030222548623125498,0.005397413459082032,0.0023741783350139357,0.00008101595487041658,0.0000056853593393118595,33.47360095415751,0.31926513684860147
0000879,3,6494.778922682008,1.5011890246287123,13.328980209620157,2.5713186631827414,9240.761796375047,6.970236387081609,1.4192417731590565,-2.7767317500846502,-1.3968222696291464,-0.015053732213234916,0.29099590905699124,1.0363417363363825,265.58265743399676,0.057902515741261325,0.5023456774408409,0.23003130830568969,0.1319499202043831,0.06912279804694803,0.00021949599669554486,0.0004350163227849231,0.00009641906853604826,0.0015592606962322058,0.006011689156742595,0.0003244626107091574,0.0000014364091763627761,35.555511660334524,0.3560961951260925
0000538,5,4610.606706668412,0.7328559559113953,10.053490574581069,0.7252579344845744,7577.139961634428,6.139911076253476,4.825368541569489,-2.928941019973161,0.448365955375134,-1.1388327693453502,0.4883662076984181,0.8300752989939912,215.61819734543434,0.12175336508336991,0.39481813363618634,0.35787540601782974,0.0013774619050844297,0.05617792231681906,0.026762610396979955,0.02393347955916865,0.003007573637228233,0.013550367000757561,0.00022502230163801607,0.0005082137178956598,0.000010444427042295928,34.84063831356634,0.7754543353031714
0000880,3,6079.792647977026,1.9845137690491939,4.65629002572164,2.439165751524859,7191.181026681468,5.8411596922752835,2.7993094864171795,-2.102155631212838,1.0923447405932745,-1.3260840239090514,0.16849662135265042,0.9830465288708147,300.6149038104931,0.001347296514938881,0.42552453817844643,0.3547979076021217,0.17805387808911097,0.017557506898777782,0.00748754156200044,0.00762527814154102,0.0027082585753230794,0.0013950730409262103,0.00334813775797224,0.00014768475796428805,0.00000689888087672276,36.19823554130687,0.7394442401000347
0000881,5,4053.54312357865,0.6869861233400463,11.86469324153099,0.3933599682786533,7476.915958388682,6.0229028126994955,2.0328887071316504,-3.029259661585318,-0.8808090026620288,-0.546253505611997,0.5884902324965897,0.954239452159142,268.5203946144318,0.006194574361678255,0.33494418199344855,0.3827458598421799,0.24141502092584094,0.013781251247220962,0.005100427757470208,0.006637601067017589,0.0017284354389240273,0.004344323562887561,0.003023877092545316,0.00007625733928948363,0.000008189371497213848,34.9095280050366,0.13314283117468242
0000882,4,5876.9190545434885,0.9260518981847036,2.956725384113912,0.9334951127510839,4446.145986535788,5.078591952959201,6.369862500543771,-3.3644064063862786,0.8738217365586589,-1.270026565707183,0.8869605965197722,0.916472665706517,337.2278823427396,0.018178620242498705,0.43016055627118677,0.3944988523399664,0.09416995388285479,0.03623507587401144,0.002443273687035621,0.009678651109257821,0.0012030455824114349,0.009827107369593099,0.003356957592616734,0.000237833321445309,0.000010072727122070819,36.23195742757973,0.45046148879877146
0000883,4,5651.330676613196,1.1991291121962728,14.786472513193273,1.964202712880489,7975.045043654727,6.337239177214127,3.7005462327495815,-3.1374977629974885,0.8464053594673175,-1.2143468375003164,0.40737604595792487,1.0833576282528774,234.88215513670914,0.0008104965904418098,0.40891308797160375,0.20637266564012605,0.3145945549343597,0.04465328497946233,0.007555725363701522,0.005770286341579758,0.001346467786431575,0.007545238955891694,0.002297435521322363,0.0001351452629850301,0.000005610652094450673,35.22909225712773,0.6456950125067146
0000884,3,5944.972011827945,1.460003458935601,12.2450344471406,2.3229619613479446,7316.725166452664,6.066075691228777,2.254495441378427,-2.9036397937854757,0.5689196136253867,-0.9313030105393729,0.09047150522012204,0.9919894857128753,209.6626695497422,0.0027463253357086458,0.22609055308414305,0.44449034215418515,0.28587942855797277,0.02658578620182725,0.005193307506180579,0.004138987556829494,0.0018001589961943903,0.0008010633705640229,0.002103101627062397,0.00016619720483334406,0.000004748404499122021,33.18076758506068,0.5315767796569237
0000885,5,4850.210993135359,0.8020726518420253,13.134814054410699,0.8790696148730295,7775.214289828482,6.1823650561457155,3.0972266550923706,-2.2504667153517905,-1.2168437350943202,-0.046802546928711,0.11859648106179865,1.0521747266487917,357.71083255479533,0.0562793198546246,0.10838013158956075,0.42489007341586416,0.39286037274149066,0.0020109026218417723,0.0018722195433642029,0.002208095515690226,0.0016690051438560814,0.009396833503922408,0.0004253761911643695,0.000004170924538643325,0.0000034989540823015217,31.251391986522254,0.515572123605775
0000886,4,5875.512105039304,1.0157298380819015,5.420156100743837,0.9112467329705347,6817.717364020102,5.654381092356698,2.7278924551111663,-2.855380237518058,0.11158263732760942,-0.6938211796348277,0.5686192386367217,0.8377643365011606,280.0846104259198,0.009067918425037293,0.2363335561986157,0.47228300894210096,0.2044700815485258,0.05618118520675186,0.0023316037198116203,0.0106764959789097,0.003069805239157045,0.00450010896778103,0.0005796516472613144,0.0005034579929738721,0.000003126133073825872,33.167583364365,0.7808305691042743
0000904,5,5181.706421336095,0.7895176618342874,13.438362473606972,1.1782926984507651,9639.118420933319,7.319666902154962,1.7044856256375165,-3.0968750842138575,-0.8595151385358426,-0.8136650936295726,0.5519063818606978,1.0001951267161147,205.8420019835502,0.012046118194639242,0.4422136797067462,0.15830832858146013,0.34879519528116915,0.015605020615581281,0.0053100773470016365,0.006808432484881483,0.0004024474474401144,0.007954084933213578,0.002539833586864615,0.000014248800403126158,0.0000025330205995137213,35.76288527698942,0.2885149404137326
0000905,3,6961.043399332741,1.5173093857754283,10.154731846126834,2.0383112829297967,8334.475436185532,6.547083030517309,5.698215254338911,-2.041615108416943,-0.9051430785494295,-0.09594950390133383,0.3261697879950689,0.880218766123744,346.06054401188504,0.03928959578766357,0.4258026844781155,0.2836179473329395,0.23184181653332683,0.006161979345785076,0.004163521664503574,0.005707361641262013,0.0006295440435288358,0.000740140838661965,0.0020159131281457074,0.000020890272712003375,0.000008604933355458062,35.572583761943214,0.5938702437076214
0000906,5,4787.247005372724,0.6138475488061785,6.353609260899661,0.4991277320816909,8157.023225373126,6.453472593323724,1.7209860170389797,-2.435143937139495,-0.21019934958819553,-0.9278861940555967,0.06571523018027803,0.844208585664699,234.20730871572368,0.01171039580335582,0.28659440891201493,0.2467052988115797,0.42402128733198596,0.01895342143191993,0.002979971167848501,0.004876337534652029,0.0005437919168904847,0.0030889234826958147,0.0003689264533094516,0.00014834156290732624,0.000008895590840230357,33.403237734385705,0.5559479607670996
0000907,3,6836.975434857098,1.4942540179600714,7.173218703269092,3.392377524441622,5112.7991853927215,5.1563431621640525,1.4535572984620313,-2.652633338893871,0.941030143942795,-1.4866212314274965,0.9590177737173765,0.9203863244709014,271.1613599122246,0.03834501522321291,0.24160842238857783,0.10025386578691815,0.5795639094831431,0.011237348661225175,0.010426802726365113,0.010962461836896005,0.0008643929766234242,0.005493801657554221,0.001131365392265461,0.00009461369818669109,0.00001800016903198845,32.130147965843754,0.19405576640453565
0000908,3,6092.318424388353,1.1389737287070767,10.904633590535427,1.2116664966504702,6930.717199007685,5.834235690241704,4.514868025152524,-2.2455327059064585,-0.9824359696748355,-0.13330578644486413,0.2712710743213099,0.9268331108514638,373.66663222942907,0.010207933141465125,0.2589574930086537,0.48589557520363824,0.20571030239819685,0.007467994511186226,0.006958709023281785,0.009243384195549386,0.004468995087004689,0.007690964055943188,0.003350290211573192,0.00004703272216061366,0.0000013264413471307765,34.34197388489883,0.1353014710792185
0000909,3,6601.001748981843,1.6437221063489245,9.458010130515751,2.6622057107046464,8955.596207252625,6.922914799163717,3.39903805715955,-2.6273977615240893,-0.00006337472383188825,-0.19721893226877363,0.8960776921250461,0.8253949443300035,217.98983743291117,0.03240436269770898,0.3836780137472193,0.07891003486874744,0.4773680789895818,0.01753048572046622,0.003151836198782889,0.0007599362059017499,0.00008696657318427082,0.005859767999619694,0.00009040322993982464,0.00015440964672515625,0.000005704122122589836,34.1942585248365,0.6565525408092677
0000541,5,4761.996651764373,0.7127027740916285,7.8945303086911025,0.5525734587607976,9495.295413533828,7.000023361791143,0.82403576614747,-2.232336368165386,-1.4580551308723788,-0.38864031583824277,0.7967434674492169,0.8493953713268626,250.31977260212247,0.06094025796638328,0.5882327230123956,0.10024261695837576,0.1491271493990699,0.06376572983153683,0.012373739527726491,0.010485955992122485,0.0001946516306186259,0.009561335606635288,0.004526009362085217,0.0005416552205309313,0.00000817549251941875,36.94723291547703,0.4130993781152945
0000910,4,5471.010708104134,0.983751870312717,6.465512697861726,0.7760138418515876,9862.692311253179,7.228683352494928,1.6255770968167644,-2.0913215113477786,-0.6011332081471688,-1.0059461833369263,0.6081951945358843,1.0562657740731916,414.19349282329233,0.05519688417812601,0.04160453354525954,0.5885609640848213,0.21417665686571966,0.0718057533109624,0.014057562254446604,0.0036300972863078716,0.0036090345060979133,0.000242958766222741,0.006952379837267696,0.000153299451677924,0.000009875913090302242,29.84297643173318,0.21359587073767705
0000911,4,5332.008235117524,0.8953686812012936,3.844350540129498,1.0425018348942094,7163.967880143997,5.943982578825535,1.4663258743550356,-3.3909522331825293,0.8255746636609596,-1.3739970550947085,0.6426753093531954,0.8747139472583052,196.08394892251337,0.05164120349505808,0.1086886748362891,0.48986403336292855,0.28371390599765667,0.037659032943109634,0.004018646754754445,0.01235539554963245,0.002164949651693103,0.004326828453965894,0.005414291509330554,0.00014116292186699676,0.000011874523714454545,30.941686020429472,0.3114809352763255
0000912,3,6025.933265735686,1.4179777939893887,5.410438846056138,1.4430305036908684,4446.503059576876,4.938796849418735,3.190651572495951,-2.82413038389694,0.8791249726407608,-1.354286655778932,0.03795183579088135,0.9306231314453679,247.80683606699375,0.032783784114381875,0.4123582677695686,0.2658514137034938,0.22818689722087912,0.0442638428901426,0.006046754953735173,0.0015186147322511097,0.0009715224803743734,0.0034189179496943683,0.0041653548534424855,0.00042816793947075783,0.000006461392565430872,35.005515502006844,0.509914346779588
0000913,5,4506.205011924718,0.630156667482126,3.8458301206603682,0.37209680062615746,5727.268176990429,5.40537094207225,7.058061267320443,-2.419822314957226,0.007711428217773042,-1.2754708946897853,0.24590151835479945,0.8229113821340726,304.2241234594358,0.04348537732087284,0.3735223254591707,0.35619396125910485,0.19040841333110298,0.008607710840572715,0.0009449639563007603,0.009978232543066953,0.0020559962423407413,0.009767732255031893,0.005007284560317471,0.000026008218695205787,0.00000199401342296797,35.22372477694817,0.42382862797061116
0000914,3,6107.966068607722,1.7803510790178665,9.868554914525237,2.560797651493277,8534.7580754661,6.757229113186535,3.077812480103349,-2.1304666515783888,0.20267397365062934,-1.0463138780119152,0.04674339666570415,1.0329496344821087,254.3932153559311,0.0634468809618021,0.4154690673593539,0.3154249882585242,0.16829104051052557,0.01474385935996229,0.007730095142145308,0.010427301854850315,0.002290332850146558,0.0013732830652449788,0.000673336808424937,0.00012803782835018408,0.000001776000669525688,35.317608632064925,0.349923837592586
0000915,5,4188.985770305373,0.8141607266129455,14.982188245853926,0.7587677432687604,3898.6419739405133,4.72021763092197,6.282359704475334,-2.5906160110579552,-1.45628916443286,-0.16639092686892254,0.24427983698765554,0.925284606214111,335.48984566166087,0.06008264741507251,0.042768447741969216,0.30692864529046043,0.48095227119529804,0.0995728420785187,0.005109500992816959,0.00032980848380625803,0.00007284218857114022,0.003343975715667699,0.0004939868554025788,0.0003312247961994115,0.00001380724621702592,28.327000303259737,0.7915478022855365
0000916,3,7015.943488104073,1.7735085397006551,5.356001545308046,4.162014370019473,9276.162219980131,6.907189435693128,2.1396605640198048,-3.0257304898395274,0.6895822072239208,-0.9213712967915115,0.3243050477192667,0.9039796015122818,190.2712011783588,0.028285298180987278,0.4947558119324861,0.29881968911017825,0.16100373572924476,0.0013167068905765912,0.0025358704804096834,0.005322058718057637,0.0012076975321734138,0.004542585444379792,0.002192388263552944,0.000008653611967539818,0.000009504105986201043,37.02480877052334,0.6572926165075857
0000917,4,5728.068490556841,0.9830902499516292,4.554068274816807,1.355001853099608,9094.62342106306,6.916520585664987,1.6807953281844659,-2.874321901628904,-0.7346681632550113,-0.04671066471982588,0.8063325735026667,0.8764374493459179,209.07142355792791,0.00131920189601015,0.3411903136178149,0.1326900320425687,0.5061960019766899,0.0006819727553380466,0.011695491145762866,0.002027653547695765,0.0011876292372248556,0.002871252965164183,0.00012455641073186037,0.0000039724721161373385,0.000011921932882717333,34.29195788933403,0.7293652156366865
0000918,4,5799.712683070589,1.0930704534634583,12.064402863206604,1.2293124977421341,4789.798532764541,5.1218052929008975,3.367134752610612,-3.3205136243089655,0.7614453502892484,-0.6110252342516125,0.31462145109361095,0.8266885850745653,213.77934767518835,0.023702185962397683,0.3882188701778175,0.2703251531153206,0.2833250136363473,0.015150568040190793,0.005416126646004278,0.0020671587731122066,0.0013356546073172192,0.005583127704175276,0.004728633067476228,0.00013430497327930006,0.000013203296561498288,35.1455669677485,0.4807487156627883
0000919,3,6842.704736587963,1.7733385890289566,7.95450682106093,2.8485275846512748,8520.357976317084,6.562796566219553,3.694154946167531,-2.7994619398446994,-0.138266615086043,-1.3757061972096851,0.27513321161003235,1.0350161647621667,305.94846496951436,0.03328387933516993,0.30691591772026255,0.31948028379390964,0.2721908253156192,0.043064431021831204,0.0094239629246635,0.008634956013308822,0.0015066371588197563,0.0012914823815306997,0.003795871685193583,0.00041030725375111696,0.0000014453959399563702,33.53388379784741,0.5936036919792578
0000542,5,4971.253044775426,0.847382294230791,13.807858651405153,0.7582903376337518,4430.833319847405,4.922248914543428,2.7536122132759733,-2.921211904035295,0.9893333544993874,-0.46594835461220496,0.37702560601237156,0.9474324075122615,242.25194569658504,0.058453326042317545,0.20169790787580882,0.0026924531073908246,0.653201341704863,0.044421944649774746,0.01325117093272257,0.008044065496837727,8.594667366497561e-7,0.013010277635636194,0.00515012713793814,0.00007236785963308235,0.000004158090340725323,30.759162973413737,0.27601818491013774
0000920,3,6747.277063957148,1.4254915646973634,9.159086890760328,1.706697707431542,8814.86961957911,6.703676861889601,1.0479862361829178,-2.1098403660539526,-0.2066696293493584,-1.1226970152701474,0.4585744660899409,0.7956171319625139,287.53445379526795,0.009212611532251922,0.6055464700132107,0.18493430188027296,0.10815382784290845,0.06335538302063165,0.0001967409240386728,0.008308921011586404,0.00036901592951458503,0.019283863421174368,0.00007347191827443794,0.0005465926894725089,0.00001879981666326701,38.29183796883835,0.1086647477357105
0000921,5,4819.781792533482,0.7341869376903251,7.770256578577425,0.6852203305456309,4110.26215904325,4.814058514865207,1.6699832235531866,-3.050046836859863,0.061190999539124435,-1.1615539287490706,0.8869396911677797,0.9623810738705719,278.2368645970799,0.010825372493770104,0.3633020907937905,0.34559831911511674,0.23522159248673702,0.026431197539490317,0.00409207073413431,0.005085540477765406,0.0001838046476013244,0.007027075794943815,0.002084181469062014,0.00013903033179315957,0.000009724115795184304,35.077474029630515,0.5592621808997312
0000922,5,3821.640078568824,0.6258642614879679,2.061160814285476,0.37870353823503544,4639.350171536929,4.992017081824683,1.7279147747882913,-2.32154884526832,0.3763816859373159,-0.16045704403054128,0.8780632442633111,1.0516519817310817,258.60777512074026,0.0046281448815895,0.5195409836835118,0.34741620517846733,0.03893254727166058,0.04651635366892287,0.00889754201256217,0.007232810187766851,0.0004191865872480532,0.01842597167100988,0.007843702735100823,0.00013261566811761927,0.000013936454042609324,37.83474887999944,0.7510245012110623
0000923,4,5377.787608751897,0.8647504386568005,9.786132065269632,0.7468879079861181,7259.298721335424,5.942291324247708,5.033787322316503,-2.628603598925169,-1.0273340449481059,-0.1506035677114237,0.5559630738289364,0.8577611856811098,303.52354731930143,0.03705278592998652,0.42018128679809386,0.4160412049849797,0.08451681006418074,0.014734252860719109,0.005922408339320038,0.008006929693132577,0.0030310153076361485,0.008828941844779597,0.0016702452080012806,0.000011858090103874739,0.000002260879066542027,36.30154772913709,0.14908504556728566
0000924,5,3913.660390253322,0.8335911993110817,14.955503751238735,0.45134701199318,7421.0102195259415,6.115289744401869,2.921709992688889,-2.966608830023561,0.04106977141413437,-1.265468518526022,0.7442307073955928,0.9219947640446596,276.0280911954753,0.00040475930686939104,0.28460580871336943,0.4937444777516701,0.19616428166662836,0.010543459544138996,0.001445487903056133,0.006604786525210526,0.002687410390343945,0.0034411936463279694,0.00033370308604843127,0.000022011462540154778,0.0000026200037965982095,34.60088111433971,0.4482879091730657
0000925,5,4743.866402239542,0.6016201049817819,5.441508259133246,0.6435011063452339,5207.163301764973,5.193541437971228,0.7892611729029113,-2.0398962065808277,-0.2664739778287373,-0.42679034997631193,0.172208294489829,1.0258732286864882,250.7193663967667,0.0044047883832873105,0.4470255353302618,0.24921788835241282,0.2400310516081703,0.0386376353104877,0.0009316527023245206,0.006480811119560275,0.002340541827054218,0.00865790048810912,0.002028958634322001,0.00023758101931645471,0.000005655224693440228,36.00255336429757,0.16626996725923382
0000926,3,6562.7136500061,1.5001905662001576,11.489293633538407,2.611158682815237,7261.627456699879,5.96457823168269,3.9530133169845474,-2.204865347490489,0.010911783558088084,-1.3932211254841869,0.8384229298840371,1.082421539669148,430.9863719198895,0.08088972575987859,0.31766293738030354,0.099083311025385,0.2904504188248601,0.11674338804169712,0.028347324195130294,0.05136665392360029,0.0001356576372751859,0.006522647561708163,0.00823136755819061,0.000522829304877015,0.000043738787093941077,31.885553405743593,0.46024124349328666
0000927,3,6233.06023283111,1.9740398446578826,6.306624186245871,2.649687326957352,9156.598748761977,6.933125406374946,0.3110000694391548,-3.4715193590708497,0.8776035742946067,-0.2615537502724137,0.783315938901583,0.8986794534386254,234.35637276100664,0.05055319365573628,0.6103114470285768,0.03499738124943465,0.22974774051551392,0.04987314242746757,0.006156523587269326,0.012177395398731215,0.0002924024360460547,0.0035736323500641875,0.001824493621065795,0.00048098557517692824,0.000011662154917449775,37.02689048036271,0.7522513987277265
0000928,5,4367.478094502289,0.6433944911279756,3.1309430272625436,0.5688251044673638,4182.513062529955,4.90156233110243,5.2754538692063395,-2.370399786522336,1.0983760859558562,-0.8402766582300143,0.026184718753914038,0.9185071673356886,183.23985103658,0.015938116507243076,0.46420760788564863,0.018623740381141837,0.3983181375426242,0.054169918583197044,0.015835989959752054,0.011897730585764342,0.00003923936217725808,0.015046563278655176,0.0054809624821034846,0.0004266562895946232,0.000015337142097996454,35.44219463961495,0.5012915925096377
0000929,3,6357.08864858251,1.303357293070087,1.9068138206890766,1.6070233576101725,9561.504250289501,7.224238608375747,1.5505634050057506,-3.2744649271469513,0.9374940460538475,-1.090725805826254,0.005622131488141946,0.802856218997072,193.29903243954968,0.028595150886535938,0.32881640124224354,0.2642846597634033,0.3262799999631196,0.03526269781407484,0.006066354936570754,0.005881571097579766,0.0017776657796142428,0.0004146757023130816,0.0023437823237939426,0.000273079013945472,0.0000039614768052442425,33.740587007112765,0.3930706882831745
0000543,4,5710.551590529118,0.9617818939369724,7.377224957589101,1.3481819453923296,8488.816571281852,6.571390158295772,3.8404599915824646,-2.611175026661509,0.6491750437598136,-0.6704124276630491,0.17098052550398135,1.0060627512026938,229.35859865854187,0.03396045650106003,0.19429733577779432,0.4177772459667345,0.31631273525673875,0.0196397829229316,0.004373816070563276,0.0038235143014841862,0.001383942593480987,0.00575790500468559,0.0026632889423381335,0.000006300740714028592,0.0000036759214746575936,32.48799805043955,0.43794523826365017
0000930,3,6591.811782381328,1.4514993480391734,7.429361150441076,2.4920110385153706,6359.187519080356,5.493146843735732,3.764669548643261,-3.1833045614722852,-0.780328809692315,-1.4586090116245822,0.4571893488394334,0.935651355455915,271.712743424904,0.007302363952010756,0.5182763184452445,0.15163484653272347,0.2875432761906768,0.020760174711939236,0.005263874370334733,0.005755532385793955,0.00023883025104732555,0.0016896518646202512,0.0014478496067938263,0.00008138474080170911,0.000005896948013520457,36.72097892405163,0.6700005679603072
0000931,5,3989.9977568453696,0.6405321276062463,4.883601913563231,0.5202159194014925,9936.38483533422,7.386264157020607,2.9276166937940253,-3.062954886772814,0.35551694669861233,-0.118490188200425,0.48004113992273933,1.0384585481266255,214.51182573422247,0.08213055279646406,0.322608430192143,0.24050775864573043,0.29150159655337154,0.04076899926550766,0.0017355757591728813,0.00747028293071648,0.0011609695947923924,0.011102414657921715,0.0007856208789820879,0.0002172780116153398,0.000010520713582258847,33.26648994053914,0.5244195139207907
0000932,3,6793.994186583768,1.944203046096203,7.892137621125353,2.5549424873900306,5071.306147377241,5.072382568341371,2.3090738408155462,-3.4359803422483006,-0.8269369140412568,-0.7951291487259249,0.9128774896067623,1.007762840632831,307.22016243349213,0.012010914403637902,0.34469537857837185,0.22843579756982624,0.399613017291482,0.0037012101495356334,0.0014320534965988206,0.0017211355878169615,0.0004421609803391879,0.005743293416419021,0.0021958015569200724,0.000009202675582483742,3.429346972545415e-8,34.488059674810614,0.27169815415948706
0000933,5,4482.883453700489,0.6542476329648211,7.788074169295279,0.7234401477964123,5291.67684443243,5.3001768801746,0.6540327229636558,-3.0136750651123982,-0.4867874697887673,-1.0962813156669775,0.3743811209113782,0.8073818068549254,169.175756676623,0.009411085371040125,0.4672277552204664,0.2737767879562328,0.19537771246095895,0.028242896156314753,0.010181454165125007,0.008055532845020419,0.0026779205142778814,0.0032375005823388676,0.0015473924213777492,0.0002602710310415684,0.000003691275805401096,36.462600770644435,0.7370511722410862
0000934,5,3802.866365620519,0.7602410425476135,12.771809265142199,0.6635488641342776,4966.853839385261,5.1954465130301095,1.441104650495,-2.1412956083836434,-0.4219200935323537,-0.7723149596115907,0.5213956151240967,0.9001687571529547,224.5116104279027,0.00808978252822576,0.17737470929824206,0.23205066920103512,0.4914277151387989,0.028977148699357927,0.026489450081686808,0.021632842187936235,0.002313560180991734,0.0030986273423407704,0.008417023254997245,0.0001277647140213819,7.073723658680263e-7,31.837079459994257,0.11777423032942855
0000935,5,5264.0643115015855,0.7000604239183357,12.701067591937933,0.8882318204858003,3846.840009916719,4.886461610720263,1.3443460497186708,-2.0811259392090573,0.6747830665905834,-1.1491626666756556,0.5709973625284054,1.0319244243054755,329.2779205806483,0.020691890274970325,0.39216873101141286,0.35499338436616235,0.17308745284715216,0.03553208492133681,0.005840083369075821,0.00575563519123318,0.0028985550288681376,0.004756909538374593,0.004029294127978775,0.000237248243046656,0.000008731080388443682,35.348133545167755,0.48233679914701
0000936,3,6414.8610579616625,1.9252245377537742,4.464947835366395,2.4292743791517615,10152.010830475572,7.457872746404215,0.6289323777616658,-2.2355435953129157,-1.0477057499480407,-0.5143551392717274,0.12307425979169251,1.026781362629581,319.23305891020743,0.034368330661596024,0.48362005309988987,0.0018183217553256765,0.42696848883025323,0.035859789252538125,0.0035637205859617117,0.009069530747544989,0.000002173504437886942,0.0010882202081891317,0.0036060210804061375,0.000026811648640575192,0.000008538625216669197,35.040989373185624,0.35079875321887033
0000937,3,6774.035451545166,1.645946372371791,4.255235027775976,3.3833825637564674,4505.42022569088,5.055129630409242,0.11142178663796964,-3.293448938625324,0.7821258857578712,-1.472220533294589,0.02388544153465577,0.9738125157919169,243.3727990641462,0.005769102761462447,0.10720515653055919,0.06742786845614092,0.7831588046445906,0.0026433703565051396,0.007762668297759111,0.004069748227175853,0.0005727499717035461,0.015014220738220075,0.006355126383054058,0.000016193217034282404,0.0000049904157947040724,30.514823424850146,0.14138099386620923
0000938,3,6138.9545193410295,1.8249427500198478,14.59104516110194,1.6151771070793917,8341.85096067022,6.6368290066324205,3.4103369961054364,-2.955880664096054,0.3374395111211905,-0.48224372725422615,0.4092230796161691,1.0614171392645635,339.2207837755264,0.04572062249387227,0.30994522389978396,0.2806400035479756,0.30452372450693405,0.04013456849092207,0.0016062671011662433,0.007860952193650957,0.0024635123665399483,0.001666667469152322,0.005352493828328962,0.00008366515180329912,0.0000022989498702575996,33.22879422037001,0.5032542398399854
0000939,3,7113.828823447915,1.6171746069527373,13.005558142782343,3.3701618878920976,7031.895612892775,5.817106524693638,2.810131183849075,-2.1199965457597667,-0.48528669255124046,-0.34220894601212537,0.6940518785630737,0.9524960662169782,259.5898006568285,0.011779250576979997,0.07601577739907259,0.32493864278334494,0.5120612112443533,0.04677743608260635,0.011116175518795098,0.004818486157535013,0.0023816389819813345,0.006316210095081314,0.0033770683342953,0.00041398285144891405,0.000004119974505974217,30.26282568250736,0.7723832829045263
0000544,4,5544.63428521552,1.0304829505906314,5.701777185015867,1.4792548782553059,9227.718719245095,6.983105359392934,2.966654936988591,-2.9133221441053703,-0.5111612394731975,-0.19140588972531591,0.1862600315172277,0.9428246910838184,229.6860345538475,0.03520595222431001,0.36411268066767716,0.3371465460010505,0.2188849098427669,0.027426317197031178,0.004125040033629629,0.006466128446926665,0.0019224200816332989,0.0014024541187802658,0.0031299172413541045,0.00017686281135849405,7.71333481838903e-7,34.62206549136955,0.7141496653042647
0000940,4,5697.2379811858245,1.1311219098172591,12.205582701154169,1.5631876499954167,6018.388943055825,5.474582607017474,0.8584831250271093,-2.6784931386306936,1.0737088808572008,-1.2318369108357619,0.36745399639909626,1.0253754316037498,240.76198148556568,0.030032333651489735,0.2387438749365645,0.3358261469069003,0.3456366840219775,0.024620871556946842,0.002732536725805656,0.007450526329880552,0.0023584230158802794,0.010038587072623225,0.002418432321795616,0.00013269554615606447,0.00000888791397963292,33.0023136534128,0.1966487960337379
0000941,5,4138.3477510718285,0.7796260710665002,10.325128160631824,0.38221324387371763,8612.943404475685,6.645420537642325,4.050112415462751,-2.639098622766986,0.9756026404535234,-0.5236411747213054,0.8618501779943263,0.9815019830582965,324.2399847690849,0.02216462448572051,0.03360119281536813,0.3522790782985214,0.5154234556336623,0.03565811960062966,0.007398425712680385,0.014497388498167497,0.0004392447979220726,0.01288967011250005,0.0054454585082031595,0.00020111069053345217,0.0000022308460914330836,29.838463333697423,0.6199826753453358
0000942,4,5573.730858714784,1.255766185665336,14.481168227779433,1.6284891105627568,4134.302777526949,4.963793356832901,3.2032873497245133,-2.569543560265779,-0.8739808594898982,-0.6807310529451873,0.5570289254754901,1.0656323082840775,340.13201934917765,0.05111615328643697,0.5054227240679627,0.01064956796522088,0.4073003887236644,0.0009118055493158866,0.009079479576006388,0.007116362773551344,0.00007709114944575785,0.006750012504985516,0.0015661012921464573,0.000006535862715842158,0.0000037772485478612703,35.99210711319609,0.19374922435656772
0000943,5,4626.830129709793,0.7440093547126396,11.283771926844064,0.44352396990384385,8000.515918713577,6.412116910955331,5.113310929570652,-2.658113619693776,-1.102297814646163,-0.9744285924639241,0.04672498570696204,0.94927618203012,391.28618725952657,0.0503467364435958,0.14274116862189593,0.5154335104642285,0.22834658264613145,0.027688999851514934,0.0029697072375105787,0.014364555729965048,0.0031210261445720863,0.013648809677023869,0.0012254376512148976,0.00009870273389901592,0.000014762798448085125,32.105041405750455,0.6811679533959198
0000944,4,5363.3074584904725,0.9397394293630905,14.455079851281234,1.1972362658091793,4131.966285649976,4.961556503695084,2.3926550689502797,-2.0340559529878597,-1.01185709335103,-0.15938820431865142,0.8549169230785494,0.8637053176895503,230.9682204117955,0.013967743478588316,0.0988950685079098,0.44456178961343124,0.4066189958907179,0.020011196982133602,0.007642060180495584,0.002423335634711285,0.002130923127339776,0.0010050000066002653,0.0026069446916737677,0.0001354987301783324,0.0000014431562201101247,31.16046243770313,0.7539356435011564
0000945,3,7033.431471416534,1.7674064984582047,13.760630743957867,2.365301600155337,8457.233448126926,6.674056422573203,0.20426234443602154,-2.576276759887696,0.3295039064808918,-0.05669207626557915,0.36953472719758496,0.9620362569014285,274.2176727638889,0.06457598428552604,0.39747140509721324,0.2267833957108682,0.2429253271028173,0.04856127377017187,0.0036975359158509173,0.001491835631926624,0.0009009741716060797,0.004010618205435941,0.009349587726089235,0.00022228665334726402,0.000009775729147415335,34.16791264889434,0.12076436245377829
0000946,3,6988.613660200482,1.4449364693495048,10.715469600642352,2.266358008649024,9721.072487970132,7.302947658017997,0.2560504390938375,-2.823098885452148,0.5298278970847781,-1.3057873125825041,0.9419708660992044,0.9705352369129006,237.81918004510698,0.026722121926736307,0.34426695434714916,0.23214479684119618,0.38467123605579073,0.0017885760319602117,0.000054898170015490884,0.0015707758468559367,0.0018254573225456934,0.003132476966678572,0.0038071975219056485,0.000015146379391279816,3.625897748668039e-7,34.265659601850714,0.5852959802688806
0000947,3,6464.349221841757,1.5911836543914337,8.169617752824339,2.273644236008762,7452.2360734846025,6.029546712876296,5.322295994587496,-2.628999390406223,-0.3842985130599168,-1.457422590025077,0.9508259201447414,0.9533867691189878,387.217533223114,0.039621315819896405,0.008955400046487828,0.3840963654331157,0.50872151344183,0.04314446306792794,0.007255980386737392,0.002246401634892251,0.0023351077220064072,0.0018141817120914277,0.0017808674660136862,0.000025994012340865884,0.000002409256660031309,28.983640648240645,0.5975742922154011
0000948,3,6757.644632273458,1.5410371364551003,5.024030847286693,2.106117791152098,5810.70686611643,5.25699239712112,0.42486676171386994,-2.1993396776580876,-1.3032023763311997,-0.7141724103979004,0.4362176673464392,0.9929788183969309,341.5874959825197,0.025072837185828912,0.3424220653480306,0.2543034255385111,0.3509453890963312,0.01082392394944983,0.005658555442440955,0.004894132720870315,0.0008336197524749031,0.0024652989070084127,0.0024853068824047175,0.00009429386064599626,0.0000011513160031972873,34.293110364002096,0.3672524723515763
0000949,3,6364.539252871094,1.8626544457408785,1.893535243582161,2.4763742522982954,8063.602497048461,6.350944954198217,2.7357727220835186,-2.770816256895463,0.8045182859149609,-0.30169050792696694,0.6636371083054705,0.8660273328747141,237.2356282926391,0.04419367295144361,0.6717516916035376,0.11712146367933489,0.10726442862013517,0.03193877250296658,0.013016089240343795,0.006136086070310319,0.0001903177849927247,0.006645750364581517,0.0014720798029144362,0.0002678576644515379,0.0000017897149877888774,38.83741052452761,0.4854744826249775
0000545,4,5716.1205827659005,1.2274883982660056,12.142655400161626,1.3184897677550351,4023.652120020866,4.875790769129497,1.8375276162943421,-2.675746006188791,0.4021048451319753,-0.0030766021203183502,0.1579430767564679,0.845399667591254,208.9772775821048,0.07347181157350123,0.42736222697397297,0.14956831321350814,0.25804384836132555,0.048999297451183005,0.003726351867217941,0.013169733338694235,0.0005044702924968004,0.015680518917107734,0.009319169713141867,0.00013509891920457175,0.00001915937864620333,34.65785762743681,0.33318214140084723
0000950,4,5782.354842474386,0.9287486449183331,4.94181426082975,1.0062026223706262,10019.206402478148,7.466222327453397,5.827650299736381,-2.85660571398914,-0.08596051320385678,-0.5647037072969161,0.8791667667273285,0.7627395909685054,237.14853964905046,0.028657963980625662,0.17303440956626365,0.391331544820109,0.3923678124912331,0.002314380794083407,0.0012851900965754877,0.0019290425899231075,0.0038324768289561516,0.0033000387152164095,0.001929069531286436,0.00001090648860340476,0.00000716409712407603,32.22190626679121,0.28119162628650063
0000951,3,6355.2121793162205,1.372531825459252,13.928843267040845,1.4488827837239608,7407.087190769873,6.008242781999956,3.5501479569175816,-2.4119351337054127,-0.1610681800228002,-1.266226860497341,0.3134354696813936,1.041444185499273,395.7785524835212,0.016018714896532536,0.3342622279455914,0.19836083081370814,0.4184669530153253,0.012548276421906403,0.007956318270137708,0.008974683518846352,0.0018663706442858489,0.00030198169640969596,0.0011908033153638139,0.000052445373004868295,3.94088888061676e-7,34.00309558472186,0.7824308263297456
0000952,3,6893.610468631469,1.9467096880177244,10.959139158431631,2.601645775615668,5730.298478490749,5.361940074156594,5.028099947259098,-2.7678623267461795,0.5721805753658327,-1.0782103379234478,0.4856651688530079,0.8866590609027442,322.23444385986375,0.005935379261691441,0.3278299441620492,0.2631261255921535,0.35980898961167584,0.026041415731834678,0.004093645813702326,0.002507648882190389,0.00012405766534379133,0.007447830198528279,0.002827222565385391,0.00025235026310340856,0.000005390252341800648,34.24065086921264,0.442599472074535
0000953,3,7168.725981437513,1.751559132123595,4.446051916791479,3.3298739652443556,6149.744028341107,5.474610620637462,3.106218153127516,-2.235792978686508,0.43851919126505523,-0.9216373534056707,0.34080061753696045,0.9770923580081569,290.1608210604741,0.01303280201323321,0.09272617282175152,0.07813268937762483,0.7070092465715808,0.0630480457242317,0.009486543863505524,0.0011732509608225331,0.00025789322641021537,0.0250204074190891,0.009927524887280223,0.0001726455269500765,0.000012777607520000005,29.87307275139403,0.4931635966317006
0000954,5,3859.999695633835,0.8470968231904552,8.77906390104761,0.4770097287196433,8909.99288107504,6.778343142263052,3.099085636580505,-2.1743611936447165,-0.1358945333622461,-1.4340044808809762,0.7953272828279796,0.9343292829418498,358.67295852786805,0.06925277441316338,0.10079729099548382,0.22509746866978497,0.41831312071354476,0.13542552020736318,0.004068260520142631,0.009458992753361992,0.0019558927415963337,0.02186547697173914,0.013230367032969124,0.0005110453587902529,0.00002378962206014371,28.957080762171802,0.3548336609957381
0000955,5,4748.638164500009,0.7875156765299889,2.283696612376504,0.8819482748845595,9417.181789752003,7.183400717896048,1.570877205609033,-2.308103733906975,-1.293361085733053,-1.032765217184474,0.20128175161960082,1.0042830044650428,286.15503448137673,0.023465906848066976,0.4811689789209653,0.12141634017778448,0.3183459449004965,0.03095281720180885,0.011129301496989404,0.0030054902348412836,0.00005808357974864957,0.00505551118030219,0.005160214010261152,0.00023961082075271074,0.0000018006279826937173,35.89410336943242,0.7402886601966726
0000956,3,6319.936028850156,1.2312267680729145,11.94820952789692,2.229461958617229,5445.692471791638,5.317732402712557,0.4127428513652921,-3.4130741606370294,-0.8532821644150235,-0.24230328528177436,0.3737076398759094,0.9078685327548277,191.57756486547396,0.014980631354340745,0.27036646370129125,0.6347935738287965,0.0004972257871168864,0.041799612134187376,0.008177940239841999,0.010349023434291718,0.004950207090607316,0.012577274942958992,0.0013321543603988994,0.00017020731582463288,0.000005685810343562775,34.88676343001119,0.2550193570903421
0000957,5,4754.079226374082,0.7675005999263892,10.026275235565505,0.434092065208628,7220.615792393167,6.059596546294502,1.693848789067901,-2.8054062519124905,0.0017734989316089411,-1.3561293204940235,0.22263060981038152,0.946799435055459,302.704987211015,0.07183808666553539,0.04565698226541532,0.22119239643414002,0.6172636005924316,0.013997526746268689,0.0098153096319404,0.008880036591817991,0.0004771972828807596,0.006147909611264465,0.0046407289257669685,0.00008438464128091991,0.000005840611257527037,29.07709226508806,0.36838957311565235
0000958,5,4981.598042097624,0.6915241212721831,2.23555101189672,0.6075843445780988,4202.4770418649905,4.894660382102537,4.6945526052489726,-2.650756420813985,0.7113070727610573,-1.1229651185746274,0.8654643227855474,0.943157924184158,367.3183301324581,0.03375698136481168,0.6054513621858801,0.11867169713787042,0.19571569858385152,0.03282401169559549,0.00518404207398689,0.002124530430574462,0.0010529751963882332,0.003357938051964054,0.0015306727514692508,0.00031885716398072025,0.000011233363626975064,37.64966339767935,0.6931368064225581
0000959,5,5053.369628683912,0.8170084145070735,9.248260256412953,1.1566128900172405,7085.518974213397,5.829100380902834,1.615232179212159,-3.438192011857666,-0.26284480903966556,-0.8881220823390721,0.5617715566250183,0.9160777202643505,183.81549120726655,0.030065282636258264,0.2225132807674484,0.4813770832551397,0.1933654375961583,0.025119735313161546,0.007911393898094367,0.010149829221572256,0.0026279744410354,0.023313536848524344,0.0034210209638407692,0.00011876368259824675,0.000016661376168571805,33.872331501272974,0.4228462640105941
0000546,4,5640.59225088411,1.168555026055158,5.001857567469182,1.595403518620431,7735.586750262522,6.330938753242444,1.3860559081811599,-2.9306983143387972,-0.4164357677867674,-0.223818045279363,0.6974430269191552,0.9245767385588466,221.4095431028122,0.03435076617185424,0.41193359867692947,0.22079921331237437,0.2924671406943357,0.02524025723866986,0.002333584621270021,0.0014887696981632187,0.0014138822362740942,0.008282822987378024,0.001611048478920993,0.00007067008394777939,0.00000824579988207556,35.18408963834695,0.3406137768379247
0000960,3,7086.394266198439,1.4491461590053396,1.8820605737632037,2.6667330822952175,5521.199687079686,5.263474561630816,4.203598799210429,-3.2839079097589496,0.25278405944513627,-0.3556205637061338,0.9419893419597072,0.948805504797747,259.5172141247743,0.011750893379086027,0.34229242180025105,0.3045987335049351,0.32561461501815003,0.005759653346433114,0.0010894477102214165,0.0007271045890369181,0.00248845519281369,0.004015231081413003,0.001654203016032792,0.000005934956957450032,0.0000033064046694587777,34.7102555985932,0.5508095999843585
0000961,4,5592.447363439555,1.2834878393607494,9.773232302189836,1.2446533642245805,9636.572382776636,7.266561070698992,4.056265680564971,-3.1500500939876157,-0.18217867584576353,-0.35524421000974415,0.15487899595681942,1.0962746603746008,309.19950380482845,0.04826498478809949,0.14440759930661834,0.5072571618601975,0.2635564756380043,0.027331479642419425,0.0014160013647040017,0.0032707719808145537,0.0037759487977295984,0.0003312149102093415,0.00033044986454520763,0.00005748055883834267,4.31287819693702e-7,31.64197795238143,0.2042166795898112
0000962,4,5716.194953781558,1.1300256901033798,4.960185502612869,1.151581911620917,4717.405635562724,5.0262708766995,3.8733727323755276,-2.542127057517323,-0.37543588251459603,-0.5486381071529742,0.91396458130275,0.8417183898472974,280.33413277931425,0.0459133960212794,0.29280689065780435,0.300966623832874,0.2551409512704674,0.07930311504732489,0.004425614868350531,0.00536298933217601,0.0007911364121587801,0.007408725027701209,0.007109865904002738,0.0007698980870607975,7.935387998472069e-7,32.7642120942282,0.14839528378362554
0000963,4,5829.098671179284,1.2635077935065369,5.456222139979801,1.31844804409867,8459.430436269733,6.639409211040797,2.6377302051173235,-2.9747608183285794,0.3775913279672449,-0.6530733186037676,0.9324059529568984,0.838595072829885,253.44577688350432,0.0013751967729722992,0.34634320986186634,0.2945281063371664,0.24545855286347915,0.06200436814468738,0.015699222453124398,0.015014606066461093,0.001884234677072028,0.015797874619302776,0.001559290481267429,0.0003284975561372808,0.000006840166463646374,34.81281990208114,0.288857717129571
0000964,3,7078.1534380303865,1.6072226098286504,12.136091863429645,2.9278735102553153,4426.908268135856,5.041944853938042,6.350271099185707,-2.8593307490240942,-0.9154937705857591,-0.6703641512919669,0.8708571276246367,0.7407075085448465,245.85391617569945,0.043429881818901624,0.32773520994650146,0.4633312698777788,0.13348092978031617,0.007213465094252245,0.009598707374929457,0.005335669875185253,0.00416988921523246,0.0031250950485895387,0.0025235691239459115,0.00005336999044477313,0.0000029428539225991515,34.904106847621826,0.11108057513849898
0000965,4,5806.798784072381,1.094586145987217,9.59419909278546,1.4649947533180705,6700.0775750363355,5.766371097314535,3.6598895532919626,-3.047082551765439,-0.44560442137308076,-1.244250548830986,0.7578379818369976,0.9391947341523641,278.7215020825037,0.07119512457743338,0.6022900698980203,0.23293835282707756,0.047875650668632544,0.014701818678571623,0.015318937383432492,0.004992089039001442,0.0017013347048923518,0.006646792647061434,0.0022057337643891914,0.00012300895606645745,0.000011086855421166949,38.183512958520616,0.3589775939878135
0000966,3,6896.569497459677,1.4287471660802813,1.6503974536563313,2.601221449938089,7628.313332801146,6.049695617758492,0.18926296387351305,-2.387547816218043,-0.8554204022528625,-0.08596381930689079,0.4374490788228136,1.0801150156292778,263.2754413381986,0.031908236725450255,0.4303883798330172,0.051570387411951066,0.4014648023114189,0.05522164620671957,0.0062699092795226695,0.010319698047266844,0.0001773406805693299,0.007266140202235995,0.005041320873884955,0.00036709140045897165,0.00000504702750411283,34.4342204026694,0.7867373492195461
0000967,3,7126.2751145042175,1.4164401316761555,8.712574432182777,2.0449604687804306,5516.813244456673,5.2078936693383735,1.3159321653832317,-2.9694068443751793,-0.15846770045155578,-0.15685506197449284,0.2337712059161885,0.7869032379566043,231.33780473072278,0.008477766521994745,0.3772883993561212,0.10977640302858216,0.45681134514656524,0.03507533203631467,0.004109308640203701,0.004853238210804212,0.00048604149153845045,0.0009086548684040683,0.00205029747946239,0.0001569232556609199,0.000006289964348525496,34.06742910206915,0.4176316412319243
0000968,3,6653.690728623634,1.8572497033408464,5.260374804037147,2.6153974039987786,6734.519024558206,5.635572891738834,4.605498619540088,-2.29292620686831,-1.4769951370939276,-0.15286581623388895,0.8532834785878555,1.0674449443930552,363.277797028197,0.03551126560548996,0.3014651325608968,0.46220834620443346,0.15668068041500685,0.020478117346809138,0.009050657596936627,0.005566358637330198,0.004613327878391103,0.0037658457801861014,0.0005481727006177089,0.00010879828598720562,0.0000032969879146342607,34.444664755728965,0.7523116185719132
0000969,4,5617.298105566428,1.0545486497229946,3.5117739085583546,1.5623570408554892,4701.208197819547,5.004746232094511,2.106775903091549,-3.4181091532140733,-1.1956634891407876,-0.37529555156712613,0.7888112831798536,0.9445661550979674,220.89657238294626,0.012512259568945755,0.056896128171355934,0.6091381948963432,0.20797817252476714,0.08112068972057498,0.009452352022151351,0.01666943880339615,0.00014852589821573767,0.0024775356440511587,0.003058424269171919,0.0005408351105111763,0.000007443370515452409,30.465116893682122,0.5533282454168682
0000547,3,6709.699824802857,1.9233764624098968,3.3814977750244086,2.6403629386433205,8315.128431118572,6.5700611797908675,2.7906514621584653,-3.0417585874392636,-0.49512723708859085,-0.48845244007575594,0.09811391254834301,0.897450675029859,268.06126632192957,0.05773964226028104,0.03445126687617165,0.518148004650856,0.3075635388261356,0.05560259362209078,0.0006031246457262651,0.009637146778051145,0.0012822721671345275,0.01127369596365083,0.0033051250523442885,0.00038354647234930915,0.000010042685208654185,29.79242046004026,0.2396334283303112
0000970,3,6688.085516178176,1.8380344221485458,7.775984614116425,3.8772166620224975,6985.920963881039,5.819114362648596,3.497364404281498,-2.0566577418453753,-0.49683176510488347,-1.334678768603256,0.4364025901250118,0.8893934580575795,298.4150045971033,0.0030940243555101867,0.3834464594033259,0.36212569289815966,0.21044791598860532,0.021631485195040955,0.0039460801957508255,0.0016577890191998286,0.003600883281668963,0.007681738728579645,0.002332131005399861,0.00003407339814422033,0.0000017265306148644894,35.68698677888833,0.7883248665747213
0000971,4,5530.301346687747,1.1980615657705467,2.939936789862468,1.2103638000850578,7037.257556094315,5.796475973995299,2.11985526433681,-2.653392831480251,0.38488897649559317,-0.1412057781342,0.6504000472243778,0.9405080449330957,250.41301197175684,0.007899444657081926,0.302514710539211,0.2997542918685826,0.3339502932291614,0.008555886722825822,0.0069706797273023265,0.02184752679331808,0.0000054682083595479405,0.01636228891689609,0.002078431344738452,0.00006068492802061449,2.930645020717888e-7,34.54443616045976,0.49520633496087774
0000972,5,4876.197099206055,0.6256210080217088,2.6377244570052194,0.4210411446704671,8746.110780156634,6.645018014691797,2.7302079197026234,-2.2054503676248887,-0.6231644732120952,-0.1139009029410254,0.9552430261936157,1.0202537986576021,306.76058642534207,0.030435792903773285,0.29302058303779305,0.4069899950373698,0.2426531451028429,0.00031284730051350475,0.0038286188679131313,0.008138751822324578,0.002883075231676749,0.010709773975057929,0.001013808180529528,0.0000028615077055815296,0.000010747032500105269,34.50880217355543,0.7348395572812393
0000973,3,5949.9089867063385,1.9418963071143844,2.798507190602269,2.9210555365285478,5874.520798049648,5.379669993152258,4.904611814679409,-2.1320052844253974,-0.7235432189879145,-1.346598593185859,0.4496144669198874,0.8521737562421718,318.2726611335769,0.01027908513292188,0.489131038433062,0.424963266328251,0.04973344194058599,0.00568599928752035,0.003222183022466411,0.0036098831813822303,0.0017179366005799892,0.007607719955450669,0.0040066127661832675,0.00003652700963732422,0.000006306341958879724,37.67687366992493,0.3932760992698723
0000974,5,4575.885018747723,0.7146717353221473,9.326581918588776,0.7008731051562995,5665.837854145895,5.3242422679857535,0.8945687189416643,-3.4988587363820294,-0.7196307069320659,-0.8232916072956309,0.771964826305885,1.0377076571106032,219.00683737154725,0.01488882790841276,0.1735008779089239,0.6444774256040507,0.14890801378931698,0.007948331572255595,0.0022220384305685166,0.0026768292801817384,0.0020764810225284195,0.0014324398525795477,0.001787370546258732,0.00007138250657177494,0.000009981578351581907,33.22260020799644,0.4798081319950782
0000975,4,5345.083817386501,0.9820941492055075,13.514967740558628,1.519618417434484,8284.25014741952,6.579519966639383,4.335429450335608,-2.8475198236777066,-0.7827329502607756,-1.3889367286255452,0.6668755948230957,1.007110967082376,271.577192890167,0.04159797538442613,0.17518897012082377,0.3152929151143438,0.4210043499686183,0.024806682930739506,0.007220572190436146,0.0013467914127745098,0.002566103255915831,0.006145080108693876,0.004721490434691889,0.00010474230597100956,0.000004326772565292824,31.69623641341189,0.7169570892883601
0000976,4,5311.338838075613,0.9711754330982129,11.474685475260083,0.8550901523476333,7372.041832351375,6.005841074372427,3.4037459796971667,-3.026285238094757,0.4340053018424084,-0.763497820590088,0.25856223134750167,0.8191098468334588,223.2827390884255,0.002731021384975313,0.543290983194202,0.2843856875262829,0.13168956574366966,0.002426791479005553,0.009566200283858982,0.011119826440403024,0.0003985946153156502,0.011259487398249958,0.0031081867013612475,0.000023364935332471755,2.9029734324921445e-7,38.313954628412596,0.5624809136869389
0000977,5,4520.644873229163,0.6370059778863649,11.959316774383906,0.6036710836074192,5376.65713855936,5.223839019058383,0.48437157422367494,-2.455146697255442,0.6169778815138858,-0.9065526197530853,0.2572107520890765,0.776514410128463,170.72905128017717,0.10783800046132506,0.0715368741162737,0.3895639716021232,0.22538214136634532,0.14542561772557,0.02154630181696906,0.01912440133265654,0.0032667375955632637,0.0013195105549142733,0.014583433289971678,0.0003947723617602226,0.000018237776527515797,28.189399619025284,0.6740229753287799
0000978,5,3822.041704131217,0.7220584696307137,4.271266273907943,0.45089949873491875,5717.712320121709,5.35584058002554,5.260492134589456,-2.694360353714027,0.23698020998023428,-0.9944172509582454,0.5203861464330279,0.9684677713383569,290.3779179977476,0.0617718242060482,0.3760374868404627,0.057494640133830446,0.4397592963354648,0.03693106684900124,0.009590211192986045,0.010279631413747551,0.0004820835927402627,0.005361015641185526,0.002114686791380087,0.00017106960597003694,0.000006987397183158468,33.531650097542524,0.6128801904925573
0000979,5,4046.9155109960507,0.7973865437721979,14.574977753679011,0.4889186812319765,9688.744072216323,7.149385565349451,3.8398182419906104,-3.3888279479353853,-0.32445802694982073,-1.4991877862372278,0.5906167067076008,0.8750386426217782,222.23882912142543,0.007583865428528922,0.3818877799171849,0.3605890812626058,0.18443596863744946,0.044567141315771816,0.008111171960668833,0.003764344440261735,0.00267975453527452,0.005496638498111757,0.0006204520841210808,0.0002635295601489791,2.7235987222142055e-7,35.32477176732078,0.6034303285868161
0000548,3,6077.476113519452,1.3095268375045215,4.664276742188011,2.299763355828648,8437.71292868029,6.475763400581254,2.145568582391874,-2.0076663931886376,-0.6703025567719636,-0.30892611956356486,0.7563448985810419,1.0806605970203498,277.8253008484006,0.029644047752071107,0.4484993601429212,0.4374493617149509,0.0446214222290493,0.017141096184403782,0.004939791576404336,0.004895688481617807,0.002943010196862588,0.006540169533975322,0.0032851375356158325,0.00003926748557299816,0.0000016471665547597332,36.767349884618085,0.10579862375018059
0000980,3,6632.921801101779,1.8084683156156411,10.007730649725902,2.733296652337657,10127.550280822654,7.562358301073978,0.9409685452381963,-2.0183323123631025,-0.18492133376667175,-0.1692898415445916,0.3810191056122736,0.8863727616829726,243.21840419375192,0.037881707038414605,0.10352008101167706,0.6995295542627713,0.11719277197439168,0.020943068923267073,0.00510454576081663,0.001680984387131496,0.002251382000786504,0.008870820955461515,0.0029395453718929084,0.00007897358361982418,0.000006564729769263771,32.24223841510803,0.42266097643914424
0000981,4,5713.593129939562,0.9523658974246944,9.518414118117379,1.0750066729644852,6629.076635683831,5.587763238180591,3.7976555054803196,-2.297944092328663,0.9357788796128546,-1.3265921923396058,0.9538662476807537,0.8482630548826487,364.5178146773657,0.05675288231474684,0.20753881046815256,0.35284047154172343,0.29617136384160936,0.06244516171403505,0.005894587599650701,0.002529143645715319,0.0015531992352105317,0.00902981177094315,0.004877445873792621,0.0003571693138532678,0.000009952680567212515,31.82228941369642,0.2243000081831137
0000982,4,5847.510153788611,1.0323662983444153,3.775444151810124,1.4975268089889373,9720.90877790176,7.083881837628587,0.4483906378702308,-3.0616995849532955,-1.3371353784861402,-0.42573119385876046,0.7204353454021398,0.9932595097358226,216.67788621221524,0.04902149258979495,0.48415581924856244,0.21582070636233966,0.19733632483975946,0.02989838956529828,0.002186236250301517,0.006563173433361618,0.0013462983060765319,0.010475714648932391,0.003008745666034809,0.00018136760340797388,0.000005731486130562435,36.177107452435536,0.2464577789541906
0000983,4,5775.092651463611,1.0830029920904871,6.514670612394369,1.0438702736347336,9550.579266517827,7.284220747796845,1.3607752343174035,-2.1126716617169663,-0.6846584456641548,-0.833678229304361,0.8021449492662748,1.035723542547728,376.5254134669391,0.01292226121045183,0.0717323938628313,0.2942216386517919,0.5624808764044952,0.03183084799222624,0.003997434253294995,0.007219444415824597,0.002308781194593175,0.011453707243454181,0.0015721017008090861,0.00025749232085776755,0.0000030207493696234124,30.329028347964126,0.5243855472865406
0000984,4,5354.277758901062,1.0633814939839357,1.4057597508718935,0.8468132653328674,8740.562117479098,6.667076701358281,3.232299725981544,-2.659706597965407,-0.715131056065789,-0.6111283072251594,0.0956997741198714,0.9297275085784723,330.056552944361,0.0028863474131693126,0.06364932668143637,0.22802235001691354,0.5511271533311636,0.09847551377433397,0.019876433494272774,0.02156490775387529,0.0020618093802098007,0.00029116147721528575,0.011806005012632414,0.00021689380931903246,0.000022097855458839988,28.972977814860066,0.3534389401958655
0000985,5,4364.858141723042,0.7741105611098456,9.456453159885985,0.47233598299521323,5194.077563570823,5.204274054681969,0.287557015543087,-2.645586297928521,-1.0885071023270343,-0.2313399946074428,0.7672000671052748,0.8548386980563778,233.31720103033294,0.023961842533994634,0.36740724662086616,0.366450177497185,0.20477805814552236,0.026945448051769655,0.005878621284384263,0.00012843446195624317,0.002178387287846202,0.002030607980500036,0.00022291418768858012,0.00001777145481750545,4.904934692869103e-7,34.99745411384787,0.4140309799937276
0000986,3,6992.985097142475,1.8613170397736771,13.490105142673047,3.610557299111628,7790.561572414311,6.241083027769194,1.8224183236484546,-3.1907206255375624,-0.42940389694127146,-1.2654586465598603,0.677868160376961,0.943921935906724,235.20445076760282,0.020806850114913112,0.3235568565158189,0.1370673172412116,0.4466267987097827,0.04128769249405401,0.011634045178245171,0.005295448311157182,0.0005447933272703869,0.00729776721592486,0.005803278126721299,0.00006722120812972198,0.000011931556771030374,33.42981023581701,0.7161205271176763
0000987,5,4978.300703532817,0.6521467521214881,1.3914546997752482,0.5909874849342979,4064.0425309417333,4.888789460570249,5.005579828729764,-3.498166882367098,-1.0299762039276747,-0.34169698190413,0.9330518422157575,0.9981121565210256,277.6330414822922,0.009715096694487427,0.48116400623997396,0.08335314504507138,0.3470655861096793,0.05131140794930574,0.008772690004005435,0.009821899838116464,0.0007985185127435364,0.0033495304125359996,0.004298365602411654,0.00033997767747517913,0.000009775914193838048,35.561246735919916,0.5573023943463736
0000988,4,5774.719839253024,0.9762833401111506,6.463394020918434,1.5051551203800768,6294.338888958608,5.5447651568162755,2.398517510515095,-3.336536404739435,-0.24164068367698,-0.043845111747988774,0.3307161252862083,0.7403437833366787,168.2252309528452,0.02767321427761345,0.3163657471842059,0.3378243367038412,0.2870414984940456,0.009762056399375043,0.004743078183510849,0.00558918274473844,0.0016389997276270388,0.005899504692924373,0.003422055684276762,0.00003650024469126377,0.000003825663149964778,34.31087212357177,0.46217440481971817
0000989,4,5582.062591680907,1.0321484223469228,12.178502397542621,1.4174342288400386,9749.114828929087,7.192366988519096,1.8182438626986075,-2.89860350664911,0.009598787105264517,-0.231651832521802,0.7742015962299493,0.9624230789639678,224.31656023101647,0.05552449264875524,0.16800237645430405,0.13510823277817427,0.5900805683322351,0.015694866216946893,0.010091212633951964,0.007431441705925557,0.0007226022073383597,0.011906751439369664,0.005309315617112204,0.0001233247817424889,0.000004815184144132117,31.04337494606537,0.17411225315843026
0000549,5,4461.95338988193,0.784803400526487,14.47502328330046,0.5989983488349033,8758.089811792965,6.816462614351003,2.5568641565023187,-3.317751784422962,1.0851435934006606,-1.2010538770583326,0.4489345629463266,1.0636154007710201,245.53114351080384,0.04760310154354421,0.22528049193484823,0.09422289401274395,0.6168829394825547,0.0056913878502924935,0.00322435804949609,0.00005289303781368053,0.00011665072266597084,0.00404752805084636,0.0028219923174427784,0.00005254127532921881,0.0000032217224222461815,31.617648567990333,0.6820364538225422
0000990,5,5252.3088706057115,0.9480333477777412,12.2531510406372,0.7925615136295853,5346.085397814206,5.2674614500431955,6.835284684826397,-3.4523354061629385,-0.9348689630403803,-1.2252844226074335,0.4236554701295481,1.0881286668405488,372.62717097501405,0.007349801526599659,0.39524758503069385,0.29779085195464156,0.2600977224323516,0.02367466805039486,0.0023227291403088734,0.001886549134382819,0.0025343044525874183,0.0071809049559156315,0.0018523085474803438,0.00006167959753327308,8.951771099992167e-7,35.49229610066159,0.7281368191742856
0000991,4,5560.58398244013,0.9834761391824561,5.78039627716797,0.8791476171894022,8690.877972358994,6.77355062459376,3.762963843589563,-3.4924186520728164,-0.9912930456613189,-1.2437735758082056,0.7420917024351927,1.0117175596705863,290.7310185188585,0.04127335308041958,0.2706246199437305,0.41269310008400195,0.2240905306302943,0.033734887237251994,0.006423996825776647,0.0037440297092145524,0.002682899943198815,0.0013150842452541807,0.0034097124808556986,0.000006285457802177137,0.000001500362199958152,33.337275939037674,0.2375269656038189
0000992,5,4276.704702080198,0.6597901142248961,5.169951442501022,0.6464672213207365,8372.575539342224,6.530952242609206,4.833419286944761,-2.7921031574097315,-0.8127683505195133,-0.4987429157147978,0.058637536568188375,0.892814035159415,236.52873058538376,0.044976813467910756,0.19312194864970544,0.3620201482256769,0.32416470645715284,0.04732534248304573,0.0033879793348665656,0.0065604127560710416,0.003458003159074811,0.010174263459216131,0.004757215337781414,0.00004980418406147301,0.00000336248543707389,31.96732442936957,0.14203838840890073
0000993,4,5405.341061041982,0.9904873499878031,2.3595435437479066,0.8488750686050981,8567.650214903866,6.5901872231152305,0.3317058592226966,-2.666163641605456,0.7050201098777031,-0.47286667993378284,0.05654785804294593,1.0699509561089313,272.7630336174814,0.0450040598445188,0.33667289234561987,0.077018309229657,0.4948906876575996,0.007496733331217888,0.016703741771769247,0.006740058588425821,0.0006305001629605805,0.008715924004479453,0.006084292912250105,0.000026126798420634766,0.00001667335308079022,33.69391850064439,0.31851781225107967
0000994,5,4677.489856434778,0.6429276218722252,6.814477273172227,0.6311050303891277,5569.58650964382,5.265612547934104,1.361480991593939,-2.5255542992261844,-0.007591957496731583,-0.7023495734371848,0.10514715594695978,1.0731991090202455,253.0698078680214,0.03938796220578968,0.137813673061997,0.19285552630547734,0.5457604183466058,0.062437279696170925,0.010909199582131135,0.0026907719061818767,0.0013793148735249288,0.003804383021654583,0.0023420662677246175,0.0006076182973494605,0.000011786435392729394,30.159261273736828,0.2702303759395863
0000995,4,5842.412802723927,0.9241165563346624,2.634136461793953,1.5164493705206519,4387.186124410788,4.98700762696351,6.282395841342721,-3.0906129922605814,-0.9337217527799493,-0.4623534875233357,0.5755418613759572,0.9807910703728568,275.2399780058726,0.053437471332453794,0.28626893942575216,0.3061824800486615,0.31229869202576366,0.020236273174825632,0.008251214548268711,0.002331018760391884,0.001372092206371571,0.007197910366139157,0.00223915694406796,0.00018444574584208968,3.0542146201637585e-7,33.43101880747009,0.6484256734295143
0000996,4,5452.0509346031295,0.8341584667082957,12.604945658811335,0.5699651315495011,9061.221190668228,7.0347369921452705,1.9221249813236256,-2.5161150662008804,0.7329744360781101,-0.4560312563393103,0.09919170321530113,0.9396449082408177,273.04945281304276,0.027261082247881922,0.6109585579684891,0.10947442421785504,0.21867131115937266,0.01698297611210132,0.002666550545034933,0.006107498142523131,0.0004465234116092615,0.006866471744579956,0.00048048341075620685,0.0000780514482418828,0.00000606959155484232,38.04115067340632,0.36552426683384065
0000997,4,5428.323852612264,0.8084746901969424,13.161822192953117,1.1464221680895847,3379.811506397783,4.588306470826176,0.9435352076994128,-2.583964612046551,0.026360460659413,-1.2614143222676464,0.10031475735072248,0.9798072992926611,227.86846903332963,0.0004888125127933986,0.2987227740665083,0.30122056451069096,0.34609457094991286,0.0324068808339877,0.0089290324407966,0.004962257559739989,0.002224123939258919,0.0018169841152817507,0.0029290685326448713,0.00020023034108808039,0.000004700197296538647,33.82030977788423,0.28663194921015733
0000998,3,7164.163569254356,1.5242683255726515,12.905249285568162,3.060241997583383,9833.577593908773,7.338691643137682,3.8950217226020456,-2.4848920606359037,-0.9448110844969179,-0.9706012714762073,0.29575191159690284,0.947293244650801,311.32587718895235,0.005651682714626509,0.594104139403565,0.12408759551847066,0.2144563806232182,0.041361487065113514,0.007544992276568875,0.003999865946774557,0.0006462148157217689,0.0028183981542143815,0.005098713271340734,0.00022609188047250056,0.000004438329913266645,37.63924311838099,0.2846712720898649
0000999,5,5157.705942173029,0.816699679479932,6.155908515486072,1.0603253540808912,9118.982794189273,7.013375071498136,0.4063260416907568,-2.357313097804005,-0.6830269978339986,-0.12660574837645888,0.5306994151079535,0.8815514060324927,196.69260855784484,0.04683131396140245,0.4398162217095783,0.3019425140186659,0.18311809683098176,0.01433666151347005,0.00185782744877383,0.0028110019522289407,0.002207571637759439,0.005307797750364311,0.0016278962238879802,0.0001366210938405564,0.000006475859046517518,35.86009489011957,0.5211702546870761
0000505,4,5657.495212696951,0.9450341439783672,1.5552536547179554,0.7150089263678477,7161.078553257552,5.893297553195379,5.235001449755286,-2.5294368959225904,0.9071963167512314,-1.3965868852497794,0.4469312600829074,0.8130224102349213,347.277899906701,0.032320887829141345,0.3672318559272576,0.09998143811555736,0.4442129762618326,0.05028649912741922,0.002968505015020208,0.000264893748691473,0.0007972318242303318,0.0015158625040122403,0.0003015497946273086,0.00010838364131574707,0.00000991621089462944,33.47631768873713,0.28899659900371644
0000550,4,5834.237543601803,1.2348260703863785,6.736806796845869,1.6090557112865231,7227.300038623069,5.972696764852593,4.532167286393703,-2.3673897192722233,-0.42236777054899854,-0.36984497224452584,0.9070537362653454,0.9200293371803021,258.3494322144284,0.033174213390558996,0.028971440320241505,0.7900333811855761,0.09693896786615684,0.00933842000594119,0.00520784551519579,0.015539561644794692,0.001474021407292073,0.013684731561439898,0.00554149856068026,0.00008382666390810748,0.0000120918782145138,31.72746841180413,0.6653227825246728
0000551,4,5634.955801036359,1.2748855337001803,2.7920644248975353,1.999409696047628,3425.148598482793,4.678110416285678,2.0560373496097464,-2.9363800196454424,0.4091316071753235,-0.2579535580508794,0.8222822074375552,0.8477716434787081,195.0172101525354,0.0015218836244169562,0.45447366996066185,0.2592352016144272,0.23279496457490806,0.034907187475151036,0.008383917416315313,0.004413457331855968,0.0002934679295327546,0.002181176309661768,0.0016364038750941623,0.00014987415697873045,0.000008795730996425929,36.084319351292294,0.32350407647979196
0000552,5,5264.282876773851,0.8746234249224847,3.8970682461088773,1.1728917467235538,7471.776388627883,6.198428874931055,4.139706472573094,-2.2078964889668593,-0.8072512846668202,-0.2907219657852014,0.097511762017222,0.9431286954132522,281.3690904503625,0.004578550334788988,0.5011790950539441,0.0015244831958122773,0.4094380479493167,0.05842029162163759,0.009273034630851095,0.00764366089572353,0.000004454545210690114,0.006549132873462188,0.001074187469057551,0.0003095553531978991,0.000005506076997397596,35.664378562051084,0.6918681253878549
0000553,3,6656.953128769418,1.496558592952866,13.861466787400717,2.561060475413268,4567.269942317031,5.120957330986019,4.589893640034359,-3.2325200057875376,-0.4482899316856781,-1.3179851409815333,0.04674695883498714,1.0302777971915043,292.0036930953946,0.017205858358323608,0.40846204082180704,0.11523068470597479,0.41623450676940965,0.028006317718768117,0.0002672323709050169,0.005628197020313072,0.00036134953737826636,0.005213868695985404,0.0033852764966703095,0.0000029644338846763355,0.0000017030705799540913,34.66169322284454,0.20843197970889232
0000554,5,4292.4204907202575,0.6271141175412485,11.441334138766878,0.39786345815917185,9582.573510442417,7.038233609373592,1.1215071564895707,-2.272331741841513,0.9936411146897361,-0.7906423631182169,0.6898379798778101,0.8835729302416873,259.35393355387737,0.07484757815057771,0.12650560068231287,0.0475251677853054,0.6037448257529262,0.10259963744808813,0.009593820622369973,0.02189710043954921,0.0003726243785998952,0.003841531963871804,0.00877935321633943,0.0002717705374940647,0.000020989022565260724,28.45356410434781,0.3571717156125169
0000555,4,5427.665981307727,1.0919635688577387,1.663269728394717,1.0318865133307702,6692.725516065792,5.562752678276679,5.864394176405813,-3.10879742898298,0.09839618207995238,-0.7160352918422127,0.8298672201906676,0.9324623634231369,300.7500162033961,0.020560882312962183,0.08877563795745919,0.28104548104711496,0.5550710930013971,0.03458548822969199,0.0027248596611894518,0.005536465858644218,0.0015069733991619938,0.008656596163774228,0.0015257500574522422,0.000006252919773497598,0.000004519391379100479,30.303160639208414,0.6386892103084716
0000556,5,4153.144437534747,0.6049234789695068,2.8913311668385275,0.2954046978056945,7715.807210656131,6.28056853930271,0.5154445483826023,-2.3553240354833207,-1.140365928793788,-0.6460150095388255,0.3472710918282602,0.976468988094601,314.1269305502653,0.020850426212067008,0.253165327759704,0.3307882634322989,0.34441680153402665,0.032442759860835835,0.00597575601435071,0.004154236463472568,0.0014607067735060999,0.004528196736200446,0.0021955934711377022,0.000015859638693550357,0.000006072103706179313,33.04877883108902,0.3445224961620077
0000557,3,6464.965021870945,1.873826941383544,14.533684510239079,2.8315247381973707,7203.396359062492,5.911826859727908,3.547351581317531,-2.83152584049079,-0.3595818691292003,-1.0451911986916236,0.14653621268062422,1.010347383812684,294.92236262833643,0.03472729397673164,0.31202644929339773,0.15014673767757755,0.46277623067666235,0.02145085521281033,0.0070789004920822195,0.0032421649662842094,0.00018916268458794698,0.0066184469608537196,0.0015384940707470996,0.00019700056842653335,0.000008263419838733464,33.338185301942744,0.7717295656458453
0000558,5,4246.302551984695,0.7088477977567569,14.481089282374432,0.3056509839747428,4835.313357936478,5.15113500850088,2.7120054781241323,-2.583215539290504,0.1276924931633141,-0.2665858744544072,0.6627135641574124,1.011875189776795,332.76696120563395,0.035103351229890445,0.3171327509741949,0.40595362738133434,0.1942082177205561,0.03538429513493811,0.0013314345941775984,0.0056172032070576855,0.002064935265703879,0.0009342636631240134,0.0021616165927137968,0.00010618913700789426,0.0000021150993010799826,34.00247865340099,0.43143476975477035
0000559,3,6165.742198840772,1.5124075481274355,6.503190455643391,2.2128562015373183,8750.883236208818,6.763128789007369,1.2292985522741904,-2.657058304792052,0.7000895430308991,-1.257733219046483,0.8157163259536724,0.7148415073886304,193.00207989866834,0.00959055312777476,0.39865341467719223,0.3727630340738123,0.147096150104057,0.03651578922040342,0.008468505636141467,0.012655896021006642,0.0030322695194518147,0.00475743441828948,0.006384792759543873,0.0000701369355387979,0.000012023506788325733,35.64073684430379,0.5805124395289699
0000506,5,4855.206379200659,0.726344973856166,3.0978758752121744,0.8395127260602979,5934.717822949005,5.334728017380732,1.932478365116979,-2.867773967122033,0.8904588993204836,-0.7021121520570789,0.21845266651017026,0.7530405719808012,158.10190671489283,0.04244059985423198,0.3820003077708144,0.4359451532216387,0.12043796830659445,0.002674610331499633,0.007741610423725506,0.003749385245375395,0.0016644546620448878,0.0002106259328313885,0.0031331271715697765,4.93134460081599e-7,0.0000016639452140652916,35.5356756075105,0.20890202199018276
0000560,5,4660.885268610682,0.7194473553197953,2.753869198724916,0.703617648362471,3528.914400726894,4.705598716957827,1.034184160581407,-2.5708898328186907,-0.5434920069086422,-0.9356851097766561,0.49473586043721485,0.9317519979165514,269.28186079851525,0.12100437548310675,0.1589472102215925,0.6465952257058359,0.00448004665977027,0.043540385325141887,0.0016006829887088847,0.002764600671173014,0.002254622155406651,0.013453785662245442,0.0049509892583732016,0.00038641615672245017,0.000021659711923021973,31.904114847015205,0.771761496378533
0000561,4,5808.810398533518,1.2208018922989026,12.25491641790481,1.1013541339731807,8466.784095525962,6.693241053532378,1.938076006763799,-2.030082434377153,0.9035800889296612,-0.011758334253437752,0.29667785309569883,0.8599833981054157,231.6709281807468,0.03723064791298811,0.3549875170536851,0.23369293345132489,0.3555490829777146,0.01107552523993556,0.0002527167738948853,0.00040021090693019047,0.0003590657307961869,0.0030228798104974296,0.0033804625596806533,0.000045760574470604966,0.0000031970080816956305,34.20179305788482,0.25665260810245094
0000562,5,4739.3647716226715,0.7011938840817148,4.10744911257378,0.5408672664265987,5153.120530033166,5.28228968132444,0.4922400757367197,-3.0958741040084403,-1.1285731920059991,-0.5385653732433944,0.6542635534135272,0.9530165941863099,243.1163375080496,0.03335816891586794,0.22567414365739058,0.4567606536075141,0.2272593942268002,0.04098325869419064,0.007826552706306025,0.001148721514895193,0.00014303273683147165,0.001315328429512693,0.005138651720639363,0.0003819384228389095,0.000010155367212795055,32.73904135725139,0.3984266792438189
0000563,5,3969.3827205895745,0.8226276952644304,14.187448914703698,0.3393203850203027,10203.532634770701,7.387864661555642,2.0760881448123634,-3.18534124297172,-0.2829562213046646,-0.6340607073479763,0.8236895280299587,1.0076654059455232,299.7925939095746,0.052782865751925256,0.2838657820352697,0.3429169549490986,0.24568161753108697,0.03983526557348523,0.007117102190411872,0.008917738559497986,0.0031629900762476402,0.010069180750156838,0.005307355336360633,0.0003326332028879318,0.00001051404357146943,33.39849991941677,0.36009665977994354
0000564,3,6931.772657975009,1.9787992891398165,3.0612234313301654,2.5918401428580857,6371.590355298683,5.539404080566159,1.2976495594159374,-2.1865714404723504,-0.5601288355955474,-0.9821071597095912,0.00035121123243186947,0.8882495839583021,317.0467595550298,0.011031662761288804,0.11892283572561274,0.5087769624715847,0.25209366948320533,0.0764498028489153,0.006819590848324584,0.009650082012153423,0.003559454209203028,0.011672532170957069,0.0004883867190882008,0.0005276393087041603,0.000007381440962643766,31.51382222248917,0.7071611170267821
0000565,4,5819.71062082972,1.056437429204966,7.850666754375277,1.8141712681444373,5991.825966538772,5.463365099023495,0.837453551271154,-2.6490053728227494,-1.0871976007529027,-0.7711080818193061,0.525188044633438,0.9522222906622136,235.08039467703077,0.06463044815010599,0.07416874922689293,0.62146291592634,0.14460109800645798,0.06551688305895308,0.0017690917095924735,0.008103454991262122,0.005141920438435364,0.011966849510061533,0.0024915695330884396,0.0001373962684970742,0.000009623180312966,30.781681023092624,0.3209392544063068
0000566,3,6087.300768197319,1.6337681005560682,14.230544436392911,2.2357614579895797,9082.737456420693,6.9868363057753,1.4931771781105194,-2.21423248482456,-1.4546499644016033,-0.22282239228573242,0.9207050266408363,1.0827133894878231,301.4990084240412,0.022891750654908574,0.44501258827770196,0.21168919442293796,0.27138385136743715,0.02556140646974849,0.0030051090665139547,0.00040061464371636644,0.0021164957354131817,0.013503927628005284,0.004216706405273462,0.00020948444508988752,0.000008870883253613538,35.97196671670461,0.560421749651583
0000567,4,5657.101160278647,1.0819538875681842,3.6150705080002465,1.2751562580901221,6064.330830006115,5.383596499487985,3.758569202577595,-3.2510281780175667,0.07266996550507998,-0.10939536480177137,0.21965841984892376,0.805841720932487,200.34879171068874,0.0720748225487964,0.3333507608865263,0.34460079352287165,0.15256937610639895,0.062363794046465054,0.009397475103499453,0.012166634538808277,0.002998740249290957,0.0024451038760144447,0.00741083290939079,0.0006180507443398324,0.000003615467597859925,33.4694690607024,0.12747982073461045
0000568,3,6642.924919906781,1.4224994835660498,7.439719768430468,2.7614433572369386,6753.1736260840335,5.596322370017651,2.224716895667912,-3.103798615078918,-0.2423158116130084,-0.7446921928650514,0.5550385349416492,0.9393569825982603,233.292549041498,0.010278967844429736,0.1906073940612778,0.28026375027282735,0.4623952465361083,0.03294444064512245,0.0034060157055814427,0.008617155894878702,0.0015673866368681602,0.008936891127255457,0.0007818574350330026,0.00020006502011594,8.288205016298503e-7,32.08172272609761,0.5619077632012404
0000569,4,5514.269228141206,1.0922618226889858,8.047317607156605,1.1470404480554717,4642.327959473953,5.032104033476474,0.5217945373122969,-3.479649735439701,-0.34431086959107904,-0.09447606128754571,0.6111622170901619,0.873566590009853,218.777490993408,0.025401463882597373,0.155435844835941,0.3655013170685597,0.3655061962531572,0.05635753612576978,0.008731585875208399,0.0047039329645029914,0.0033255426707082055,0.011728239348212145,0.0032502811652605906,0.00004500176544269823,0.000013058044639664831,31.621463077166954,0.19494741421640138
0000507,3,7038.459227803045,1.5545813577680372,8.031211080683681,2.315515928871276,6260.599355134143,5.3940993515422555,9.341537240667943,-2.2604356887955817,0.5268046354979581,-1.0679491597325352,0.8638199170000908,0.8560728897058254,365.4606796604516,0.04321173764463788,0.269499896192282,0.4600700093186839,0.18865110574250107,0.01745118253079117,0.0016404514241589647,0.003243408485417899,0.0038662464512202355,0.00853250567932287,0.0036787230933644057,0.00014691236374576676,0.000007821073873796923,33.88809165077975,0.45408710957026477
0000570,3,6650.231909997857,1.471373480866052,11.678357265759802,2.313351559152637,3881.4499879624113,4.7629293688692735,1.6466932549178597,-2.8668994371546104,-1.3684924035669008,-1.1985584190313152,0.3382579177850863,0.7312363736277248,250.25377974629203,0.010785875506190055,0.19656695638281738,0.5013850382647821,0.2668044802594964,0.000722088471427099,0.010116085727091129,0.0051487963415845495,0.0020186170724151476,0.005894708265213833,0.000546965487195511,0.000003882752160638778,0.000006505469626232315,33.448362242419954,0.5966060004345224
0000571,3,7040.565935056062,1.565597554600186,11.01155919435977,3.589187855999392,8184.946615026561,6.564035767872829,1.889383984327932,-2.1061211116489416,-0.6416462072669596,-0.40911086451982825,0.35439397470706246,0.9417125935479924,259.70860559577716,0.01978865505556246,0.04583860617628333,0.40556494157378997,0.4855646746753288,0.0014386368523759162,0.006643479693330418,0.010699694811952118,0.0027221684483110906,0.013978908568531245,0.007743721100599312,0.000004706663153002738,0.00001180638078231778,30.727667043610392,0.5451769119534126
0000572,3,6626.122929464265,1.607195459000036,12.278033928498482,1.7570254724337206,6439.582964327053,5.428274003536827,1.3768930672554762,-3.3940627636076073,1.042233664847577,-0.8518154594943571,0.2824667939372031,0.9058442392999849,249.5408859204147,0.023247872424949204,0.5604954516636719,0.18475551536799212,0.14300962883516663,0.0630966723629153,0.009107807132990756,0.006725778166508524,0.0005822211447821026,0.006546287655216346,0.002042407295418588,0.0003762582065303504,0.000014099743858181179,37.09925493099647,0.6850679605965323
0000573,4,5729.385448799298,1.02744782931366,4.097626471211667,1.242585673536089,8937.386132663056,6.79338967057857,2.3111797177027738,-3.2455438390974796,-1.2279491618484095,-0.3240062095552054,0.1812578680181326,0.8548524841552686,218.4455897852886,0.02260036299695904,0.325955673623168,0.32631560721106384,0.26817406262970855,0.0410525369661016,0.003036330970080063,0.002933666661505308,0.002943442518576982,0.0055961821695787155,0.001182696971211576,0.0002072020829775316,0.0000022351990689648885,34.1069768339642,0.5792423073380717
0000574,4,5554.479542114677,1.0603238414941156,8.1415071144819,1.450794375727481,3673.693873210246,4.7333467869421995,6.9736624539666465,-2.9518049418328154,0.6934176394065883,-1.1959464275695013,0.08485169049456298,1.0063271555666797,235.53911123084376,0.0027264488808368074,0.2621225848492889,0.4479375252369531,0.22687865371573043,0.02931823394532237,0.0063073912698282854,0.00574365189145153,0.004335573506781655,0.010340564861190027,0.0040291696348382445,0.0002519609782806038,0.000008241229497960704,34.12963495757327,0.359660557127782
0000575,3,6732.651402219539,1.575887026079514,5.909060938239063,2.0687595974959123,6837.849278653863,5.719407690864862,2.1016688030460955,-2.429871409873443,0.18359439812175382,-1.3780629208579747,0.7558496077298562,0.8285002559716631,326.2929757404223,0.01761193032513971,0.17959257274700346,0.40000611525761093,0.3296630886067793,0.04928122879157978,0.0047498143901480334,0.006592227737341223,0.0032406329669177132,0.00889062017723174,0.00029156623318349497,0.000076387863803176,0.0000038149032614977195,32.172620656844636,0.14325167251317159
0000576,3,6922.541179033232,1.8211410114172373,3.112127077061394,2.7347902064948286,6685.442022778592,5.6300606426042386,2.797783020533113,-2.1972990818027487,1.008765096532513,-1.1968629864443474,0.556418322462759,1.022971184744946,390.8749766642344,0.0463332329627394,0.29776934924455517,0.40572859573961934,0.15632811093860785,0.06269056377483573,0.007673644678722631,0.006045430281800176,0.0019418369186577035,0.012847424599887197,0.002072678367814813,0.0005672312083825875,0.0000019012843772436078,33.78217299511404,0.7005849475614354
0000577,5,4527.987997923362,0.7608622189404096,8.891566793587556,0.9028530796342012,8603.666944118948,6.732745537600363,1.705900993197949,-2.8966828486179557,-1.0608415921113459,-1.4240464502192052,0.2642344079939726,0.9994442740019386,219.5217419353948,0.035618459232828525,0.4196988012230848,0.3187426035035213,0.1643369242605156,0.04072692963819408,0.0029616378410888293,0.00813617103589837,0.002629704167111004,0.0035077065844920413,0.003532535257854706,0.00010154324551927452,0.000006984009891535226,35.34165824305159,0.48513305477210344
0000578,3,7009.029695629824,1.4243828943360295,10.468226172790107,2.704172154802258,4198.365385805569,4.838028855191636,1.0601132978540264,-2.497351488903278,1.0514135212678695,-1.4789313960604331,0.7296973895319112,0.9848111739988675,324.4004958735046,0.09367986309867084,0.2926483670471517,0.061807874940481136,0.5192096811183262,0.01899958871531173,0.004361123900419868,0.002329328944451155,0.00036328331342852386,0.0015721500196694894,0.004952844932410347,0.00006841405686086482,0.00000747991281810353,31.856884812432423,0.10128284138561944
0000579,4,5545.5830978699005,1.0854228983864063,9.956159937853254,1.1560456888011297,7641.898248945114,6.18284798893596,1.317065591626866,-2.2998931783576264,-1.0207008811582492,-0.7143061122059435,0.29820225854391413,0.8689987231792713,293.2625841235327,0.04280195944557311,0.3441736221888344,0.0023097773472292183,0.533502533049419,0.020905874847819417,0.00860096679557146,0.019625651130232145,0.000020009534568040093,0.018227725222635636,0.009795406755684398,0.00002320264110706406,0.000013271041326137813,33.53779149336969,0.3223341194516418
0000508,5,3887.838562353682,0.7898366551198734,3.228604979916964,0.4809758725586062,7381.971921745154,6.062884853133455,0.6043560194529742,-2.8892987631774725,-1.294773088687526,-0.7844459040241537,0.5851975294516926,0.8202705968445937,196.10833605997857,0.06183486204695436,0.3307070358071874,0.22325996384785823,0.20446923627036154,0.13689913730047756,0.002234243393612272,0.021755362844621456,0.0011440374730177292,0.009188107738013375,0.0071491822303572,0.0013464415709428094,0.000012389476595879896,32.24812682132493,0.5112488550679978
0000580,4,5522.909763871667,0.9304386888215065,4.8594666708477625,0.7230486834174221,9011.937118334656,6.991857946557902,0.26183870758016226,-3.451287177152723,0.009678036448972138,-0.05008473773679478,0.5545524034443873,0.8477470408965363,251.54191646153885,0.03768498561600118,0.24465495527850023,0.3717875729391547,0.3008772129280595,0.028225671667645644,0.007821617284589383,0.002945624379887708,0.0004014225067020857,0.0051579032664827275,0.0003203017542074603,0.00011705848952234648,0.0000056738892469226435,33.009963922154206,0.3243646818926117
0000581,4,5429.673047528366,0.9136463496049123,7.869364492002447,1.1726996325313523,7860.244159847175,6.286541157626494,4.968712040778719,-2.2074527726011315,-1.195538719411776,-0.4057854521873514,0.48703345714238766,0.8206285932824844,276.72605410977656,0.012752875082452354,0.15355879624364238,0.11598597862036761,0.63856072328707,0.0491013768174413,0.010924581625272083,0.006888969896853222,0.0009496221938895446,0.0037310276517336523,0.007326884753729051,0.0002068903851243072,0.000012273442424518368,30.464783562311023,0.4644953817603088
0000582,4,5322.4593922378135,0.9786774365531725,3.301484815769191,0.7436971620439202,10063.497187768347,7.518566686939382,3.2451577448771634,-2.095601749694382,-0.8998974275134691,-0.04133425416268932,0.29741283046906664,0.8905346716289436,347.74487310806575,0.01823610102102345,0.4147279059177269,0.15794047367507902,0.383064765463644,0.017384269573942894,0.0002822150146431709,0.003361005882427942,0.0010132232744885317,0.0014971675677489876,0.0024391534680497412,0.00005320675016059015,5.12391064769167e-7,34.93867557099255,0.23942960227173
0000583,3,6801.840057434014,1.4874507122775582,5.387101785442473,1.9205958883275591,5272.7830514959305,5.126370671463732,1.0827553347321883,-2.7386672965275514,0.6571410523118044,-0.120807112003952,0.22572640258427434,1.0584176842768145,282.017737416146,0.03302627345798698,0.27100980519094564,0.4385068075636867,0.19595278897353247,0.03912351742729942,0.005285365552456416,0.007771553576130109,0.002474861823461987,0.0037398316787008857,0.0028187857752061574,0.00028095663881093764,0.000009452341782406881,33.53589630049653,0.4381938335929312
0000584,4,5409.979947105402,1.0619945805881041,3.198641529409164,1.339806795787778,4998.163539297805,5.1725066083478355,0.8464101760914693,-3.0582945693905716,-1.357108430350444,-1.4442044239076754,0.4409358833615895,0.8736689460795185,214.7855236201262,0.02293914279551786,0.07371847453840842,0.39539671838549717,0.4550121350704569,0.02711786410400117,0.005489353507700769,0.007796057541127509,0.003156831052583309,0.0077816625866844276,0.0014401460496263488,0.00014324465402623202,0.000008369714369884067,30.630330285376036,0.21441613786857197
0000585,5,4612.991593469719,0.7214977695981666,10.798129468867346,0.7987643934347732,4433.779017291869,4.940837887752906,3.5870316043240678,-2.9275335160957283,0.4817658182081086,-0.7960525130261156,0.9163297474983806,0.879380793504985,239.23063816288322,0.0036290486482102842,0.436434162195614,0.03994523101089593,0.4513821796407223,0.05376279714005613,0.0023827179961118223,0.0071836006485510836,0.00037832108637485577,0.004278378790914149,0.00009729175561389848,0.0005240722386779002,0.0000021988482575785346,34.67310779547471,0.2690846213649369
0000586,4,5635.16121428347,1.2523110704091416,5.446331206032207,1.7531163546176223,4507.026445952055,4.953263677917113,2.597850349385796,-2.285166094944488,-1.268598752325263,-0.05010629070803141,0.35711649812683566,0.9872857145499185,345.8964531414739,0.036392802913628355,0.4505505055582006,0.20570814196991674,0.2561606806451364,0.035861794692502,0.0010964895713425529,0.00856014308980879,0.00032189973736147554,0.0008571072415701114,0.004237874113500157,0.0002437361055697022,0.000008824361463129597,35.25596831623852,0.38626218263492584
0000587,4,5881.638605127015,1.0903191743932057,5.9089104162488075,1.6577373650080394,8010.776618120367,6.2756085617974735,1.9622308654008074,-3.4242074602428,0.8962416968113982,-0.7316334516759717,0.2990388512464107,1.0192760349779015,212.8685798206096,0.06255232319873863,0.44021183013063386,0.07222678272778524,0.36900249869345314,0.028035591137026687,0.013078183498195934,0.005844363004240477,0.0003887995426262321,0.00448966491549283,0.004084249676299152,0.00007268292875196213,0.00001303054675566839,34.71661370856301,0.7278535908222485
0000588,3,6843.261632748921,1.5378668959946153,13.5782605233757,2.103829022656865,7165.1844497803995,5.937346378395421,0.7110994787080427,-2.8226856674236505,-0.7384185734208859,-1.0455406734370396,0.6959040092454958,0.9626954493354758,281.4751191087094,0.0581463403391762,0.22618239387546488,0.15747053566878308,0.5290310840649733,0.00008351155389227472,0.00896842854074674,0.006668124873221506,0.00045297995662801606,0.009509781691805514,0.0034855051547755863,1.8833019752507558e-7,0.000001125950335589833,32.13407894896171,0.138828558515378
0000589,3,6213.232513484244,1.797500671442244,2.8042330074611916,1.911465271219019,6322.87666678844,5.400341848090154,5.047296502910052,-2.079291074601924,-1.2761107140751626,-0.03161249132216559,0.9989410312609619,0.8148964714029715,239.4738075406798,0.01770449516951719,0.45802388459727555,0.2294893689846308,0.25494290443402473,0.005180110563349467,0.009371343643587686,0.009547476542944959,0.0017402481227813864,0.008694457226143195,0.005263705300823461,0.000035533020741370135,0.00000647239418015388,36.456246060902046,0.4457259351020926
0000509,3,6073.622805887901,1.7052815095828646,12.647097713776425,2.230896524212187,4955.896993640583,5.1950794136934375,2.7257336150909293,-2.0566524781439837,-0.5705344733467285,-0.9896428786929932,0.11758819703933576,0.7159236663651345,235.14232948076852,0.040363359169175723,0.15467894723469724,0.2822343967447614,0.4557984825786105,0.03965946510138898,0.009551750306532016,0.006188218965596919,0.00042899112187035716,0.009661503466757877,0.0012407856049832461,0.00018875604205479605,0.000005343663571232428,31.230556856598724,0.6246965251483032
0000590,5,4402.703581384513,0.7061649989631802,12.339117394782015,0.49528456820076633,9283.976473380084,7.143597435436793,2.8240975627839213,-2.7208936381038358,-0.011474289456121056,-1.1196379039109114,0.0035451879755179494,0.8046405256713078,204.48138334389577,0.030891436918660427,0.23789362207142803,0.021095375265813496,0.6674144981656189,0.013064770336939981,0.008349277414401914,0.010233876438393677,0.00014752016649045564,0.005580351806190979,0.005234609430429168,0.00008633736967743994,0.000008324615955351254,31.71812977137821,0.14197439188531646
0000591,5,4922.1960298690565,0.6633142484289091,5.530170000369505,0.3766999649784618,7831.137253632352,6.363019420314922,1.1340409653877295,-2.5380223240050173,0.07873387389946185,-0.9769566063247255,0.3013078265154241,0.7399496856587757,245.29137238314289,0.016440262079670025,0.0015615729193300442,0.37438778041341686,0.5272972192228137,0.05075138848313005,0.002157673515851025,0.011051060831256287,0.0032938233724263857,0.01183201622275563,0.0008869811050214671,0.00033690807364025835,0.0000033137606882392907,29.275802485106773,0.6925917974828049
0000592,4,5788.355750852303,1.243573343748543,6.340625798946624,1.5278469262827343,5299.354436002025,5.177643119666419,0.891420031894245,-3.080931571412255,1.0517861578043615,-1.2146201424952578,0.6716766760459983,1.0340875832030698,259.7929056687997,0.06413118389731681,0.40298085491122965,0.23131688636740433,0.17179175986553324,0.084042570108705,0.0018073839691857775,0.01577587211812442,0.0018189137244607736,0.01777530821717043,0.008149427038863425,0.00039852792485462884,0.000011311857151512925,34.35129955405022,0.2022481792633683
0000593,5,5015.91357310654,0.7976182016774996,12.873757794334086,1.0974179581435397,7767.167285027484,6.2666236221702505,9.501324456236139,-2.1544930252795234,-1.389567182911671,-0.18981431559002204,0.9650825775738646,0.9014484294347206,210.44419435822113,0.08848810883075671,0.20979206393762928,0.5472431635041324,0.06236037734338582,0.05637131006429284,0.004031066159857409,0.009679627789043372,0.0021887305837212045,0.012900044218877806,0.006686033615482767,0.0002391412842045344,0.000020332668615885952,32.49134662924891,0.29713901926502917
0000594,4,5603.18046858834,1.1561187555012482,11.262197935446123,0.8609459649116511,8557.298223186473,6.545138112430284,1.6628006735441274,-2.602597663494268,0.0986554061794016,-0.8558553630059105,0.267184795206722,0.8988245861509664,293.92426842370617,0.03988605666524311,0.23389712485205635,0.2587575999078356,0.39335877019399984,0.041275186502586915,0.016008479057985803,0.004271756153854467,0.002269915505610814,0.006138372565137553,0.003905110713810625,0.00022011037612595295,0.000011517505752933235,32.37356813416719,0.40380398177723476
0000595,4,5450.180476678058,0.9782119295412425,13.273945953084153,0.9644718064227571,6981.535204806507,5.924253431133015,2.244007561339612,-3.191338639121039,-0.4053934467454867,-0.8968141181072771,0.6880720522745458,0.8906444661029803,251.94973092588413,0.048506935349156934,0.36155177783436016,0.13624167689593855,0.38555827865828485,0.0527893103084472,0.009049091809567042,0.000013629525720828044,0.0005887558318859712,0.0032827510206161026,0.0019138261124176659,0.000503295434142025,6.712194627692161e-7,33.47718930119118,0.17355747782209566
0000596,3,6527.398671986171,1.5302796612753755,3.6357096055279685,3.2043043531538498,9937.189438430563,7.4744001347395965,2.279785223492772,-3.344778951413995,-0.08603598171374816,-0.5219237994781817,0.14217521197096772,0.9813037695591773,209.29097719323968,0.060430972486671924,0.5945460711662208,0.21725968193470396,0.08388107014700141,0.015683317481744598,0.015077496629968924,0.004365694334811084,0.0009997490746281726,0.0017011375460100698,0.005979215837884233,0.00006480944491600047,0.000010783915438957308,37.85532368772408,0.5120402798093119
0000597,4,5690.85657201099,1.0076000511230614,4.770848975715478,1.7267639589029709,5983.952809600794,5.388410226521045,3.0481395769966455,-3.3354620483281585,-0.7066863258506153,-0.1338789112603096,0.391699116011998,0.9683140439030661,216.92643374704969,0.07179124654498281,0.2294005061216837,0.358120531753191,0.24677212682023286,0.05649025181101983,0.01270605599669747,0.005971051350450226,0.0016441901248228205,0.010182110137604242,0.0067094517952164985,0.0002105290858477784,0.000001948458250832846,32.24608164108495,0.5354006589259814
0000598,3,6536.942774897353,1.8854396729563812,6.2691318760589505,2.2033670873315283,8144.30078268523,6.5268018808123,6.8662349869424055,-3.270052014083118,1.026269911492256,-0.1894286384830599,0.5600285198453102,0.8562182948427723,244.02761129133833,0.0031792147947473817,0.3998886379316218,0.15063042896066386,0.41037774916052083,0.017750105376648135,0.002244546250968465,0.007035916689557729,0.0005519505970706055,0.004930528467624017,0.0033988984993109646,0.000004017080288256395,0.000008006190977829475,34.95376707039807,0.3439138572789239
0000599,3,7046.1948156459775,1.4116445979156613,13.922725618054207,3.329422150289444,9467.76117445365,7.096256730565068,2.68532377655176,-2.8483159665820224,-1.2797742778948586,-0.2937254998300476,0.2271491339778242,0.9062241512894378,230.80484797714695,0.04968051184171537,0.5747663896069416,0.18488996804219873,0.11108014367243128,0.046349408947242134,0.01423373772728719,0.004085196568525607,0.0006519674053726167,0.009112405247711711,0.004708434181509209,0.00042230505607113633,0.00001953170299341884,37.4111003275895,0.21758227765711186
